Number,Year,Entry,Journal,Volume/Issue,Pages,Extracted_Journal,Extracted_Volume,Extracted_Issue,Extracted_PageStart,Extracted_PageEnd
1,1940,"What is it? - beechnut burs. New Eng .and Naturalist, No. 7: 31.","What is it? - beechnut burs. New Eng .and Naturalist, No",7,31,,,,,
2,1940,"What is it? - cocoons of the oriental moth (Cnidocampa flavescens).  New England Naturalist, No. 8: 31.","What is it? - cocoons of the oriental moth (Cnidocampa flavescens).  New England Naturalist, No",8,31,,,,,
3,1943,"Dipterous larvae parasitic on nestlin :s of the song sparrow. Canadian Field-Naturalist, 57 (7 and 8 I : 146.",,,,,,,,
4,1946,"Leaf-rollers of the genus Cacoecia (T 1rtricidae) on Trillium. Canadian Field-Naturalist, 60 (6): 116.",,,,Canadian Field-Naturalist,60,6,116,
5,1947,"The proventriculus of Staphylinus bad .pes Lee. (Coleoptera: Staphylinidae). Canadian Journal of Research (D), 25  119 - 121.",,,,Canadian Journal of Research (D),25,,119,121
6,1947,"The proventriculus of a ground beetle Chlaenius sp. (Colemptera  Carabidae). Canadian Entomologist, 7' (3): 58 - 60.",,,,,,,,
7,1947,"The proventricular region of Machilis variabilis Say (Thysanura  Machilidae). Canadian Journal of Res ,arch (D), 25: 135 - 138.","The proventricular region of Machilis variabilis Say (Thysanura  Machilidae). Canadian Journal of Res ,arch (D)",25,135,,,,,
8,1947,"The proventriculus of Macrobasis unic •lor Kirby (Coleoptera: Meloidae). Am1als of the Entomological Society o • America, 40 (3): 518 - 521.",,,,Am1als of the Entomological Society o • America,40,3,518,521
9,1947,"The proventriculus of the larva of th caddis-fly, Macronema zebratum  Hagen (Trichoptera: Hydropsychidae). Canadian Journal of Research (D),  25: 87 - 90.","The proventriculus of the larva of th caddis-fly, Macronema zebratum  Hagen (Trichoptera: Hydropsychidae). Canadian Journal of Research (D)",25,87,Canadian Journal of Research (D),25,,87,90
10,1947,"Letter to the Editor (Bonaparte gulls on Dundas Marsh). Bulletin of  the Hamilton Nature Club, September 2 ,1947: 6.",,,,,,,,
11,1947,"Acentropus niveus Olivier (Lepidopter..: Pyralidae) at Hamilton, Ontario.  Canadian Entomologist, 79 (6): 119.",,,,Canadian Entomologist,79,6,119,
12,1947,"The European praying mantis (Mantis.;:: ligiosa L.) at Hamilton, Ontario.  Canadian Field-Naturalist, 61 (6): l' 7.",,,,,,,,
13,1948,"A comparative study of the proventric1 lus of orthopteroid insects with  reference to its use in taxonomy. Cru adian Journal of Research{D),  26: 93 - 161.",A comparative study of the proventric1 lus of orthopteroid insects with  reference to its use in taxonomy. Cru adian Journal of Research{D),26,93,Cru adian Journal of Research{D),26,,93,161
14,1948,"Notes on a trip to Sable Island, N.S. Canadian Field-Naturalist, 62 (1)  33.",,,,Canadian Field-Naturalist,62,1,33,
15,1948,"Hawk flight. Wood Duck (Hamilton Nati re Club), 2(3): 4 - 5.",Hawk flight. Wood Duck (Hamilton Nati re Club),2(3),4,Wood Duck (Hamilton Nati re Club),2,3,4,5
16,1948,"Powtier-post beetles in imported bamboc. Journal of Economic Entomology,.  41 (1): 113. 2",,,,,,,,
17,1948,"The proventriculus of Cicindela sexg ttata Fabricius (Coleóptera :  Cicindelidae). Canadian Journal of 1 esearch (D), 26 : 1 - 3.",The proventriculus of Cicindela sexg ttata Fabricius (Coleóptera :  Cicindelidae). Canadian Journal of 1 esearch (D),26,1,Canadian Journal of 1 esearch (D),26,,1,3
18,1949,"The proventricular region of Tetraopt s tetraophthalmus Forst. (Coleóptera :  Cerambycidae). Canadian Journal of I esearch (D), 27 : 195 — 199.",The proventricular region of Tetraopt s tetraophthalmus Forst. (Coleóptera :  Cerambycidae). Canadian Journal of I esearch (D),27,195,Canadian Journal of I esearch (D),27,,195,
19,1949,"Insects collected in the Dundas Marsh, Hamilton, Ontario, 1946-47, with  observations on their periods of emer gence. Canadian Entomologist, 81 (1)  1 - 10.",,,,Canadian Entomologist,81,1,1,10
20,1949,"Insects collected in the Dundas Marsh , Hamilton, Ontario, 1947—48.  Journal of the New York Entomological Society, 57 (4) : 225 - 231.",,,,Journal of the New York Entomological Society,57,4,225,231
21,1949,"The red-legged ham beetle on imported copra. Canadian Entomologist,  81 (2) : 52.",,,,Canadian Entomologist,81,2,52,
22,1949,"Tetrastichus minutus (Howard) (Hymenc itera : Eulophidae) reared from  the lady-beetle, Adalia bipunctata. Proceedings of the Nova Scotian  Institute of Science, 22 (2) : 64 - 67.",,,,Proceedings of the Nova Scotian  Institute of Science,22,2,64,67
23,1949,"Emergence of the lacewing Chrysopa ha 'risii Fitch (Neuroptera) and three  hymenopterous parasites from the coco n. Annals of the Entomological  Society of America, 42 (4) : 461 - 46 lo",,,,Annals of the Entomological  Society of America,42,4,461,46
24,1949,"Titles of papers relating to the natu ‘al history of Hamilton.  Wood Duck (Hamilton Nature Club), 3 (0 : 1 - 3.",,,,,,,,
25,1949,"The European praying mantis at Hamilt »n. Wood Duck (Hamilton Nature  Club), 3 (1) : 1 - 2.",,,,Wood Duck (Hamilton Nature  Club),3,1,1,2
26,1951,"Hymenoptera and an inquiline moth rea ed from the goldenrod gall caused  by Gnorimoschema gallaesolidaginis Ri .ey (Lepidoptera).  Proceedings of the Nova Scotian Insti ute of Science ( for 1949-1950),  22 (4) : 1 - 7.",,,,Proceedings of the Nova Scotian Insti ute of Science ( for 1949-1950),22,4,1,7
27,1950,"Mosquitoes collected in the vicinity . f Hamilton, Ontario during the  summer of 1948. Mosquito News, 10 (2 : 57 - 59.",,,,,,,,
28,1950,"Aggregations of the snow-fles, Achoru es socialis Uzel (Collembola),  recurring over three years. Canadian Entomologist, 82 (4) : 84 - 85.",,,,Canadian Entomologist,82,4,84,85
29,1950,"Additions to the list of titles of paj ers relating to the natural  history of Hamilton. Wood Duck (Hami ton Nature Club), 3(8) : 4 - 6.",Additions to the list of titles of paj ers relating to the natural  history of Hamilton. Wood Duck (Hami ton Nature Club),3(8),4,Wood Duck (Hami ton Nature Club),3,8,4,6
30,1950,"Mammal hostrecords of Acarina and Ins cta from the vicinity of Hamilton,  Ontario. Journal of Mammalogy, 31 (3 : 357 - 358.",,,,,,,,
31,1950,"Plants collected in the Dundas Marsh, Hamilton, Ontario,1946.  Canadian Field-Naturalist, 64 (4) : 1; 7 - 130.",,,,Canadian Field-Naturalist,64,4,1,
32,1950,"Further records of the occurrence of 1 he European praying mantis (Mantis  religiosa L.) in southern Ontario. Er homological News, 61 (7) : 205 - 207.",,,,Er homological News,61,7,205,207
33,1950,"Pectinatella magnifica Leidy (Bryozoa in the Dundas Marsh, Hamilton,  Ontario. Canadian Field-Naturalist, €4 (6) : 191 - 192.",,,,,,,,
34,1950,"Acentropus niveus (Oliv.) (Lepidoptera : Pyralidae) on the north shore of  Lake Erie with a consideration of its distribution in North America.  Canadian Entomologist, 82 (12) : 250 - 252. 3",,,,Canadian Entomologist,82,12,250,252
35,1950,"Nymphal mites of the genus Uropoda a tached to a cerambycid beetle.  Annals of the Entomological Society f America, 43(4) : 608 - 609.",Nymphal mites of the genus Uropoda a tached to a cerambycid beetle.  Annals of the Entomological Society f America,43(4),608,Annals of the Entomological Society f America,43,4,608,609
36,1950,"An assemblage of monarch butterflies (Danaus plexippus L.) on the north  shore of Lake Erie. Journal of the .ew York Entomological Society,  58 (3) : 169 - 171.",,,,ew York Entomological Society,58,3,169,171
37,1950,"Birds observed in the Yukon Territor during the summer of 1949.  Canadian Field-Naturalist, 64 (4) : 35 - 139.",,,,Canadian Field-Naturalist,64,4,35,139
38,1950,"Mammals observed in the Yukon Territ ry, Canada, in the summer off 1949.  Journal of Mammalogy, 31(3) : 360 - : 61.","Mammals observed in the Yukon Territ ry, Canada, in the summer off 1949.  Journal of Mammalogy",31(3),360,Journal of Mammalogy,31,3,360,
39,1951,"Correction of a reference to Mantis : eligiosa L.  Entomological News, 62(3) : 102.",Correction of a reference to Mantis : eligiosa L.  Entomological News,62(3),102,Entomological News,62,3,102,
40,1951,"The proventriculus of some locusts o: the family Eumastacidae (Orthoptera)  with reference to its use in taxonomy . Canadian Journal of Zoology,  29(3) : 219 - 223.",The proventriculus of some locusts o: the family Eumastacidae (Orthoptera)  with reference to its use in taxonomy . Canadian Journal of Zoology,29(3),219,Canadian Journal of Zoology,29,3,219,223
41,1951,"White-throated sparrow at Goose Bay, Labrador. Canadian Field-Naturalist,  65 (2) : 80.",,,,Canadian Field-Naturalist,65,2,80,
42,1951,"Bird lice (Mallophaga) from a Florida gallinule and a Baird’s sandpiper.  Canadian Field-Naturalist, 65(3) : 12 ).",Bird lice (Mallophaga) from a Florida gallinule and a Baird’s sandpiper.  Canadian Field-Naturalist,65(3),12,Canadian Field-Naturalist,65,3,12,
43,1951,"The European pine shoot moth, Rhyacic da buoliana Schiff, on Austrian  pine at Hamilton, Ontario. Journal c C the New York Entomological  Society, 59(4) : 241 - 243.","The European pine shoot moth, Rhyacic da buoliana Schiff, on Austrian  pine at Hamilton, Ontario. Journal c C the New York Entomological  Society",59(4),241,Journal c C the New York Entomological  Society,59,4,241,243
44,1951,"Lynchia americana (Leach) (Diptera : lippoboscidae) from a great horned  owl at St.Thomas, Ontario, Canadian Field-Naturalist, 65(5) : 187*","Lynchia americana (Leach) (Diptera : lippoboscidae) from a great horned  owl at St.Thomas, Ontario, Canadian Field-Naturalist",65(5),187,,,,,
45,1951,"The snapping turtle (Chelydra serpent na L.) in the Dundas Marsh,Hamilton,  Ontario. Canadian Field-Naturalist, >5 (1) : 37 - 39. 46,  1951 Black terns nesting in the Dundas Mar sh. Wood Duck (Hamilton Nature Club),  5(4) : 5.","The snapping turtle (Chelydra serpent na L.) in the Dundas Marsh,Hamilton,  Ontario. Canadian Field-Naturalist, >5 (1) : 37 - 39. 46,  1951 Black terns nesting in the Dundas Mar sh. Wood Duck (Hamilton Nature Club)",5(4),5,Wood Duck (Hamilton Nature Club),5,4,5,
47,1951,"Some birds seen at Goose Bay, Labrado *. The Cardinal,3 : 21 - 23.","Some birds seen at Goose Bay, Labrado *. The Cardinal",3,21,The Cardinal,3,,21,23
48,1952,"Cacoecia melaleucana Walker (Lepidopt ra : Tortricidae) and its hymeno­ pterous parasites reared from Trilliu . grandiflorum Michx. Salisb.  Transactions of the American Microsco ical Society, 71(2) : 125 - 128.",Cacoecia melaleucana Walker (Lepidopt ra : Tortricidae) and its hymeno­ pterous parasites reared from Trilliu . grandiflorum Michx. Salisb.  Transactions of the American Microsco ical Society,71(2),125,Transactions of the American Microsco ical Society,71,2,125,128
49,1952,"Nabis ferus L. (Hemiptera : Nabidae) iting a human.  Entomological News, 63(5) : 130.",Nabis ferus L. (Hemiptera : Nabidae) iting a human.  Entomological News,63(5),130,Entomological News,63,5,130,
50,1952,"The proventriculus of the diamond bee le, Entimus nobilis Oliv.,  (Coleóptera  : Curculionidae). Canadi n Entomologist, 84(6) : 181 - 184.","The proventriculus of the diamond bee le, Entimus nobilis Oliv.,  (Coleóptera  : Curculionidae). Canadi n Entomologist",84(6),181,Canadi n Entomologist,84,6,181,184
51,1952,"A burrowing wasp stocking its nest wi h a grasshopper. The Cardinal,  4:2 - 4.",A burrowing wasp stocking its nest wi h a grasshopper. The Cardinal,4,2,The Cardinal,4,,2,4
52,1952,"Mr. John Alston Moffat and his work ir entomology while resident in  London. The Cardinal, 5 : 3 - 8. 4",Mr. John Alston Moffat and his work ir entomology while resident in  London. The Cardinal,5,3,The Cardinal,5,,3,8
53,1952,"Some records of birds nesting in the Winnett Swamp at London.  The Cardinal, 6 : 12 - 15.  .",Some records of birds nesting in the Winnett Swamp at London.  The Cardinal,6,12,The Cardinal,6,,12,15
54,1952,"House centipede (Scutigera forceps ( Raf.)) biting a human.  Entomological News, 6309)- 238.",,,,,,,,
55,1954,"The white-veined dagger, Simyra henr ici (Lepidoptera : Phalaenidae) and  its parasites reared from cat-tail, ‘ypha spp. Proceedings of the  Nova Scotian Institute of Science (f r 1951-1952), 23(2) : 115 - 119.","The white-veined dagger, Simyra henr ici (Lepidoptera : Phalaenidae) and  its parasites reared from cat-tail, ‘ypha spp. Proceedings of the  Nova Scotian Institute of Science (f r 1951-1952)",23(2),115,Proceedings of the  Nova Scotian Institute of Science (f r 1951-1952),23,2,115,119
56,1953,"An assemblage of dragonflies at Rond au Park in September,  Wood Duck (Hamilton Nature Club), 6(5) : 4 - 6.","An assemblage of dragonflies at Rond au Park in September,  Wood Duck (Hamilton Nature Club)",6(5),4,,,,,
57,1953,"Mammal host records of Acarina and I isecta from the vicinity of London,  Ontario. Journal of Mammalogy,34(l) : 137 - 139.",,,,Journal of Mammalogy,34,l,137,139
58,1953,"A partially albino robin nesting in ondon. The Cardinal, 8  : 2.",A partially albino robin nesting in ondon. The Cardinal,8,2,The Cardinal,8,,2,
59,1953,"A caterpillar (Lepidoptera : Phalaen dae) from the digestive tract of  a human. Journal of Parasitology, 3 (3) : 250 - 251.",,,,Journal of Parasitology,3,3,250,251
60,1953,"Mr. William Yates of Habchley, Ontar o and his work in natural history.  The Cardinal, 9 : 5 - 10.","Mr. William Yates of Habchley, Ontar o and his work in natural history.  The Cardinal",9,5,The Cardinal,9,,5,10
61,1953,"A colony of the land snail Cepaea nei oralis (L.) (Helicidae) in the vicinity  of London, Ontario. Canadian Field-1 aturalist, 67(2) : 87 - 89.","A colony of the land snail Cepaea nei oralis (L.) (Helicidae) in the vicinity  of London, Ontario. Canadian Field-1 aturalist",67(2),87,Canadian Field-1 aturalist,67,2,87,89
62,1953,"Iris Pseudacorus L. established in tl e vicinity of London, Ontario.  Rhodora, 55(655) : 244.","Iris Pseudacorus L. established in tl e vicinity of London, Ontario.  Rhodora",55(655),244,Rhodora,55,655,244,
63,1952,Diptera and Hymenoptera reared from I ine cone willow galls caused by  Rhabdophaga strobiloides (Diptera : : tonididae). 83rd. Annual Report  of the Entomological Society of Ontai io (1952) : 34 - 42.,,,,,,,,
64,1953,"Insects reared from goldenrod galls caused by Eurosta solidaginis Fitch  (Diptera : Trypetidae) in southern Oi tario. Canadian Entomologist,  85(8) : 294 - 296.",Insects reared from goldenrod galls caused by Eurosta solidaginis Fitch  (Diptera : Trypetidae) in southern Oi tario. Canadian Entomologist,85(8),294,Canadian Entomologist,85,8,294,296
65,1953,"A study of the population of insects emerging as adults from the Dundas  Marsh, Hamilton, Ontario during 1948, American Midland Naturalist,  49 (3) : 801 - 824.",,,,,,,,
66,1953,"Larval mites of the genus Eutrombidii n attached to a Carolina locust.  Psyche, 60(3) : 124 - 125.  “",Larval mites of the genus Eutrombidii n attached to a Carolina locust.  Psyche,60(3),124,Psyche,60,3,124,125
67,1953,"Some records of birds nesting on the west bank of the Thames River in  London. The Cardinal,10 : 21 - 23.",Some records of birds nesting on the west bank of the Thames River in  London. The Cardinal,10,21,The Cardinal,10,,21,23
68,1953,"A collection of feather lice (Malloph iga) from birds in Ontario.  Transactions of the American Microsco )ical Society,72(4) : 349 - 350.",A collection of feather lice (Malloph iga) from birds in Ontario.  Transactions of the American Microsco )ical Society,72(4),349,Transactions of the American Microsco )ical Society,72,4,349,350
69,1953,"The European praying mantis, Mantis r ligiosa L., at London,Ontario.  Canadian Field-Naturalist, 67(4) : 18 2. 5","The European praying mantis, Mantis r ligiosa L., at London,Ontario.  Canadian Field-Naturalist",67(4),18,Canadian Field-Naturalist,67,4,18,
70,1954,"Observations on the food of the litt .e brown snake, Storeria dekayi  (Holbrook), at London, Ontario. Cop ia (1954) (1) : 62 - 64.",,,,,,,,
71,1954,"Blue-tailed skinks from Rondeau Park Wood Duck (Hamilton Nature Club),  7(5) : 5 - 7.",Blue-tailed skinks from Rondeau Park Wood Duck (Hamilton Nature Club),7(5),5,,,,,
72,1954,"Some salamanders collected in the vi inity of London. The Cardinal,  12 : 7 - 8.",Some salamanders collected in the vi inity of London. The Cardinal,12,7,The Cardinal,12,,7,8
73,1954,"Dicymolomia julianalis Walker (Lepid ptera : pyralidae) and its hymeno­ pterous parasite. Cremastus gracilips Cushman, reared from Typha  latifolia at London, Ontario. Entom logical News, 65 (3) : 73 - 75.",,,,Entom logical News,65,3,73,75
74,1954,"Results of a survey of mosquitoes coi ducted at London, Ontario in 1952  with observations on the biology of ihe species. Canadian Entomologist,  86(3) : 101 - 108.","Results of a survey of mosquitoes coi ducted at London, Ontario in 1952  with observations on the biology of ihe species. Canadian Entomologist",86(3),101,Canadian Entomologist,86,3,101,108
75,1954,"Prairie deer mice suspended in hawtho rn trees by shrikes (?) in the vicinity  of London, Ontario. Bulletin of the Federation of Ontario Naturalists,  65 : 27 - 28.","Prairie deer mice suspended in hawtho rn trees by shrikes (?) in the vicinity  of London, Ontario. Bulletin of the Federation of Ontario Naturalists",65,27,Bulletin of the Federation of Ontario Naturalists,65,,27,28
76,1954,"Some records of birds nesting in nort -east London. The Cardinal, 14 : 2 - 3",Some records of birds nesting in nort -east London. The Cardinal,14,2,The Cardinal,14,,2,3
77,1954,"Some records of ectoparasitic Acarina and Insecta from mammals in  Ontario. Journal of Parasitology, 40 (4) : 483 - 484.",,,,Journal of Parasitology,40,4,483,484
78,1953,Histology of the syes and their conne tion with the brain in the damsel­ fly. Lestes rectangularis Say (Odonat a : Lestidae). 84th. Annual Report  of the Entomological Society of Ontar Lo (1953) : 86 - 91.,,,,,,,,
79,1954,"Observations on the duration of the p pal stage of ten species of mosquitoes  reared at London, Ontario. Canadian Entomologist, 86(10) : 464 - 465.","Observations on the duration of the p pal stage of ten species of mosquitoes  reared at London, Ontario. Canadian Entomologist",86(10),464,Canadian Entomologist,86,10,464,465
80,1954,"Four species of leaf-tying moths and heir dipterous and hymenopterous  parasites reared from mayapple, Podop yllum peltatum L. Transactions of the American Microsco ical Society, 73(4) : 401 - 404.","Four species of leaf-tying moths and heir dipterous and hymenopterous  parasites reared from mayapple, Podop yllum peltatum L. Transactions of the American Microsco ical Society",73(4),401,Transactions of the American Microsco ical Society,73,4,401,404
81,1954,"Euura salicis-nodus (Dalla Torre) (Hy enoptera : Tenthredinidae) and its  hymenopterous parasites reared from s indle-galls of willow. Canadian Entomologist, 86(12) : 542- 46.",Euura salicis-nodus (Dalla Torre) (Hy enoptera : Tenthredinidae) and its  hymenopterous parasites reared from s indle-galls of willow. Canadian Entomologist,86(12),-542,Canadian Entomologist,86,12,542,46
82,1955,"Ichneumonid and braconid wasps collec Led from flowering heads of cat-tail,  Typha latifolia L. Entomological New:, 66(1) : 22 - 23.","Ichneumonid and braconid wasps collec Led from flowering heads of cat-tail,  Typha latifolia L. Entomological New:",66(1),22,Entomological New:,66,1,22,23
83,1955,"Birds, bugs and ‘possums in northern aryland. The Cardinal,15 : 2 - 5.","Birds, bugs and ‘possums in northern aryland. The Cardinal",15,2,The Cardinal,15,,2,5
84,1955,"Systellogaster ovivora Gahan (Hymenop era : Pteromalidae) reared from  egg capsules of the wood-roach, Parco1 latta pennsylvanica (DeGeer),  collected at Rondeau Park, Ontario. । anadian Entomologist, 87(2) :  98 - 99. 6 85. 86. 87. 88. 89. 90. 91. 92. 93. 94. 95. 96. 97. 98.","Systellogaster ovivora Gahan (Hymenop era : Pteromalidae) reared from  egg capsules of the wood-roach, Parco1 latta pennsylvanica (DeGeer),  collected at Rondeau Park, Ontario. । anadian Entomologist",87(2),98,। anadian Entomologist,87,2,98,99
99,1954,"Insects collected from birds’ nests ab London, Ontario.  Canadian Field-Naturalist, 68(3) : 122 - 123. 1954 A warble fly, Cuterebra sp., reared irom a house mouse, Mus mus culus,  in the vicinity of London, Ontario. Canadian Field-Naturalist, 68 (3) :","Insects collected from birds’ nests ab London, Ontario.  Canadian Field-Naturalist",68(3),122,Canadian Field-Naturalist,68,3,122,123
140,1955,"Crayfish chimneys and burrows at Lone >n, Ontario. Bulletin of the  Federation of Ontario Naturalists, 68 : 30 - 31. 1955 Observations on the blue-tailed skink (Eumeces fasciatus).captured in  Rondeau Park, Ontario and kept in cap ivity over winter. Copeia (1955),  (2) : 135 - 136. 1955 Gray squirrels ,Sciurus carolinensis melin, feeding upon samaras of elm.  Journal of Mammalogy, 36(2) : 296. 1955 Phytophaga tumidosae (Felt) (Diptera : Itonididae) and its hymenopterous  parasites reared from the scarred gal L of willow, Canadian Entomologist,  87 (6) : 241 - 245. 1955 A collection of fleas from the vicini y of Fort Simpson, Northwest Terr­ itories, Canada. Journal of Parasite Logy, 41(4) : 441 - 442. 1955 Hyponomeuta multipunctella Clemens (I pidoptera : Hyponomeutidae) and  its dipterous and hymenopterous paras tes. Transactions of the American  Microscopical Society, 74(3) : 265 - 267. 1955 Ichneumon flies laying eggs in an elm stub. Bulletin of the Federation  of Ontario Naturalists, 69 : 20,25. 1955 Report on a manuscript found in a bas wood stump. The Cardinal,17 : 2 - 8.  ( also, 1957, The Heron (Kitchener-Wat rloo Field Naturalists) (1957) :  2 - 8. ) 1954 Anatomy and histology of the digestive tract of the larva of the sawfly  Pteronidea ventralis Say (Hymenoptera : Tenthredinidae). 85th. Annual Report of the Entomologi al Society of Ontario (1954):  32 - 39. 1955 Mites (Anoetidae), fungi (Empusa spp. and pollinia of milkweed (Asclepias  syriaca) transported by calyptrate fl es. Canadian Entomologist, 87 (8) :  366 - 369. 1955 Grasshoppers (Acrididae) and caterpil ars (Arctiidae) impaled on thorns by  shrikes in the vicinity of London, On ario. Entomological News, 66(9): 225 - 229. 1955 Some records of birds nesting in Lond n and vicinity. The Cardinal, 18 :  6 - 8. 1955 Ricker,W.E. and W.W.Judd A collectio . of stoneflies (Plecoptera) from  the Northwest Territories, Canada. E tomological News, 66(10) : 255 - 256. 7","Crayfish chimneys and burrows at Lone >n, Ontario. Bulletin of the  Federation of Ontario Naturalists",68,30,Bulletin of the  Federation of Ontario Naturalists,68,,30,31
100,1955,"A baker’s dozen butterflies in a br ckyard. The Cardinal, 19 : 4 - 7.",A baker’s dozen butterflies in a br ckyard. The Cardinal,19,4,The Cardinal,19,,4,7
101,1956,"An assemblage of land snails on the snow in January. Wood Duck (Hamilton  Nature Club), 9(7) : 2 - 3.",An assemblage of land snails on the snow in January. Wood Duck (Hamilton  Nature Club),9(7),2,Wood Duck (Hamilton  Nature Club),9,7,2,3
102,1956,"A resume of the organization of the McIlwraith Ornithological Club derived  from the minutes of its meetings. ' he Cardinal, 20 : 4 - 10.",A resume of the organization of the McIlwraith Ornithological Club derived  from the minutes of its meetings. ' he Cardinal,20,4,' he Cardinal,20,,4,10
103,1956,"A dog tick, Dermacentor variabilis Say) on a human in southwestern  Ontario. Entomological News, 67 (3 : 68.",,,,,,,,
104,1956,"Dermatitis of humans caused by the : owl mite, Der manyssus gallinae (Deg.),  at London, Ontario. Canadian Entom logist, 88 (3) : 109.",,,,Canadian Entom logist,88,3,109,
105,1956,"Intestinal myiasis of a human causee by maggots of the flesh-fly,  Sarcophaga haemorrhoidalis (Fln.) (1 iptera : Sarcophagidae), in south­ western Ontario. Canadian Entomolog 1st, 88 (3) : 117 - 118.",,,,Canadian Entomolog 1st,88,3,117,118
106,1955,"A dark specimen of the giant slug, 1 imax maximus L., collected at  London, Ontario, Canadian Field-Na! rualist, 69 (3) : 130 - 131.",,,,,,,,
107,1956,"Insects and our climate. Bulletin c C the Federation of Ontario Naturalists,  72 : 16 - 18, 73 : 9.",Insects and our climate. Bulletin c C the Federation of Ontario Naturalists,72,16,Bulletin c C the Federation of Ontario Naturalists,72,,16,18
108,1956,"A carpet beetle larva (Coleóptera : ermestidae) from the digestive tract  of a woman. Journal of Parasitology, 42 (2) : 172.",,,,Journal of Parasitology,42,2,172,
109,1956,"Red-headed woodpeckers (Melanerpes € ythrocephalus) feeding on Carolina  locusts. The Auk, 73 (2) : 285 - 28 >.",,,,The Auk,73,2,285,28
110,1956,"Historical items concerning the McIl raith Ornithological Club gleaned  from the Annual Reports of the Entom logical Society of Ontario. The Cardinal, 21 : 2 - 5.",Historical items concerning the McIl raith Ornithological Club gleaned  from the Annual Reports of the Entom logical Society of Ontario. The Cardinal,21,2,The Cardinal,21,,2,5
111,1955,"Insects of the Carolinian zone of On ario. Annual Report of the  Entomological Society of Ontario, 86 : 24 - 29.",Insects of the Carolinian zone of On ario. Annual Report of the  Entomological Society of Ontario,86,24,Annual Report of the  Entomological Society of Ontario,86,,24,29
112,1956,"A six-tiered nest of the yellow warb .er containing cowbird eggs at London,  Ontario. Bulletin of the Federation of Ontario Naturalists, 73 : 7 - 8.","A six-tiered nest of the yellow warb .er containing cowbird eggs at London,  Ontario. Bulletin of the Federation of Ontario Naturalists",73,7,Bulletin of the Federation of Ontario Naturalists,73,,7,8
113,1956,"Some records of birds nesting in the vicinity of London in 1956.  The Cardinal, 22 : 4 - 6.",Some records of birds nesting in the vicinity of London in 1956.  The Cardinal,22,4,The Cardinal,22,,4,6
114,1956,"Our garden "" eastward in Eden ”, Th G.A.Clarion ( Anglican Church of  Canada ), 10 (4) : 3,8.",,,,Clarion ( Anglican Church of  Canada ),10,4,3,
115,1956,"Results of a survey of calyptrate fl. es of medical importance conducted  at London, Ontario during 1953. Ame: ican Midland Naturalist,56 (2) :  388 - 405.",,,,Ame: ican Midland Naturalist,56,2,388,405
116,1955,"Observations on a second colony of tl e land snail Cepaea nemoralis (L.)  at London, Ontario with a considerat: on of the banding patterns in the  two colonies. Canadian Field-Natura' ist, 69(4) : 148 - 150. 8 117. 118. 119. 120. 121. 122. 123. 124. 125. 126. 127. 128. 129. 130. 131. 132. 133.","Observations on a second colony of tl e land snail Cepaea nemoralis (L.)  at London, Ontario with a considerat: on of the banding patterns in the  two colonies. Canadian Field-Natura' ist",69(4),148,Canadian Field-Natura' ist,69,4,148,150
134,1955,"Observations on the habitat and food of the queen snake, Natrix septem-  vittata, at London, Ontario. Canadi an Field-Naturalist, 69(4) : 167 - 168. 1957 Diptera (Calliphoridae, Heleidae and Chloropidae) collected from birds’  nests at London, Ontario. Entomolog ical News, 68 (2) : 32 - 34. 1957 Insects reared and collected from th e pond snail, Lymnaea palustris Mull.,  at London, Ontario. Entomological M ews, 68 (3) : 69 - 72. 1957 Phytophaga rigidae (O.S.) (Diptera:] onididae), sawflies (Euura sp.) and  hymenopterous parasites reared from the beaked gall of willow. Canadian Entomologist, 89(1) : 8 - JL. 1957 The food of Jefferson’s salamander, Ambystoma jeffersonianum, in Rondeau  Park, Ontario. Ecology, 38(1) : 77 - 81. 1957 Studies of the Byron Bog in southwee ern Ontario I. Description of the  bog. Canadian Entomologist, 89 (5) : 235 - 238. 1957 Shore birds sprung from sedge stalks , Bulletin of the Federation of  Ontario Naturalists, 76 : 24 - 25. 1957 Crayfish stranded in winter on the tink of Medway Creek, London, Ont.  Canadian Field-Naturalist, 71 (1) : 36. 1957 Chalcidoid wasps (Eulophidae,Eurytom dae) reared from the bullet gall  caused by Disholcaspis mamma (Cresso 1) (Cynipidae). Entomological  News, 68 (7) : 193 - 195. 1957 A collection of insects and milliped ; from fungi in Ontario. Transactions of the American Microsc pical Society, 76(3) : 311 - 316. 1957 A terrestrial turbellarian flatworm collected at London, Ontario.  Canadian Field-Naturalist, 71(3) : 154. 1957 The McIlwraith Ornithological Club e hibits at the Home and Garden  Show in 1957. The Cardinal, 25 : 2 - 3. 1957 Ontario’s insect immigrant the prayi ig mantis. G.A.Clarion (Anglican Church of Cana la), 11(3) : 3,8. 1957  Birds nesting in northeast London in 1957. The Cardinal, 26 : 1 - 4. 1957  Fowler’s toad on the Lake Erie shore. Bulletin of the Federation of Ontario Naturalists, 78 : 13 - 15. 1957 Studies of the Byron Bog in southwes ern Ontario IV. Seasonal distri­ bution of the blackfly, Simulium vit atum Zett. (Diptera:Simuliidae).  Entomological News, 68 (10) : 263 - :65. 1957  Birds of a Lake Erie farm. The Card nal, 27 : 1 - 6. 1957  Studies of the Byron Bog in southwes ern Ontario III. Exyra rolandiana Grt. (Lepidoptera : Phalaenidae) rea 'ed from the pitcher-plant, Sarra­ cenia purpurea L. Canadian Entomolo ist, 89 (12) : 564. 9","Observations on the habitat and food of the queen snake, Natrix septem-  vittata, at London, Ontario. Canadi an Field-Naturalist",69(4),167,Canadi an Field-Naturalist,69,4,167,168
135,1958,"Gall flies (Itonididae) and parasit ic Hymenoptera reared from rosette  galls of willow. Entomological Nev 3, 69(2) : 39 - 42.",Gall flies (Itonididae) and parasit ic Hymenoptera reared from rosette  galls of willow. Entomological Nev 3,69(2),39,Entomological Nev 3,69,2,39,42
136,1957,"A study of the population of emergi ig and littoral insects trapped as  adults from tributary waters of the Thames River at London, Ontario.  American Midland Naturalist, 58(2) : 394 - 412.","A study of the population of emergi ig and littoral insects trapped as  adults from tributary waters of the Thames River at London, Ontario.  American Midland Naturalist",58(2),394,American Midland Naturalist,58,2,394,412
137,1958,"Short-eared owls as mouse catchers n Lobo Township. Bulletin of the Federation of Ontar .0 Naturalists, 79 : 36 - 37.",Short-eared owls as mouse catchers n Lobo Township. Bulletin of the Federation of Ontar .0 Naturalists,79,36,0 Naturalists,79,,36,37
138,1958,"Studies of the Byron Bog in southwe tern Ontario VI. Seasonal distri­ bution of the wood gnat, Silvicola arginata (Say) (Diptera :  Silvicolidae). Entomological News, 69 (3) : 65 - 67.",,,,Entomological News,69,3,65,67
139,1958,"Studies of the Byron Bog in southwe tern Ontario V. Seasonal distrib­ ution of horseflies and deerflies ( abanidae). Canadian Entomologist,  90(4) : 255 - 256.",Studies of the Byron Bog in southwe tern Ontario V. Seasonal distrib­ ution of horseflies and deerflies ( abanidae). Canadian Entomologist,90(4),255,Canadian Entomologist,90,4,255,256
140,1958,"Studies of the Byron Bog in southwe tern Ontario II. The succession  and duration of blooming of plants. Canadian Field-Naturalist, 72 (3):  119 - 121.",,,,Canadian Field-Naturalist,72,3,119,121
141,1958,"Hopping by plane to Tennessee for b. rds. The Heron (Kitchener-Waterloo  Field Naturalists), 1(4) : 1 - 4.",Hopping by plane to Tennessee for b. rds. The Heron (Kitchener-Waterloo  Field Naturalists),1(4),1,The Heron (Kitchener-Waterloo  Field Naturalists),1,4,1,4
142,1958,"Banana spiders hitch-hiking into On ario. Bulletin of the Federation of  Ontario Naturalists, 81 : 14 - 15.",Banana spiders hitch-hiking into On ario. Bulletin of the Federation of  Ontario Naturalists,81,14,Bulletin of the Federation of  Ontario Naturalists,81,,14,15
143,1958,"An evening with Mr. Thomas Hill. T e Cardinal, 29 : 15 - 17.",An evening with Mr. Thomas Hill. T e Cardinal,29,15,T e Cardinal,29,,15,17
144,1958,"Judd,W.W. and R.K.Benjamin The ant Lasius alienus (Foerster) parasitized  by the fungus Laboulbenia formicarii n Thaxter at London, Ontario. Canadian Entomologist, 90(7) : 419.","Judd,W.W. and R.K.Benjamin The ant Lasius alienus (Foerster) parasitized  by the fungus Laboulbenia formicarii n Thaxter at London, Ontario. Canadian Entomologist",90(7),419,Canadian Entomologist,90,7,419,
145,1958,"Birds nesting in northeast London ir 1958. The Cardinal, 30 : 11 - 12.",Birds nesting in northeast London ir 1958. The Cardinal,30,11,The Cardinal,30,,11,12
146,1958,"A colony of the giant slug, Limax ma cimus L., at London, Ontario.  Canadian Field-Naturalist, 72(4) : 3 73.","A colony of the giant slug, Limax ma cimus L., at London, Ontario.  Canadian Field-Naturalist",72(4),3,Canadian Field-Naturalist,72,4,3,
147,1958,"Studies of the Byron Bog in southwes tern Ontario IX. Insects trapped  as adults emerging from Redmond’s Por 1. Canadian Entomologist, 90(10) :  623 - 627.",Studies of the Byron Bog in southwes tern Ontario IX. Insects trapped  as adults emerging from Redmond’s Por 1. Canadian Entomologist,90(10),623,Canadian Entomologist,90,10,623,627
148,1958,"An account of the activities of the icIlwraith Ornithological Club in  "" The Canadian Entomologist "". The Cardinal, 31 : 2 - 3.","An account of the activities of the icIlwraith Ornithological Club in  "" The Canadian Entomologist "". The Cardinal",31,2,The Cardinal,31,,2,3
149,1958,"Studies of the Byron Bog in southwes ern Ontario VIII. Seasonal distr­ ibution of filth flies. American Mi lland Naturalist, 60(1) : 186 - 195.",Studies of the Byron Bog in southwes ern Ontario VIII. Seasonal distr­ ibution of filth flies. American Mi lland Naturalist,60(1),186,American Mi lland Naturalist,60,1,186,195
150,1959,"Biting midges (Culicoides spp.) fron catbird nests at London, Ontario,  Entomological News, 70(2) : 79 - 80.","Biting midges (Culicoides spp.) fron catbird nests at London, Ontario,  Entomological News",70(2),79,,,,,
151,1959,"Studies of the Byron Bog in southwes ern Ontario X. Inquilines and  victims of the pitcher-plant, Sarracnia purpurea L. Canadian  Entomologist, 91(3) : 171 - 180.","Studies of the Byron Bog in southwes ern Ontario X. Inquilines and  victims of the pitcher-plant, Sarracnia purpurea L. Canadian  Entomologist",91(3),171,Canadian  Entomologist,91,3,171,180
152,1959,"The McIlwraith Ornithological Club e hibits at the Home and Garden Show  in 1958 and 1959. The Cardinal, 32  15 - 16. 10",,,,The Cardinal,32,,15,16
153,1959,"Sinea diadema Fabr. (Hemiptera : Rec aviidae) biting a human. Entomological News, 70(5) : 137.",Sinea diadema Fabr. (Hemiptera : Rec aviidae) biting a human. Entomological News,70(5),137,Entomological News,70,5,137,
154,1959,"Nematode worms, Diplotriaena tricusp is (Fedt.), from the body cavity  of a Nashville warbler at London, Or bario. Canadian Field-Naturalist,  73(2) : 130.","Nematode worms, Diplotriaena tricusp is (Fedt.), from the body cavity  of a Nashville warbler at London, Or bario. Canadian Field-Naturalist",73(2),130,Canadian Field-Naturalist,73,2,130,
155,1959,"Three irises blooming at Wonnacott’s farm. Bulletin of the Federation of  Ontario Naturalists, 84 : 16 - 17.",Three irises blooming at Wonnacott’s farm. Bulletin of the Federation of  Ontario Naturalists,84,16,Bulletin of the Federation of  Ontario Naturalists,84,,16,17
156,1959,"Studies of the Byron Bog in southwes ern Ontario VII. Wasps reared from  the blueberry stem gall on Vaccinium atrococcum. Transactions of the  American Microscopical Society, 78(2) : 212 - 214.",Studies of the Byron Bog in southwes ern Ontario VII. Wasps reared from  the blueberry stem gall on Vaccinium atrococcum. Transactions of the  American Microscopical Society,78(2),212,Transactions of the  American Microscopical Society,78,2,212,214
157,1959,"Hymenoptera reared from the mossy ro se gall caused by Diplolepis rose  (L.) (Hymenoptera : Cynipidae). Can idian Entomologist,91(11) : 727 -  730.",Hymenoptera reared from the mossy ro se gall caused by Diplolepis rose  (L.) (Hymenoptera : Cynipidae). Can idian Entomologist,91(11),727,Can idian Entomologist,91,11,727,730
158,1959,"A hornet’s nest in winter. Bulletin of the Federation of Ontario  Naturalists, 86 : 7 - 9.",A hornet’s nest in winter. Bulletin of the Federation of Ontario  Naturalists,86,7,Bulletin of the Federation of Ontario  Naturalists,86,,7,9
159,1959,"Birds of a Lake Erie farm - II. The Cardinal, 35 : 5 - 6.",Birds of a Lake Erie farm - II. The Cardinal,35,5,The Cardinal,35,,5,6
160,1959,"Should preserve old Byron Bog. Lond n Free Press, Oct. 28,1959 : 6.  ( also : 1959 The Cardinal, 35 : 12 - 13. )","Should preserve old Byron Bog. Lond n Free Press, Oct. 28,1959 : 6.  ( also : 1959 The Cardinal",35,12,28,1959,,6,
161,1960,"A bibliography of the natural histor of Hamilton to the year 1950. Wood Duck (Hamilton Nature Club), Su plement to vol 13, no. 5 : 1 - 27.","A bibliography of the natural histor of Hamilton to the year 1950. Wood Duck (Hamilton Nature Club), Su plement to vol 13, no",5,1,,,,,
162,1960,"A study of the population of insects emerging as adults from South Walker  Pond at London, Ontario. American M dland Naturalist, 63(1) : 194 - 210.","A study of the population of insects emerging as adults from South Walker  Pond at London, Ontario. American M dland Naturalist",63(1),194,American M dland Naturalist,63,1,194,210
163,1960,"Studies of the Byron Bog in southwes ern Ontario XI. Seasonal distri­ bution of adult insects in the Chama, daphnetum calyculatae association.  Canadian Entomologist, 92(4) : 241 - 251.","Studies of the Byron Bog in southwes ern Ontario XI. Seasonal distri­ bution of adult insects in the Chama, daphnetum calyculatae association.  Canadian Entomologist",92(4),241,Canadian Entomologist,92,4,241,251
164,1960,"Laelius utilis Cockerell (Hymenoptera : Bethylidae) stinging a child at  London, Ontario. Entomological News. 71(4) : 104.","Laelius utilis Cockerell (Hymenoptera : Bethylidae) stinging a child at  London, Ontario. Entomological News",71(4),104,,,,,
165,1960,"Long-eared owls roosting in Trott’s Swamp at London,Ontario.  The Cardinal, 36 : 1 - 2.","Long-eared owls roosting in Trott’s Swamp at London,Ontario.  The Cardinal",36,1,The Cardinal,36,,1,2
166,1960,"Redwinged blackbirds nesting in a New England aster. Bulletin of the Federation of Ontaric Naturalists, 88 : 28.",Redwinged blackbirds nesting in a New England aster. Bulletin of the Federation of Ontaric Naturalists,88,28,Bulletin of the Federation of Ontaric Naturalists,88,,28,
167,1960,"Observations on the habitat, food, re productive state and intestinal  parasites of the smooth green snake 83 London, Ontario. Canadian Field-Naturalist, 74(2) : 10) - 106.","Observations on the habitat, food, re productive state and intestinal  parasites of the smooth green snake 83 London, Ontario. Canadian Field-Naturalist",74(2),10,Canadian Field-Naturalist,74,2,10,
168,1960,"Ornamental nature plaques made from I ike Erie clay. Bulletin of the  Federation of Ontario Naturalists, 89 : 17 - 18.",Ornamental nature plaques made from I ike Erie clay. Bulletin of the  Federation of Ontario Naturalists,89,17,Bulletin of the  Federation of Ontario Naturalists,89,,17,18
169,1960,"Some records of birds nesting in the vicinity of London in 1960. The Cardinal, 37 : 4 - 5.",Some records of birds nesting in the vicinity of London in 1960. The Cardinal,37,4,The Cardinal,37,,4,5
170,1960,"Birds of a Lake Erie farm III. The ardinal,38 : 2. 11 171. 172. 173. 174. 175. 176. 177. 178. 179. 180. 181. 182. 183. 184. 185. 186. 187. 188.",Birds of a Lake Erie farm III. The ardinal,38,2,The ardinal,38,,2,
189,1961,"Studies of the Byron Bog in southwe; tern Ontario XII. A study of the  population of insects emerging as a ults from Redmond’s Pond in 1957.  American Midland Naturalist, 65(1)  89 - 100. 1961 Insects collected from woodchuck bu: rows in the vicinity of London, Ontario.  Canadian Field-Naturalist, 75(1) : : 6 - 22. 1961 A mud dauber’s nest on the chassis of a car. The Cardinal, 39 : 12. 1961 Insects and other invertebrates asst ciated with flowering skunk cabbage,  Symplocarpus foetidus (L.) Nutt., at Fanshawe Lake, Ontario.  Canadian Entomologist, 93(4) : 241 - 249. 1961 Melanagromyza tiliae (Coud.) (Diptei a : Agromyzidae) reared from linden  bark galls at London, Ontario. Ente mological News, 72(7) : 192 - 193. 1961 Butterflies trapped by their feet ir milkweed flowers. Bulletin of the  Federation of Ontario Naturalists, 9 3 : 7 - 8. 1961 A muskrat living in a ditch at Londe 1, Ontario. Wood Duck (Hamilton  Nature Club), 15 (2) : 26. 1961 Some records of birds nesting in the vicinity of London in 1961.  The Cardinal, 40 : 2 - 3. 1961 Spiders and harvestmen trapped on th 3 surface of Spettigue's Pond at  London, Ontario. Canadian Field-Nat ralist, 75(4) : 238 - 241. 1962 Insects and other invertebrates from nests of the cardinal, Richmondena  cardinalis (L.), at London, Ontario. Canadian Entomologist, 94 (1):  92 - 95. 1962  Queen snakes on the Ausable River at Arkona, Ontario. The Cardinal,41 : 2. 1962  A calico butterfly brought into Lond n, Ontario in bananas. Bulletin of the Federation of Ontario Naturalist , 95 : 14 - 15. 1962 Studies of the Byron Bog in southwes ern Ontario. XIII. Seasonal distri­ bution of wasps (Hymenoptera : Vespi ae). Entomological News, 73(3) :  79 - 81. 1962  Birds of a Lake Erie farm - IV. The Cardinal, 42 : 11 - 12. 1962 he moth Gnorimoschema gallaeastérel a (Kell.) (Gelechiidae) and hymeno­ pterous parasites reared from spindl . galls on goldenrod. Transactions of the American Microsc pical Society, 81(2) : 202 - 204. 1962 Observations on the food of the blue tailed skink in Rondeau Park,Ontario,  Canadian Field-Naturalist, 76(2) : 8 - 89. 1962 Insects reared from the many-spined ■ wig gall of rose caused by Diplolepis  multispinosa (Gillette) (Hymenoptera : Cynipidae). Canadian Entomologist,  94(9) : 963 - 966. 1962  Food of long-eared owls in the Byron Bog. The Cardinal, 43 : 4. 1962  ihe mosquito Psorophora ciliata (Fab: .) at London,Ontario. Mosquito News, 22(3) : 304. 12","Studies of the Byron Bog in southwe; tern Ontario XII. A study of the  population of insects emerging as a ults from Redmond’s Pond in 1957.  American Midland Naturalist, 65(1)  89 - 100. 1961 Insects collected from woodchuck bu: rows in the vicinity of London, Ontario.  Canadian Field-Naturalist, 75(1) : : 6 - 22. 1961 A mud dauber’s nest on the chassis of a car. The Cardinal",39,12,American Midland Naturalist,65,1,89,100
190,1962,"A study of the population of insect  Greek: at Arva, Ontario. American M emerging as adults from Medway  dland Naturalist, 68 (2) : 463 - 473.",,,,American M emerging as adults from Medway  dland Naturalist,68,2,463,473
191,1962,"Observations on some snakes and tur  Ontario. Ontario Field Biologist, les captured in southwestern  6 : 25 - 28.",,,,,,,,
192,1963,"An afternoon with Mr. Lorne E. Kame . The Cardinal, 44 : 10 — 12.",An afternoon with Mr. Lorne E. Kame . The Cardinal,44,10,The Cardinal,44,,10,
193,1963,"Molluscs and arthropods from cardin  Canadian Entomologist, 95(3) : 327 ■ I nests at London, Ontario.  333.",Molluscs and arthropods from cardin  Canadian Entomologist,95(3),327,,,,,
194,1963,"Insects reared from the red pouch g  of oak at London, Ontario. Canadian 11 of sumac and the rough bullet gall  Field-Naturalist, 77 : 63 - 64.","Insects reared from the red pouch g  of oak at London, Ontario. Canadian 11 of sumac and the rough bullet gall  Field-Naturalist",77,63,Canadian 11 of sumac and the rough bullet gall  Field-Naturalist,77,,63,64
195,1963,"Some records of birds nesting in the  The Cardinal, 45 : 6. vicinity of London in 1962.",Some records of birds nesting in the  The Cardinal,45,6,,,,,
196,1963,"Studies of the Byron Bog in southwe:  on sowbugs Cylisticus convexus (DeG  (Brandt) (Isopoda : Onoscidae). Ecc tern Ontario XIV, Observations  er) and Tracheoniscus rathkei  logy, 44(3) : 615 - 617.","Studies of the Byron Bog in southwe:  on sowbugs Cylisticus convexus (DeG  (Brandt) (Isopoda : Onoscidae). Ecc tern Ontario XIV, Observations  er) and Tracheoniscus rathkei  logy",44(3),615,,,,,
197,1963,"Studies of the Byron Bog in southwes  some fungi in the bog. Canadian Fie tern Ontario XV. Distribution of  ld-Naturalist, 77(3) : 177.",Studies of the Byron Bog in southwes  some fungi in the bog. Canadian Fie tern Ontario XV. Distribution of  ld-Naturalist,77(3),177,Distribution of  ld-Naturalist,77,3,177,
198,1963,"A young kingfisher fallen from its i  1 (3) : 33 - 34. est. The Ontario Naturalist,",,,,,,,,
199,1963,"Nests of the Baltimore oriole along  The Cardinal, 47 : 7 - 8. some roads in southern Ontario.",Nests of the Baltimore oriole along  The Cardinal,47,7,,,,,
200,1963,"Studies of the Byron Bog in southwes  distribution of Hemiptera (Corixidae  Nepidae) in Redmond’s Pond. Canadia tern Ontario XVII. Seasonal ,Notonectidae,Belostomatidae, i Entomologist, 95(10) : 1109 - 1111.","Studies of the Byron Bog in southwes  distribution of Hemiptera (Corixidae  Nepidae) in Redmond’s Pond. Canadia tern Ontario XVII. Seasonal ,Notonectidae,Belostomatidae, i Entomologist",95(10),1109,,,,,
201,1963,"Moths camouflaged in mayapple flower  1 (4) : 21. 3. The Ontario Naturalist,",,,,,,,,
202,1963,"Butterflies of Dünn Township, Ontari ). Ontario Field Biologist,17 : 1 - 14","Butterflies of Dünn Township, Ontari ). Ontario Field Biologist",17,1,Ontario Field Biologist,17,,1,14
203,1963,"Studies of the Byron Bog in southwes  on the life cycles of two species oí  Natural History Papers, National Mus tern Ontario XVI. Observations Crangonyx (Crustacea : Amphipoda).  um of Canada, No. 20.",,,,,,,,
204,1964,"What became of the four sections of  The Cardinal, 48 : 3 - 5. he Entomological Society of Ontario?",What became of the four sections of  The Cardinal,48,3,,,,,
205,1964,"Western and the Byron Bog. The Gaze  72(32) : 2. (Tuesday, Jan. 28). te (University of Western Ontario),",,,,,,,,
206,1964,"A weevil in the ear of a child at Lo Canadian Field-Naturalist, 78(1) : 6 don, Ontario. - - 62.",A weevil in the ear of a child at Lo Canadian Field-Naturalist,78(1),6,,,,,
207,1964,"A study of the population of insects  Pond at London, Ontario. American M emerging as adults from Saunders  .dland Naturalist,71(2) : 402 - 414.","A study of the population of insects  Pond at London, Ontario. American M emerging as adults from Saunders  .dland Naturalist",71(2),402,dland Naturalist,71,2,402,414
208,1964,"Birds of a Lake Erie farm - V. The ardinal, 49 : 4 - 5.",Birds of a Lake Erie farm - V. The ardinal,49,4,The ardinal,49,,4,5
209,1964,"The Byron Bog in southwestern Ontari . Canadian Entomologist,96(1,2) : 121",,,,Canadian Entomologist,96,"1,2",121,
210,1964,"13 English sparrows nesting in a tree. The Ontario Naturalist,2(2) : 7.",13 English sparrows nesting in a tree. The Ontario Naturalist,2(2),7,The Ontario Naturalist,2,2,7,
211,1964,"Insects and spiders from goldenrod galls of Gnorimoschema gallae-  solidaginis Riley (Gelechiidae). C anadian Entomologist, 96(7):  987 - 990.",Insects and spiders from goldenrod galls of Gnorimoschema gallae-  solidaginis Riley (Gelechiidae). C anadian Entomologist,96(7),987,C anadian Entomologist,96,7,987,990
212,1964,"Some records of birds nesting in th : vicinity of London in 1963 and  1964. The Cardinal, 50 : 3 - 4.",Some records of birds nesting in th : vicinity of London in 1963 and  1964. The Cardinal,50,3,The Cardinal,50,,3,4
213,1964,"Judd, W.W. and J.M.Speirs (Editors) A Naturalist’s Guide to Ontario.  Published for Federation of Ontario Naturalists by University of  Toronto Press, i - ix, 210 pages.",,,,,,,,
214,1964,"Studies of the Byron Bog in southwe: tern Ontario XIX. Distribution  of earthworms. National Museum of ( anada, Natural History Papers,  No. 25.",,,,,,,,
215,1964,"Studies of the Byron Bog in southwes tern Ontario XXI. Distribution  of centipeds (Chilopoda) and millipe is (Diplopoda). National Museum  of Canada, Natural History Papers, A . 26.",,,,,,,,
216,1964,"Insects associated with flowering ma sh marigold, Caltha palustris L.,  at London, Ontario. Canadian Entomo ogist, 96(11) : 1472 - 1476.","Insects associated with flowering ma sh marigold, Caltha palustris L.,  at London, Ontario. Canadian Entomo ogist",96(11),1472,Canadian Entomo ogist,96,11,1472,1476
217,1964,"Ornamental birds made from goldenrod galls. The Ontario Naturalist,  2(4) : 7.",Ornamental birds made from goldenrod galls. The Ontario Naturalist,2(4),7,The Ontario Naturalist,2,4,7,
218,1965,"Studies of the Byron Bog in southwes ern Ontario XVIII. Distribution  of harvestmen and spiders in the bog National Museum of Canada,  Natural History Papers, No. 28.",,,,,,,,
219,1965,"Some glimpses of nature around London before 1850. The Cardinal, 51 :  5 - 7.",Some glimpses of nature around London before 1850. The Cardinal,51,5,The Cardinal,51,,5,7
220,1965,"The genesis of "" A Naturalist’s Guide to Ontario "". The Cardinal, 51 :  11 - 12.","The genesis of "" A Naturalist’s Guide to Ontario "". The Cardinal",51,11,The Cardinal,51,,11,12
221,1965,"The botanical section of the Entomolo zical Society of Ontario.  The Cardinal, 52 : 15 - 19.",The botanical section of the Entomolo zical Society of Ontario.  The Cardinal,52,15,The Cardinal,52,,15,19
222,1965,"Studies of the Byron Bog in southwest rn Ontario. XX. Insects and  millipeds associated with fungi. Can udian Field-Naturalist, 79 (1) :  25 - 28.",,,,Can udian Field-Naturalist,79,1,25,28
223,1965,"Joseph H. C. Dempsey, botanist of Ham Iton, Ontario. Wood Duck (Hamilton Nature Club), 19( ) : 138 - 140.",,,,Wood Duck (Hamilton Nature Club),19, ,138,140
224,1965,"The Geological Section of the Entomol gical Society of Ontario. The Cardinal, 53 : 15 - 18.",The Geological Section of the Entomol gical Society of Ontario. The Cardinal,53,15,The Cardinal,53,,15,18
225,1965,"Studies of the Byron Bog in southwest rn Ontario XXII. Observations  on toads, frogs and turtles. Canadian Field-Naturalist, 79 (2) :  142 - 144.",,,,Canadian Field-Naturalist,79,2,142,144
226,1965,"insect Spiders and their prey from heads of c c-eye daisy, Chrysanthemum leuc-  anthemum L., in southwestern Ontario. Proceedings of the Entomological  Society of Ontario (1964), 95 : 137 - 139.","insect Spiders and their prey from heads of c c-eye daisy, Chrysanthemum leuc-  anthemum L., in southwestern Ontario. Proceedings of the Entomological  Society of Ontario (1964)",95,137,Proceedings of the Entomological  Society of Ontario (1964),95,,137,139
227,1965,"Terrestrial sowbugs (Crustacea : Isopo la) in the vicinity of London,  Ontario. Canadian Field-Naturalist, 79(3) : 197 - 202. 14","Terrestrial sowbugs (Crustacea : Isopo la) in the vicinity of London,  Ontario. Canadian Field-Naturalist",79(3),197,Canadian Field-Naturalist,79,3,197,202
228,1965,"An assemblage of lady beetles. Ont ario Naturalist, 3(4) : 23 - 24.",An assemblage of lady beetles. Ont ario Naturalist,3(4),23,Ont ario Naturalist,3,4,23,24
229,1965,"Two black widow spiders (Latrodectu 3 variolus Walckenaer) in southwestern  Ontario. Ontario Field Biologist, L9 : 24 - 25.",,,,,,,,
230,1966,"Studies of the Byron Bog in southwe stern Ontario XXVI. Distribution of  shrubs and vines. Michigan Botanis , 5(2) : 51 - 56.",Studies of the Byron Bog in southwe stern Ontario XXVI. Distribution of  shrubs and vines. Michigan Botanis,5(2),51,Michigan Botanis,5,2,51,56
231,1966,"Studies of the Byron Bog in southwe stern Ontario XXIV. Distribution of  fingernail and pill clams (Pelecypo La : Sphaeriidae). National Museum  of Canada, Natural History Papers, o. 33.",,,,,,,,
232,1966,"The Microscopical Section of the En omological Society of Ontario. The Cardinal, 55 : 7 - 10.",The Microscopical Section of the En omological Society of Ontario. The Cardinal,55,7,The Cardinal,55,,7,10
233,1966,"Studies of the Byron Bog in southwe tern Ontario. XXIII. Insects  associated with flowering leatherle f, Chamaedaphne calyculata (L.)  Moench. Transactions of the Ämeric n- Microscopical Society, 85(2) :  302 - 305.","Studies of the Byron Bog in southwe tern Ontario. XXIII. Insects  associated with flowering leatherle f, Chamaedaphne calyculata (L.)  Moench. Transactions of the Ämeric n- Microscopical Society",85(2),302,Transactions of the Ämeric n- Microscopical Society,85,2,302,305
234,1966,"An account of a trip through the By on Bog in the year 1912.  The Cardinal, 56 : 6 - 12.",An account of a trip through the By on Bog in the year 1912.  The Cardinal,56,6,The Cardinal,56,,6,12
235,1966,"€ Singh,S.B. and W.W.Judd A comparat. ve study of the alimantary canal of  adult calyptrate Diptera. Proceedi gs of the Entomological Society of  Ontario (1965), 96 : 29 - 80.","€ Singh,S.B. and W.W.Judd A comparat. ve study of the alimantary canal of  adult calyptrate Diptera. Proceedi gs of the Entomological Society of  Ontario (1965)",96,29,Proceedi gs of the Entomological Society of  Ontario (1965),96,,29,80
236,1966,"Studies of the Byron Bog in southwe: tern Ontario XXVII. Insects  associated with flowering blueberry Vaccinium atrococcum (Gray) Heller.  Canadian Field-Naturalist, 80(4) : :42 - 244.",,,,,,,,
237,1966,"Studies of the Byron Bog in southwes tern Ontario XXV. Observations on  the occurrence of some mammals. Ont ario Field Biologist, 20 : 10 - 13.",Studies of the Byron Bog in southwes tern Ontario XXV. Observations on  the occurrence of some mammals. Ont ario Field Biologist,20,10,Ont ario Field Biologist,20,,10,13
238,1967,"Insects and other arthropods from ye ar-old galls caused by Gnorimoschema  gallaesolidaginis Riley (Lepidoptera : Gelechiidae).on goldenrod. Canadian Journal of Zoology, 45(1) : 49 - 56.",Insects and other arthropods from ye ar-old galls caused by Gnorimoschema  gallaesolidaginis Riley (Lepidoptera : Gelechiidae).on goldenrod. Canadian Journal of Zoology,45(1),49,Canadian Journal of Zoology,45,1,49,56
239,1967,"Report No. 1 of the archivist of the McIlwraith Field Naturalists’ Club.  The Cardinal, 57 : 8 - 10.",Report No. 1 of the archivist of the McIlwraith Field Naturalists’ Club.  The Cardinal,57,8,The Cardinal,57,,8,10
240,1967,"Insects from McConnell River, N.W.T. Entomological News,78(2) : 50 - 55.","Insects from McConnell River, N.W.T. Entomological News",78(2),50,Entomological News,78,2,50,55
241,1967,"The executives of the McIlwraith Clu >, 1890 - 1966. The Cardinal, 58 :  14 - 17.","The executives of the McIlwraith Clu >, 1890 - 1966. The Cardinal",58,14,The Cardinal,58,,14,17
242,1967,"Report No. 2 of the archivist of the McIlwraith Field Naturalist's Club.  The Cardinal, 58 : 17 - 19.",Report No. 2 of the archivist of the McIlwraith Field Naturalist's Club.  The Cardinal,58,17,The Cardinal,58,,17,19
243,1967,"A large wolf spider from southern Or ario. Young Naturalist (Federation  of Ontario Naturalists), 9(6) : 2.",A large wolf spider from southern Or ario. Young Naturalist (Federation  of Ontario Naturalists),9(6),2,Young Naturalist (Federation  of Ontario Naturalists),9,6,2,
244,1967,"Studies of the Byron Bog in southwes ern Ontario XXVIII. Distribution  of club-mosses and ferns. Canadian ield-Naturalist, 81(2) : 110 - 113.",Studies of the Byron Bog in southwes ern Ontario XXVIII. Distribution  of club-mosses and ferns. Canadian ield-Naturalist,81(2),110,Canadian ield-Naturalist,81,2,110,113
245,1967,"An early record of the map turtle at London, Ontario. Canadian Amphibian  and Reptile Conservation Society, 5(>) : 3 - 4.",,,,Canadian Amphibian  and Reptile Conservation Society,5,>,3,4
246,1966,"Insects reared and collected from se 'en galls of willow, oak, hickory and  rose in southern Ontario, Canada. M rcellia, 33(4) : 255 - 259. 15","Insects reared and collected from se 'en galls of willow, oak, hickory and  rose in southern Ontario, Canada. M rcellia",33(4),255,M rcellia,33,4,255,259
247,1967,"A catalogue of the "" Spring Bird Notes "" prepared by the MeIlu  Club for London’s newspapers, 1920 - 1923. .Western Ontario (  Notes, 23(1) : 9 - 21. al","A catalogue of the "" Spring Bird Notes "" prepared by the MeIlu  Club for London’s newspapers, 1920 - 1923. .Western Ontario (  Notes",23(1),9,Western Ontario (  Notes,23,1,9,21
248,1967,"A study of the population of insects emerging as adults fr  Pond at London, Ontario. Proceedings of the Entomologica  Ontario (1966), 97 : 90 - 98. ,  rues* f","A study of the population of insects emerging as adults fr  Pond at London, Ontario. Proceedings of the Entomologica  Ontario (1966)",97,90,Proceedings of the Entomologica  Ontario (1966),97,,90,98
249,1967,"Courtship flight of male bumblebees. Young Naturalist IF  Ontario Naturalists), 9(8) : 2. of",Courtship flight of male bumblebees. Young Naturalist IF  Ontario Naturalists),9(8),2,Young Naturalist IF  Ontario Naturalists),9,8,2,
250,1967,"Reports on the Byron Bog in the minutes of the Mcllwr ii.l.  The Cardinal, 59 : 7 - 10.",Reports on the Byron Bog in the minutes of the Mcllwr ii.l.  The Cardinal,59,7,The Cardinal,59,,7,10
251,1967,"Millipeds (Diplopoda) in the vicinity of London, Ontario  Canadian Field-Naturalist, 81(3) : 189 - 196.","Millipeds (Diplopoda) in the vicinity of London, Ontario  Canadian Field-Naturalist",81(3),189,,,,,
252,1967,Preservation of the Byron Bog. Canadian Field-Natur !  232 - 233.,,,,,,,,
253,1968,"Columns on geology by J.W.Russell and on botany by N.CuHr  London Free Press, 1922 - 1923. The Cardinal, 60 : Ii",,,,,,,,
254,1968,"Studies of the Byron Bog in southwestern Ontario XXIX.T  chain fern, an addition to the flora of the bog. Canadien  Naturalist, 82(1) : 52. a","Studies of the Byron Bog in southwestern Ontario XXIX.T  chain fern, an addition to the flora of the bog. Canadien  Naturalist",82(1),52,Canadien  Naturalist,82,1,52,
255,1968,"Insects trapped by the pollinial apparatus of milkweed. A:  syriaca L., in Dunn Township, Ontario. Canadian Journali  46(3) : 475 - 479.",,,,,,,,
256,1968,"Students who attended the Federation of Ontario Naturalisi  scholarships from the McIlwraith Club, 1949 - 1966. The ¡­ 7 - 8. •",,,,,,,,
257,1968,"Report No. 3 of the archivist of the McIlwraith Field Toi  Club. The Cardinal, 61 : 20 - 22.",Report No. 3 of the archivist of the McIlwraith Field Toi  Club. The Cardinal,61,20,The Cardinal,61,,20,22
258,1968,"Studies of the Byron Bog in southwestern Ontario XXX.  orchids in the bog. Rhodora, 70 (782) : 193 - 199. :of",,,,Rhodora,70,782,193,199
259,1968,"A collection of damselflies and dragonflies (Odonata) fron  Ontario. Ontario Field Biologist, 21 : 1 - 6. ship,",A collection of damselflies and dragonflies (Odonata) fron  Ontario. Ontario Field Biologist,21,1,Ontario Field Biologist,21,,1,6
260,1968,Studies of the Byron Bog in southwestern Ontario XXXI.:  fungi and their distribution in the bog. Ontario Field la  21 : 30 - 36.,,,,,,,,
261,1968,"Ectoparasites from the cowbird, Molothrus ater (Boddaert),  Ontario. Canadian Journal of Zoology, 46(4) : 807.","Ectoparasites from the cowbird, Molothrus ater (Boddaert),  Ontario. Canadian Journal of Zoology",46(4),807,Canadian Journal of Zoology,46,4,807,
262,1968,"Review of : Moment in the Sun - A dial Report on the Detel  of the Amererican Environment by Robert Rienow and Leonti  New York, The Dial Press, 1967, xii, 286 pages, illus,  Ontario Naturalist, 6(2) : 30. uality  W.","Review of : Moment in the Sun - A dial Report on the Detel  of the Amererican Environment by Robert Rienow and Leonti  New York, The Dial Press, 1967, xii, 286 pages, illus,  Ontario Naturalist",6(2),30,,,,,
263,1968,"Crayfish in the vicinity of London, Ontario. National Bus  Natural History Papers, No. 41. ada, 16",,,,,,,,
264,1968,"Studies of the Byron Bog in southwestern Ontario XXXII. Observ:  the seasonal distribution of Odonata in the bog. Proceedings of the Entomological Society of Ontario (1967),98 : on 48.",,,,,,,,
265,1968,"Studies of the Byron Bog in southwestern Ontario XXXIII. Distr  of Dytiscidae and Hydrophilidae (Coleoptera) in the bog. Proceedings of the Entomological Society of Ontario (1967),98 : on 52.",,,,,,,,
266,1968,"Preservation of the Byron Bog in London, Ontario. Biological Conservation, 1(1) : 84 - 85.","Preservation of the Byron Bog in London, Ontario. Biological Conservation",1(1),84,Biological Conservation,1,1,84,85
267,1968,"A catalogue of the columns on trees and shrubs of southwestern (  prepared by William Sherwood Fox for the London Free Press, 194’7  The Cardinal, 62 : 13 - 15. o","A catalogue of the columns on trees and shrubs of southwestern (  prepared by William Sherwood Fox for the London Free Press, 194’7  The Cardinal",62,13,,,,,
268,1969,"Harvestmen and spiders and their prey on milkweed, Asclepias syr L., at London, Ontario. Canadian Journal of Zoology, 47(1) : 15 61.","Harvestmen and spiders and their prey on milkweed, Asclepias syr L., at London, Ontario. Canadian Journal of Zoology",47(1),15,Canadian Journal of Zoology,47,1,15,
269,1969,"The garden centiped at London, Ontario. Entomological News,80(1 1•",,,,,,,,
270,1968,"Studies of the Byron Bog in southwestern Ontario XXXIV. Additi  observations on reptiles of the bog. Canadian Field-Naturalist,  289 - 291. X",,,,,,,,
271,1969,"The McIlwraith Club’s exhibits at the Home and Garden Show of th  Western Fair Association, London, Ontario, 1954 - 1964. The Cardinal, 63 : 16 - 20.","The McIlwraith Club’s exhibits at the Home and Garden Show of th  Western Fair Association, London, Ontario, 1954 - 1964. The Cardinal",63,16,The Cardinal,63,,16,20
272,1968,"Studies of the Byron Bog in southwestern Ontario XXXV, Insects  from galls from the wooded slopes of the bog. Marcellia, 35(1/2  81. d  7 -",,,,,,,,
273,1969,"Catalogues of columns on natural history by W.E.Saunders and J.K  in London (Ontario) newspapers, 1929 - 1963. Western Ontario History Nuggets, No. 35. lds",,,,,,,,
274,1968,"Studies of the Byron Bog in southwestern Ontario - XXXVI. The nm  an inhabitant of the bog. Ontario Field Biologist, No. 22 : 1. ,","Studies of the Byron Bog in southwestern Ontario - XXXVI. The nm  an inhabitant of the bog. Ontario Field Biologist, No",22,1,,,,,
275,1969,"Stuart Logan Thompson (1885-1961) and his talks to the MeIlwrait Ornithological Club. The Cardinal, No. 64 : 9 - 11.","Stuart Logan Thompson (1885-1961) and his talks to the MeIlwrait Ornithological Club. The Cardinal, No",64,9,,,,,
276,1969,"Studies of the Byron Bog in southwestern Ontario XXXVIII. Inse«  associated with flowering bomeset, Eupatorium perfoliatum L. Proceedings of the Entomological Society of Ontario (1968),99 :<",,,,,,,,
277,1969,"Studies of the Eyron Bog in southwestern Ontario XXXVII. Leeche  (Hirudinea) collected in the bog. Canadian Field-Naturalist, 83 ( 68.",,,,,,,,
278,1969,"Days on the Dundas Marsh - 1946. Wood Duck (Hamilton Naturalists  23 (1) : 5 - 7. ),",,,,,,,,
279,1969,"Minutes of the Botanical Section of the Entomological Society of $  (1890-1904) edited and with appendices. Occasional Paper No. 9,  London Public Library and Art Museum. 0",,,,,,,,
280,1969,"Report No. 4 of the archivist of the McIlwraith Field Naturalists  The Cardinal, 65 : 13 - 15. 17",Report No. 4 of the archivist of the McIlwraith Field Naturalists  The Cardinal,65,13,4 of the archivist of the McIlwraith Field Naturalists  The Cardinal,65,,13,15
281,1969,"Studies of the Byron Bog in southwestern Ontario XXXIX, Insect  trapped in the leaves of sundew, Drosera intermedia Hayne and  Drosera rotundifolia L. Canadian Field-Naturalist, 83(3): 233 - 237.","Studies of the Byron Bog in southwestern Ontario XXXIX, Insect  trapped in the leaves of sundew, Drosera intermedia Hayne and  Drosera rotundifolia L. Canadian Field-Naturalist",83(3),233,Canadian Field-Naturalist,83,3,233,237
282,1969,"Studies of the Byron Bog in southwestern Ontario. XL. Distribu  of Sphagnum mosses. Michigan Botanist, 8(4) : 167 - 170.",Studies of the Byron Bog in southwestern Ontario. XL. Distribu  of Sphagnum mosses. Michigan Botanist,8(4),167,Michigan Botanist,8,4,167,170
283,1969,"Further records of the mosquito, Psorophora ciliata (Fabr.), ini  vicinity of London, Ontario. Mosquito News, 29(4) : 689 - 690.","Further records of the mosquito, Psorophora ciliata (Fabr.), ini  vicinity of London, Ontario. Mosquito News",29(4),689,Mosquito News,29,4,689,690
284,1970,"A catalogue of columns on conservation prepared by W.G.Trestain 1  the London Free Press, January and February, 1940. The Cardinal,  66 : 13 - 15.","A catalogue of columns on conservation prepared by W.G.Trestain 1  the London Free Press, January and February, 1940. The Cardinal",66,13,The Cardinal,66,,13,15
285,1970,"Invertebrates from an abandoned muskrat house at London, Ontario.  Canadian Journal of Zoology, 48(2) : 402 - 403.","Invertebrates from an abandoned muskrat house at London, Ontario.  Canadian Journal of Zoology",48(2),402,Canadian Journal of Zoology,48,2,402,403
286,1969,"Spiders, Neoscona arabesca (Walckenaer), in flowering heads of wi  carrot, Daucus carota L., in Dunn Township. Ontario Field  Biologist, 23 : 24 - 25.","Spiders, Neoscona arabesca (Walckenaer), in flowering heads of wi  carrot, Daucus carota L., in Dunn Township. Ontario Field  Biologist",23,24,Ontario Field  Biologist,23,,24,25
287,1970,"Anglican clergy active in entomological group. London Free Press, May 23, 1970, page 8-M.",,,,,,,,
288,1970,"A rare visitor from the south. Young Naturalist (Federation of O1>  Naturalists), 12 (5) : 6.",,,,Young Naturalist (Federation of O1>  Naturalists),12,5,6,
289,1970,"A botanical farewell to Trott’s Swamp. The Cardinal, 67 : 16 - 1",A botanical farewell to Trott’s Swamp. The Cardinal,67,16,The Cardinal,67,,16,1
290,1970,Studies of the Byron Bog in southwestern Ontario XLI. Distribut  C slugs and snails (Gastropoda) in the bog. Canadian Field-Natural  84(1) : 60 - 62.,,,,,,,,
291,1970,"Studies of the Byron Bog in southwestern Ontario XLII. Distribu  of mites (Acarina) in the bog. Canadian Field-Naturalist, 84 (1)  62 - 63.",,,,Canadian Field-Naturalist,84,1,62,63
292,1970,"Beetles, Neodryocoetes hubbardi Blackman (Scolytidae), infesting:  strung as necklaces imported from Jamaica. Canadian Journal of  Zoology, 48(4) : 895 - 896.","Beetles, Neodryocoetes hubbardi Blackman (Scolytidae), infesting:  strung as necklaces imported from Jamaica. Canadian Journal of  Zoology",48(4),895,Canadian Journal of  Zoology,48,4,895,896
293,1970,"Botanists pose riddle : name the unidentified. London Free Press, July 11,1970, page 8-M.",,,,,,,,
294,1970,"Famous visitors for a picnic,  London Free Press, October 10,1970, page 52",,,,,,,,
295,1970,"James Alexander Morton (1848-1932) botanist of Wingham, Ontario.  The Cardinal, 68 : 4 - 9.","James Alexander Morton (1848-1932) botanist of Wingham, Ontario.  The Cardinal",68,4,The Cardinal,68,,4,9
296,1970,"Insects associated with flowering wild carrot, Daucus carota L., i  southern Ontario. Proceedings of the Entomological Society of Ont  (1969), 100 : 176 - 181.","Insects associated with flowering wild carrot, Daucus carota L., i  southern Ontario. Proceedings of the Entomological Society of Ont  (1969)",100,176,Proceedings of the Entomological Society of Ont  (1969),100,,176,181
297,1970,"Studies on the Byron Bog in southwestern Ontario XLIV. Flies (Sa  phagidae, Muscidae and Tachinidae) trapped in the bog.  Entomological News, 81(8) : 189 - 190. 18 London Free Press, April 1,1972, page 8-M.","Studies on the Byron Bog in southwestern Ontario XLIV. Flies (Sa  phagidae, Muscidae and Tachinidae) trapped in the bog.  Entomological News",81(8),189,Entomological News,81,8,189,190
298,1970,"Took McIlwraith name. London Fre ; Press, November 14,1970, page 8-M",,,,,,,,
299,1970,"Geological section recalled in ph tograph. London Free Press,  December 26, 1970, page 7-M.",,,,,,,,
300,1971,"Report No. 5 of the archivist of the McIlwraith Field Naturalists.  The Cardinal, 69 : 16 - 18.",Report No. 5 of the archivist of the McIlwraith Field Naturalists.  The Cardinal,69,16,The Cardinal,69,,16,18
301,1970,"Insects reared from the gall on bi r oak caused by Disholcaspis  bassetti Gill. Marcellia, 36 (3) : 173 - 174.",,,,Marcellia,36,3,173,174
302,1971,"Publicity was his punishment : hur ting small birds, trustee shot his  small toe. London Free Press, Api il 3, 1971, page 8-M.",,,,,,,,
303,1970,"Minutes of the Microscopical Secti n of the Entomological Society of  Ontario (1890-1904) edited and wit i appendices. Occasional Paper  No. 11, London Public Library and rt Museum.",,,,,,,,
304,1971,"Hunting down a creek : barren stra berry report of 1893 leads to a  scientific search. London Free Pr ss, April 17, 1971, page 8-M.",,,,,,,,
305,1971,"Studies of the Byron Bog in southw stern Ontario XLIII. Swarming -  of the springtail Hypogastrura har eyi Folsom on the snow. Canadian Field-Naturalist, 85(1) : 65 - 66.",Studies of the Byron Bog in southw stern Ontario XLIII. Swarming -  of the springtail Hypogastrura har eyi Folsom on the snow. Canadian Field-Naturalist,85(1),65,Canadian Field-Naturalist,85,1,65,66
306,1970,"Additional observations on butterfl les of Dunn Township, Ontario.  Ontario Field Biologist, 24 : 13 16,","Additional observations on butterfl les of Dunn Township, Ontario.  Ontario Field Biologist",24,13,Ontario Field Biologist,24,,13,
307,1971,"The role of the McIlwraith Club in che London Hobby Fair (1946-1967).  The Cardinal, 70 : 17 - 23.",The role of the McIlwraith Club in che London Hobby Fair (1946-1967).  The Cardinal,70,17,The Cardinal,70,,17,23
308,1971,"Studies of the Byron Bog in southwestern Ontario XLV. Insects  associated with flowering dandelion, Taraxacum officinale Weber.  Proceedings of the Entomological Society of Ontario (1970),  101 : 59 - 62.","Studies of the Byron Bog in southwestern Ontario XLV. Insects  associated with flowering dandelion, Taraxacum officinale Weber.  Proceedings of the Entomological Society of Ontario (1970)",101,59,Proceedings of the Entomological Society of Ontario (1970),101,,59,62
309,1971,"A young albino snapping turtle, Chelydra serpentina L, in southern  Ontario, Canada. Canadian Field-Naturalist, 85(3) : 254-255.","A young albino snapping turtle, Chelydra serpentina L, in southern  Ontario, Canada. Canadian Field-Naturalist",85(3),254-255,Canadian Field-Naturalist,85,3,254,255
310,1971,"Studies of the Byron Bog in southwestern Ontario XLVI. Ground  beetles (Carabidae) from the damp, wooded zone of the bog.  Entomological News, 82(9) : 225 - 227.","Studies of the Byron Bog in southwestern Ontario XLVI. Ground  beetles (Carabidae) from the damp, wooded zone of the bog.  Entomological News",82(9),225,Entomological News,82,9,225,227
311,1971,"George Alexander MacCallum (1843-1936) physician,naturalist and  parasitologist. The Cardinal, 71 : 14 - 19.","George Alexander MacCallum (1843-1936) physician,naturalist and  parasitologist. The Cardinal",71,14,The Cardinal,71,,14,19
312,1971,"Did Griffiths dam timbers snag Victoria ?  London Free Press, December 4, 1971, page 30.",,,,,,,,
313,1972,"The London Biological Club (1914). The Cardinal, 72 : 10 - 13.",The London Biological Club (1914). The Cardinal,72,10,The Cardinal,72,,10,13
314,1972,"Wins citation : insect display honored at 1876 Philadelphia  exhibition. London Free Press, February 26,1972, page 28.",,,,,,,,
315,1972,Periwinkle survives other landmarks. 19,,,,,,,,
316,1972,"A catalogue of columns on a travel que in southwestern Ontario, prepared  for The London Free Press in 1938 k r W.G.Trestain with an index to  plants and animala mentioned there 1. Western Ontario Historical Notes, 26 : 13 - 18.","A catalogue of columns on a travel que in southwestern Ontario, prepared  for The London Free Press in 1938 k r W.G.Trestain with an index to  plants and animala mentioned there 1. Western Ontario Historical Notes",26,13,Western Ontario Historical Notes,26,,13,18
317,1971,"A female wolf spider (Lycosa aspers.) Hentz kept in captivity,  Ontario Field Biologist, 25 : 13 - 4.","A female wolf spider (Lycosa aspers.) Hentz kept in captivity,  Ontario Field Biologist",25,13,,,,,
318,1972,"Comments on observations on plants  (1858-1902), naturalist and poet of  The Cardinal, 73 : 8 - 18. nd birds made by Robert Elliott  Plover Mills.","Comments on observations on plants  (1858-1902), naturalist and poet of  The Cardinal",73,8,,,,,
319,1972,"Studies of the Byron Bog in southwe  of the Sphagnum mat. Entomological tern Ontario XLVII. Insects  News, 83 (6) : 145 - 151.",,,,Insects  News,83,6,145,151
320,1972,Days on the Dundas Marsh - 1947. W  26 (1) : 3 - 5. od Duck (Hamilton Naturalists’ Club),,,,,,,,
321,1972,"Stephen Mummery, taxidermist in Lone  The Cardinal, 74 : 1 - 5. on from 1857 to 1879.","Stephen Mummery, taxidermist in Lone  The Cardinal",74,1,,,,,
323,1972,"Ernest Edwin Gibbs (1870-1959) and  of H.B. Spotton’s "" Wild Plants of  The Cardinal, 75 : 1 - 22. is list of plants in his copy  Canada "".","Ernest Edwin Gibbs (1870-1959) and  of H.B. Spotton’s "" Wild Plants of  The Cardinal",75,1,"Spotton’s "" Wild Plants of  The Cardinal",75,,1,22
324,1972,"Wasps (Vespidae) pollinating helleb  Crantz, at Owen Sound, Ontario. Pr  Society of Ontario (1971), 102 : 11 rine, Epipactis helleborine (L.)  ceedings of the Entomological  i - 118.","Wasps (Vespidae) pollinating helleb  Crantz, at Owen Sound, Ontario. Pr  Society of Ontario (1971)",102,11,Pr  Society of Ontario (1971),102,,11,
325,1973,"A canoe trip down the Thames River Saunders in 1885. The Cardinal, 76 rom London to Wardsville by W.E.  : 5 - 12.",,,,,,,,
326,1973,"Report No. 6 of the archivist of th  The Cardinal, 76 : 21 - 23. : McIlwraith Field Naturalists.",Report No. 6 of the archivist of th  The Cardinal,76,21,6 of the archivist of th  The Cardinal,76,,21,23
327,1972,"Minutes of the Ornithological Secti<  Ontario (McIlwraith Ornithological (  appendices. Occasional Paper No. 1'  Museum. a of the Entomological Society of Lub) (1890-1903) edited and with , London Public Library and Art",,,,,,,,
328,1971,"Studies of the Byron Bog in southwes  reared from galls on willow, oak and  232. tern Ontario XLVIII. Insects  rose, Marcellia, 37(4) : 225 -","Studies of the Byron Bog in southwes  reared from galls on willow, oak and  232. tern Ontario XLVIII. Insects  rose, Marcellia",37(4),225,,,,,
329,1973,"330. 1973 Studies of the Etyron Bog in southwes  observations on the insects of Redmor  Entomological News, 84 (3) : 96 - 98  The flowering dogwood, Cornus floridi  The Cardinal, 78 : 6 - 10. ern Ontario XLIX. Additional  d’s Pond. L., at the Westminster Ponds.","330. 1973 Studies of the Etyron Bog in southwes  observations on the insects of Redmor  Entomological News, 84 (3) : 96 - 98  The flowering dogwood, Cornus floridi  The Cardinal",78,6,1973 Studies of the Etyron Bog in southwes  observations on the insects of Redmor  Entomological News,84,3,96,98
331,1973,"An index to references to amphibians  natural history in the London Advert  London, Ontario. Bulletin, Canadian  Conservation Society, 11 (5) : 3 - 6 and reptiles in columns on  ser and London Free Press,  Amphibian and Reptile 20",,,,,,,,
332,1973,"Insects associated with flowering € decampane (Inula Helenium ),  in the vicinity of Owen Sound, Onta rio. Ontario Field Biologist, 27 : 25 - 28.","Insects associated with flowering € decampane (Inula Helenium ),  in the vicinity of Owen Sound, Onta rio. Ontario Field Biologist",27,25,Ontario Field Biologist,27,,25,28
333,1974,"Twenty-seven seasons (1946-1973) of Audubon Screen Tours (Wildlife  Films) sponsored by the McIlwraith ièèd Naturalists,  The Cardinal, 80 : 12 - 18.","Twenty-seven seasons (1946-1973) of Audubon Screen Tours (Wildlife  Films) sponsored by the McIlwraith ièèd Naturalists,  The Cardinal",80,12,,,,,
334,1974,"The McIlwraith Field Naturalists of London, Ontario, Incorporated.  The Cardinal, 81 : 4 - 7.","The McIlwraith Field Naturalists of London, Ontario, Incorporated.  The Cardinal",81,4,The Cardinal,81,,4,7
335,1974,"Twenty bird skins collected by Alfr d Brooker Klugh and deposited in  the Alexandra School, London, Ontar o. The Cardinal, 81 : 13 - 17.","Twenty bird skins collected by Alfr d Brooker Klugh and deposited in  the Alexandra School, London, Ontar o. The Cardinal",81,13,The Cardinal,81,,13,17
336,1974,"Diaries of a trip to Manitoulin Isl nd (1880) and of a trip down the  Thames River (1881) by W.E.Saunders edited and with notes.  Occasional Paper No. 16, London Pub ic Library and Art Museum.",,,,,,,,
337,1974,"An early record of a "" mud turtle "" in London Township, Middlesex  County, Ontario. Bulletin, Canadian Amphibian and Reptile Conservation  Society, 12(3) : 7 - 8.","An early record of a "" mud turtle "" in London Township, Middlesex  County, Ontario. Bulletin, Canadian Amphibian and Reptile Conservation  Society",12(3),7,,,,,
338,1974,"Vignettes of nature in southern Onta rio. Carlton Press, Inc., New York. 96 pages",,,,,,,,
339,1974,"Insects associated with flowering m sk-mallow (Malva moschata L.)  at Owen Sound, Ontario. Ontario Fi Id Biologist, 28 (2) : 28 - 36.",,,,Ontario Fi Id Biologist,28,2,28,36
340,1975,"The "" old farm "",1903 - 1909, of N.I . Saunders in the second  concession of London Wownship. The Cardinal, 82 : 5 - 8.","The "" old farm "",1903 - 1909, of N.I . Saunders in the second  concession of London Wownship. The Cardinal",82,5,The Cardinal,82,,5,8
341,1975,"Minutes of the McIlwraith Ornitholog ical Club (1915-1919) edited and with appendices. Occasional Par er No. 19, London Public Library  and Art Museum.",,,,,,,,
342,1975,"The property and cabin of W.E.Saunde s, 1913 - 1943, at Saunders Pond,  Lot 24, Concession I of Westminster ' o wnship. The Cardinal, 83 : 1 - 15.","The property and cabin of W.E.Saunde s, 1913 - 1943, at Saunders Pond,  Lot 24, Concession I of Westminster ' o wnship. The Cardinal",83,1,The Cardinal,83,,1,15
343,1975,"Insects and spiders from year-old gal Ls caused by Furosta solidaginis  Fitch (Diptera : Trypetidae) on golde rod, Solidago canadensis L.  Marcellia, 38 (2/3) : 235 - 237.",,,,Marcellia,38,2/3,235,237
344,1975,"The woodlot at "" Beechwood "" in Arms brong, P.H. and D.J.Brock 1975  Reflections on London’s Past. Archit ctural and Historic Sites  Preservation Committee of the City of London. 40 pages",,,,,,,,
345,1975,"A blue jay in captivity for 18 years. Bird-Banding,46(3) : 250.",A blue jay in captivity for 18 years. Bird-Banding,46(3),250,Bird-Banding,46,3,250,
346,1975,"John Alfred Morden (1859-1937) natur list of London Township. The Cardinal, 84 : 6 - 23.",John Alfred Morden (1859-1937) natur list of London Township. The Cardinal,84,6,The Cardinal,84,,6,23
347,1975,"Studies of the Byron Bog in southwes ern Ontario 50. Additional  observations on insects in the bog. Entomological News, 86 (3/4): 51 - 56.",,,,Entomological News,86,3/4,51,56
348,1975,"Accounts and minutes of the London B anch of the Entomological Society  of Ontari® (1864-1881) edited and wi h appendices. Occasional Paper  No. 20, Public Library and Art Museu.",,,,,,,,
349,1975,"Recent records of ticks, Ixodes cook i Packard and Dermacentor variabilis  (Say) (Acarina : Ixodoidea) in south restern Ontario. Entomological News, 86 (7/8) : 157 - 159; Entomological News, 87 (1/2) :  back cover, ERRATA - corrected Fig. 1, 1976",,,,Entomological News,86,7/8,157,159
350,1975,"Insects associated with flowering silky dogwood (Cornus o  ua Raf.) at Dunnville, Haldimand County, Ontario. Ontario Field B  gist, 29(2) : 26 - 35. 2)75","Insects associated with flowering silky dogwood (Cornus o  ua Raf.) at Dunnville, Haldimand County, Ontario. Ontario Field B  gist",29(2),26,Ontario Field B  gist,29,2,26,35
351,1976,"Report No. 7 of the archivist of the McIlwraith Field Nati ists.  The Cardinal, 85 : 12 - 14.",Report No. 7 of the archivist of the McIlwraith Field Nati ists.  The Cardinal,85,12,The Cardinal,85,,12,14
352,1976,"Records of snakes and turtles un Ontario in the 1960s. Bulletin,Canadian Amphibian and Reptile Conservation Soci.  13 (6) : 1 - 3.",,,,,,,,
353,1976,"Birds seen in the Hawaiian Islands in January and February 76.  The Cardinal, 86 : 17 - 21.",Birds seen in the Hawaiian Islands in January and February 76.  The Cardinal,86,17,The Cardinal,86,,17,21
354,1976,"1,000 beer bottles ( $50.00 ) from Ontario roads in a yeai  The Probe (Pollution Probe London), 5 (2) : 2.",,,,00 ) from Ontario roads in a yeai  The Probe (Pollution Probe London),5,2,2,
355,1976,"Minutes of the Entomological Society of Ontario while head  tered in London, Ontario, 1872 - 1906, edited and with appendices. Occasional Paper No. 21, London Public Libraries, Gallerie useums",,,,,,,,
356,1976,"A praying mantis trapped in a spider web. Ontario Filed Bi ;ist,  30 (1) : 53 - 55.",,,,Ontario Filed Bi ;ist,30,1,53,55
357,1976,"Henry Philemon Attwater (1854-1931) and his museum in the  anics’ Institute (1886,1887) in London, Ontario. The Cardinal, 8  7 - 15.",,,,The Cardinal,8,,7,15
358,1977,"Insects associated with flowering bloodroot, Sanguinaria g  1ensis L., at Fanshawe Lake, Ontario. Entomological News, 88 (1/2) :  - 17.",,,,,,,,
359,1977,"Sighting of a black rat snake near Nelles Corners, in Fa t,D. 1977  Oriskany of Ontario. Department of Botany, University of  ern Ontario, 39 pages : 24,25.",,,,,,,,
360,1977,"An early morning bird hike to Saunders Pond in 1925 with a tograph  of the participants. The Cardinal, 88 : 10 - 12.",An early morning bird hike to Saunders Pond in 1925 with a tograph  of the participants. The Cardinal,88,10,The Cardinal,88,,10,12
361,1976,"Minutes of the London Mechanics’ Institute (1841-1895) edi and with  appendices. Occasional Paper No. 23, London Public Librar  Galleries Museums.",,,,,,,,
362,1977,"Insects associated with flowering coltsfoot (Tussilago Far  L.) at  Hyde Park, Middlesex County, Ontario. Ontario Field Biolo , 31 (1) :  43 - 46.",,,,Ontario Field Biolo,31,1,43,46
363,1977,"Spiders from milkweed. Asclepias syriaea L., at Dunnville, ario. Entomological News, 88 (7/8) : 207 - 209.",,,,Entomological News,88,7/8,207,209
364,1977,"Days on the Dundas Marsh - 1948. Wood Duck (Hamilton Nati ists'  Club), 31 (3) : 47 - 48.",,,,Wood Duck (Hamilton Nati ists'  Club),31,3,47,48
365,1977,"Birds seen in the Hawaiian Islands in January and Februar"" (7.  The Cardinal, 90 : 8 - 11.","Birds seen in the Hawaiian Islands in January and Februar"" (7.  The Cardinal",90,8,The Cardinal,90,,8,11
366,1977,"The Medway, where native men walked. The Hoot (Save The Mc  ""lnb). Autumn,1977, 2 pages.",,,,,,,,
367,1977,"Insects reared from the gall on redjak caused by Callirhytis lanata (Gillette) and on bur oak caused by Disholcaspis bassetti (Gillette)  in Ontario, Canada. Marcellia, 40 1/4) : 193-194. 368, 1978 The last four seasons (Twenty-eigh • to Thirty-one)1973-1977) of  Audubon Wildlife Films sponsored b - the McIlwraith Field Naturalists  of London, Ontario. The Cardinal, 91 : 10 - 12. 22 5  .","Insects reared from the gall on redjak caused by Callirhytis lanata (Gillette) and on bur oak caused by Disholcaspis bassetti (Gillette)  in Ontario, Canada. Marcellia, 40 1/4) : 193-194. 368, 1978 The last four seasons (Twenty-eigh • to Thirty-one)1973-1977) of  Audubon Wildlife Films sponsored b - the McIlwraith Field Naturalists  of London, Ontario. The Cardinal",91,10,Marcellia,40,,1,
369,1977,"Sowbugs and water-slaters (Imopoda) of Dunn Township, Hal  County, Ontario. Proceedings of the Entomological Societ.  (1976), 107 : 85 - 88. nd  Ontario,","Sowbugs and water-slaters (Imopoda) of Dunn Township, Hal  County, Ontario. Proceedings of the Entomological Societ.  (1976)",107,85,-1976,107,,85,88
370,1978,"Birds seen in the Hawaiian Islands in January and Februar  The Cardinal, 92 : 15 - 29. 78.",Birds seen in the Hawaiian Islands in January and Februar  The Cardinal,92,15,,,,,
371,1978,"A commotion caused in London, Ontario, by a northern brow  Bulletin, Canadian Amphibian and Reptile Conservation Soo  15 (5) : 3. ike.",,,,,,,,
372,1978,"Foul fate for Fox Hollow, she Hoot (Medway Valley News),  issue, 1978 : 5. 9  in-Summer",,,,,,,,
373,1978,"Insects associated with a colony of aphids, Brachycaudus  Scotch thistle, Onepordum acanthium L., at Dunnville, Ont  Entomological News, 89 (7 and 8) : 169 - 173. ui L., on",,,,,,,,
374,1978,"The executives ( Board of Directors ) of the McIlwraith F  Naturalists, 1967 - 1978.. The Cardinal, 93 : 11 - 13.","The executives ( Board of Directors ) of the McIlwraith F  Naturalists, 1967 - 1978.. The Cardinal",93,11,The Cardinal,93,,11,13
375,1978,"A diary of observations on birds written from 1906 to 191  Clifford Higgins, London, Ontario, edited and with append  . Phelps Publishing Co., London, Ontario 68 pages John",,,,,,,,
376,1978,"Insects associated with flowering hawkweed (Hiezaceum prat  and cinquefoil (Potentilla recta L.) at Dunnville, Haldiman  Ontario, Ontario Field Biologist, 32 (2) : 24 - 29.’ Tausch)  unty.",,,,,,,,
377,1978,"A long-eared owl (Asio otus) and its food at Carr’s Bridge  Reservoir, Elgin County, Ontario, Ontario Field Biologist  34 - 36. .Thomas  (2) :",,,,,,,,
378,1979,"Arthropods associated with helleborine orchid, Epipactis h  (L.) Crantz, at Dunnville, Ontario. Entomological News,90 borine : 41 044.",,,,,,,,
379,1979,"Early Naturalists and Natural History Societies of London,  Pgelps Publishing Co., 37 Bruce St., London, Ontario. 216 ario.  es",,,,,,,,
380,1978,"Harvestmen (Phalangida) of Dunn Township, Haldimand County,  Canada. Proceedings, Entomological Society of Ontari© (197  139 - 143. ario,  108 :",,,,,,,,
381,1979,"Birds seen in the Hawaiian Islands in January and February,  The Cardinal, 95 : 22 - 26. *","Birds seen in the Hawaiian Islands in January and February,  The Cardinal",95,22,,,,,
382,1979,"Death of a blue jay after twenty-two years in captivity.  Bird-Banding, 50 (1) ; 69.",,,,,,,,
383,1979,"Insects reared from galls on white oak caused by Callirhyti  (O.S.) and on bur oak caused by Disholcaspis mamma (Cresson avula  London, Ontario. Ontario Field Biologist, 33 (1) : 19 - 23.",,,,Ontario Field Biologist,33,1,19,23
384,1979,"A Catalogue and Index of the "" Spring Bird Notes "" prepared  McIlwraith Ornithological Club for London's Newspapers, 192  Phelps Publishing Co., London, Ontario. 37 pages. the  1923.",,,,,,,,
385,1979,"Trips by William Edwin Saunders (1861-1943) to Florida in 1  and 1913. The Cardinal, 97 : 8 - 14. 1908",Trips by William Edwin Saunders (1861-1943) to Florida in 1  and 1913. The Cardinal,97,8,The Cardinal,97,,8,14
386,1980,"Report No. 8 of the archivist of the McIlwraith Field Natur:  The Cardinal, 98 : 22 - 24.  . S. 23",Report No. 8 of the archivist of the McIlwraith Field Natur:  The Cardinal,98,22,8 of the archivist of the McIlwraith Field Natur:  The Cardinal,98,,22,24
387,1980,"An annotated catalogue of the collection of birds’ eggs ma  Gray Jones (1891-1956), London, Ontario. Phelps Publishin,  London, Ontario. 52 pages y Norval  •",,,,,,,,
388,1980,"Insects associated with flowering basswood, Tilia american  Dunnville, Haldimand County, Ontario. Ontario Field Biolo,  34 (1) : 33 - 39. , at",,,,Ontario Field Biolo,34,1,33,39
389,1980,"An account of the collection of microscope slides of John :  (1852-1854). Phelps Publishing Co., London, Ontario. 16 j ness",,,,,,,,
390,1980,"Eating wild food, in southern Ontario. Cardinal, 100 : 20 - •","Eating wild food, in southern Ontario. Cardinal",100,20,Cardinal,100,,20,
391,1980,"Diary of William W. Judd while employed with the Northern 1  at Goose Bay, Labrador, June, 1948, edited and with append  Phelps Publishing Co., 87 Bruce St., London, Ontario. 38 I it Survey •",,,,,,,,
392,1981,"Establishing the Hawaii - Ontario connection in the Judd L Families (Ontario Genealogical Society), 20 (3) : 155 - 158 7.",,,,,,,,
393,1981,"A bibliography of the natural history of Middlesex County,  the year 1980 with an historical introduction. Phelps Pub  London, Ont., 157 pages urio to ing Co.,",,,,,,,,
394,1981,"Birds seen in the Hawaiian Islands in May, 1980. Cardinal, 104 (Supplement) : 3 - 6.",,,,Cardinal,104,Supplement,3,6
395,1981,"396. 1981 Diary of William W. Judd while employed with the Northern j  in the Yukon Territory, June and July,1949, edited and with  Phelps Publishing Co., London, Ontario. 64 pages Ambush bug (Phymata wolfii Stal.) on wild carrot (Daucus ca  at Dunnville, Ontario. Ontario Field Biologist, 35(2) : 81 t Survey  endices. L.)","396. 1981 Diary of William W. Judd while employed with the Northern j  in the Yukon Territory, June and July,1949, edited and with  Phelps Publishing Co., London, Ontario. 64 pages Ambush bug (Phymata wolfii Stal.) on wild carrot (Daucus ca  at Dunnville, Ontario. Ontario Field Biologist",35(2),81,Ontario Field Biologist,35,2,81,
397,1981,"398. 1982 Insects associated with flowering bindweed (Convolvulus sep  Dunnville, Ontario. Ontario Field Biologist, 35 (2) : 88 -  A visit to London in May, 1866 by Louis-Ovide Brunet and th  plants he recorded. Cardinal, 107 : 10 - 15. LJ at  st of","398. 1982 Insects associated with flowering bindweed (Convolvulus sep  Dunnville, Ontario. Ontario Field Biologist, 35 (2) : 88 -  A visit to London in May, 1866 by Louis-Ovide Brunet and th  plants he recorded. Cardinal",107,10,Ontario Field Biologist,35,2,88,
399,1982,"Birds seen in the Hawaiian Islands in February, 1982. Cardi  5 - 8. 108 : 400.","Birds seen in the Hawaiian Islands in February, 1982. Cardi  5 - 8",108,400,,,,,
401,1982,"1982 A female opossum with young from Dunnville, Ontario. Ontario Field Piologist, 36(1) : 82. archivist of the Report No. 9 of the McIlwraith Field Naturalists. Cardinal  1-4.  / 3 (Supplemen","1982 A female opossum with young from Dunnville, Ontario. Ontario Field Piologist",36(1),82,Ontario Field Piologist,36,1,82,
402,1982,"A diary of observations by W.W.Judd on the Byron Bog (Sifto  at London, Ontario, 1961 - 1966, Phelps Publishing Co., Lond  48 pages Sanical Bog)  it.,",,,,,,,,
403,1983,"Herbert Milnes (1905-1980) : naturalist of Woodstock, Ontario  Cardinal,!!! (Supplement) : 11 - 12.",,,,,,,,
404,1983,"Some birds seen in the islands of the South Pacific, February  Wood Duck (Hamilton Naturalists' Club),36 (9) : 156-158,160 3.",,,,,,,,
405,1983,"' and index - Catalogue of the collection of documents,genealogies and ph  pertaining to the life,relatives and acquaintances of Wills  Wallace Judd (1883-1981) and his wife,Ruth Ferrier (Alley)  (1887-1951) deposited in the Regional History library, Unive  of Western Ontario, London, Ontario, Canada. Phelps Publishing  Ontario. 94 pages -"" raphs. y - ,London, 24",,,,,,,,
406,1984,"A resume of references to herpetology of Middlesex County,  Bulletin, Canadian Amphibian and Reptile Conservation Soci  21 (4) : 2,3. rio.",,,,,,,,
407,1984,"A diary of observations by W.W.Judd on the Byron Bog (Sift  Botanical Bog) at London, Ontario, 1967- 1980. Phelps Put  Co., London, Ont., 60 pages ing",,,,,,,,
408,1984,"Birds and butterflies seen in the Hawaiian Islands,March 19  Cardinal,116 (Supplement) : 5,6.",,,,,,,,
409,1984,"Annotated catalogue of the herbarium of William W. Judd dor  1984 to the University of Western Ontario, London, Ontario, C.  Phelps Publishing Co., London, Ont., 66 pages 1 in 1.",,,,,,,,
410,1984,"Six seasons of Audubon Wildlife films (.No.32,1977-1978 to  1982-1983) presented at Fanshawe College, London,Ontario.  Cardinal, 117 : 11 - 12. 37,","Six seasons of Audubon Wildlife films (.No.32,1977-1978 to  1982-1983) presented at Fanshawe College, London,Ontario.  Cardinal",117,11,Cardinal,117,,11,12
411,1984,"Insects associated with flowering teasel, Dipsacus sylvest Dunnville, Ontario. Proceedings, Entomological Society of 1  114 (1983) : 95 - 98.  ' at  rio, 4120 1985 The taxidermic kit of William Edwin Saunders (1861 - 1943)  in the London, Ontario historical museum. Cardinal,119 (Suj  13 - 15. jsited  ent) :",,,,' at  rio,4120,,1985,
413,1985,"Report No. 16 of the archivist of the McIlwraith Field Nati  Cardinal, 119 (Supplement) : 16,17. .sts.",,,,16 of the archivist of the McIlwraith Field Nati  Cardinal,119,Supplement,16,
414,1985,"Historical account of the Byron Bog (Sifton Botanical Bog)  Ontario with a record of property transfers to the year 198  Half, Lot 25, Concession I, London Township which includes  Phelps Publishing Co., London, Ont., 61 pages",,,,,,,,
415,1985,"he inornate ringlet, Coenonympha tullia inornata edwards,  to the butterfly fauna of Dunnville, Ontario. Wood Duck, 39 ondon,  t North  bog. ddition  : 22.",,,,,,,,
416,1986,"Some birds seen in Australia in 1985. wood Duck, 39 (5): 6.",,,,wood Duck,39,5,6,
417,1986,"Some birds seen in New Zealand in 1985. Wood Duck, 39 (9) 5 - 146.",,,,Wood Duck,39,9,5,146
418,1986,"The broad-winged skipper, Poanes viator (Edwards), an addit.  butterfly fauna of Dunnville, Ontario with further comments  inornate ringlet. Wood Duck, 40 (1) : 6 - 7. -0 the  the",,,,Wood Duck,40,1,6,7
419,1986,"Some birds seen in Kapiolani Park,Honolulu, Hawaii,April 198  Cardinal, 124 - 11 - 12.",,,,,,,,
420,1986,"Some birds seen in Jamaica and St. Lucia in 19860  Wood Duck, 40 (3) : 38 - 39.",,,,Lucia in 19860  Wood Duck,40,3,38,39
421,1986,"Catalogue of columns on natural history, "" Nature’s Diary "",  Brooker Klugh (1882 - 1932) published in the Farmer’s Advoca  1925, at London, Ontario, Canada. Phelps Publishing Co., Lo:  Ont., 42 pages Alfred 912 to",,,,,,,,
422,1986,"Insects associates with flowering spicebush, Lindera Benzoil,  in Ekfrid Township, Middlesex County, Ontario. Cardinal, 12! ) Blume,  7 - 20.",,,,,,,,
423,1987,"Another opossum found at Dunnville,Ontario 1985. Wood Duck,40 (7) : 109.",,,,Wood Duck,40,7,109,
424,1987,"References to herpetology in nature columns by A.B.Klugh in  Advocate, Bulletin, Canadian Amphibian and Reptile Conserva  Society, 24 (2) : 2. Farmer *s",,,,,,,,
425,1987,"Insects associated with flowering red-osier dogwood,Cornus s tiferà Michx., at Dunnville, Ontario. Wood Duck,41(2) : 20 ,27.","Insects associated with flowering red-osier dogwood,Cornus s tiferà Michx., at Dunnville, Ontario. Wood Duck",41(2),20,Wood Duck,41,2,20,
426,1987,", .  25 tat  e  , Annotated diaries of Helena Freelove Wallacw (1884-1982) in Ontario,1899 and of William Wallace Judd (1883-1981) on a t  Europe,1911. Phelps Publishing Co., London, Ontario, 39 pages onto,  of",,,,,,,,
427,1987,"Report No. 11 of the archivist of the McIlwraith Field Naturi Cardinal,129 : 20 - 21 sts.",Report No. 11 of the archivist of the McIlwraith Field Naturi Cardinal,129,20,11 of the archivist of the McIlwraith Field Naturi Cardinal,129,,20,21
428,1987,"One season (No. 38) of Outdoor Film Adventures presented at  Gospel Temple, London, Ontario, 1983 - 1984. Cardinal,129 : 2; London","One season (No. 38) of Outdoor Film Adventures presented at  Gospel Temple, London, Ontario, 1983 - 1984. Cardinal",129,2,Cardinal,129,,2,
429,1988,"Some birds seen in islands of the South Pacific and Hawaii i  Wood Duck (Hamilton Naturalists' Club), 41 (5) : 76,77 87.",,,,,,,,
430,1988,"More recipes for wild food in southern Ontario. Cardinal,1 22,23",,,,Cardinal,1,,22,
431,1988,"Prairie buttercups once grew in St.Paul’s Old Cemetery,  Cardinal (Supplement),13lb : 2,3",,,,,,,,
432,1988,"Insects associated with flowering staghorn sumac, Rhus typhin , at Dunnville,Ontario. Wood Duck (Hamilton Naturalists' Clul  41 (9) : 130 - 131",,,,,,,,
433,1988,"Your Scoops - Bora Bora. Travel Scoop, The Consumer Newslat Canadian Travellers,6(5) : 3 or","Your Scoops - Bora Bora. Travel Scoop, The Consumer Newslat Canadian Travellers",6(5),3,,,,,
434,1988,"Insects trapped by flowers of milkweed (Asclepias syriaca L. Dunnville, Ontario. Wood Duck(Hamilton Naturalists' Club),42 :26,27","Insects trapped by flowers of milkweed (Asclepias syriaca L. Dunnville, Ontario. Wood Duck(Hamilton Naturalists' Club)",42,26,Wood Duck(Hamilton Naturalists' Club),42,,26,
435,1988,"Annotated catalogue of the meetings,1890 to 1987, of the Mcl  Field Naturalists of London, Ontario. Phelps Publishing Co.,  Ontario,87 pages ith  on.",,,,,,,,
436,1989,"Insects reared from globular galls on Rosà blanda caused by  wasps (Hymenoptera : Cynipidae). Transactions,American Micro  Society, 108 (1) : 101 - 104 ical",,,,,,,,
437,1989,"Backyard composting. Cardinal, 135 : 10",Backyard composting. Cardinal,135,10,Cardinal,135,,10,
438,1989,"Three pastors of Dundas Center Methodist Church active as sc  Cardinal,135b (Supplement) : 6,7 ists.",,,,,,,,
439,1989,"Catalogue of documents pertaining to the life and activities  Wallace Judd,Professor Emeritus (Zoology),University of Weste  deposited in the Regional History Library, University of West  London, Ontario, Canada. Phelps Publishing CO., London, Ontario, illiam  Ontario,  ntario,  ges",,,,,,,,
440,1989,"Insects associated with flowering purple-flowerung raspberry  odoratus L.) at Dunnville,Ont. Wood Duck (Hamilton Naturalise  43 (1) : 7. us  Club),",,,,,,,,
441,1989,"Peters ' Swamp : The first recorded field trip of the McIlwrai  Peters * Swamp, January 10, 1891. Cardinal,137 : 11,12 lub.","Peters ' Swamp : The first recorded field trip of the McIlwrai  Peters * Swamp, January 10, 1891. Cardinal",137,11,Cardinal,137,,11,
442,1990,"An opossum, Didelphis vir iniana, captured at London, September,  Cardinal,138 : 24,25","An opossum, Didelphis vir iniana, captured at London, September,  Cardinal",138,24,,,,,
443,1990,"Insects associated with flowering chicory,Cichorium intybus L.  Dunnville, Ont. Wood Duck (Hamilton Naturalists* Club),43(8)|",,,,,,,,
444,1990,"Report No. 12 of the archivist of the McIlwraith Field Natura Cardinal,139 : 25 - 27 •",Report No. 12 of the archivist of the McIlwraith Field Natura Cardinal,139,25,12 of the archivist of the McIlwraith Field Natura Cardinal,139,,25,27
445,1990,"Sifton Botanical Bog. Cardinal, 139(b)(Supplement) : 8 26",,,,,,,,
4416,1990,"Te cabin of W.Z.Sainders at Westminster Ponds. Cardinal,1 21,22",,,,Cardinal,1,,21,
448,1990,"The founding meeting of the MFN. Cardinal, 141 : 14-15",The founding meeting of the MFN. Cardinal,141,14-15,Cardinal,141,,14,15
449,1991,"A slender blind shake, Leptotyphlops dulcis, imported into  nursery stock. Bulletin,Canadian Amphibian and Reptile Con  Society, 26(6) : 1 ario in  ation","A slender blind shake, Leptotyphlops dulcis, imported into  nursery stock. Bulletin,Canadian Amphibian and Reptile Con  Society",26(6),1,,,,,
450,1991,"The old channel of the Thames River : a locale for nesting:  Cardinal, 142 : 23 - 21, is.",The old channel of the Thames River : a locale for nesting:  Cardinal,142,23,,,,,
451,1991,"Henry’s marsh moth and its parasites reared from cat-tail,  at London, Ontario o Cardinal, 143 : 12,13 a latifolia","Henry’s marsh moth and its parasites reared from cat-tail,  at London, Ontario o Cardinal",143,12,,,,,
452,1991,"Nesting of the prairie horned lark at London, Ontario,1958-1 Cardinal, 144 : 15,16 •","Nesting of the prairie horned lark at London, Ontario,1958-1 Cardinal",144,15,,,,,
453,1991,"Reverend William Proudfoot (1788-1851) and his observations  in London Township, 1833-1834. Cardinal, 1,5 : 22 - 24 nature","Reverend William Proudfoot (1788-1851) and his observations  in London Township, 1833-1834. Cardinal, 1",5,22,,,,,
454,1991,"Annotated correspondence, 1901 - 1928, of Sarah Agnes Saun  (1836-1915) ""illiam Edwin Saunders (1861 - 1943; and Edgar Serle Dale (1883-1948) with Lewis McIver Terrill4l878-1968,  Phepls Publishing Co., London, Ont. 104 pages rille",,,,,,,,
455,1991,"Annotated catalogue and index of columns on nature written  W. Agnos (1927-1991), for London Free Press, 1989 - 1991. Phelps Publishing Co., London, Ont., 20 pages lohn",,,,,,,,
456,1992,"Annotated minutes of the meetings, 1920 to 1923, of the MeJ  Ornithological Club,London,Ontario,Canada. Phelps Publishir  London, Ont. 81 pages ith",,,,,,,,
457,1992,"Insects associated with flowering sow-thistle, Sonchus arver.  at Dunnville, Ontario. Cardinal, 146 : 22 L.,","Insects associated with flowering sow-thistle, Sonchus arver.  at Dunnville, Ontario. Cardinal",146,22,Cardinal,146,,22,
458,1992,"Report No. 13 of the archivist of the McIlwraith Field Natu  Cardinal, 146 : 27 - 29 sts.",Report No. 13 of the archivist of the McIlwraith Field Natu  Cardinal,146,27,13 of the archivist of the McIlwraith Field Natu  Cardinal,146,,27,29
459,1992,"Catalogue of items added from 1974 to 1992 to the archives Cronyn Memorial Anglican Church, London, Ontario, Canada. Phelps Publishing Co.,london,Ont.,44 pages ishop",,,,,,,,
460,1992,".insects associated with flowering multiflora rose,Rosa mult? Thumb., at Dunnville, Ontario. Cardinal,1,7 : ;6,17 a",,,,,,,,
461,1992,"Birds/of/Knt Some birds seen in Antigua,March,1992. (3-page script)",,,,,,,,
462,1992,"Insects associated with flowering spearmint,Mentha spicata) Dunnville, Ontario. Cardinal,148 : 22,23 t","Insects associated with flowering spearmint,Mentha spicata) Dunnville, Ontario. Cardinal",148,22,Cardinal,148,,22,
463,1992,"More naturalists and their work in southern Ontario. printed by Hearn/Kelly Printong Co.,London,Ont.,60 pages",,,,,,,,
464,1992,"Insects associated with flowering purple loosestrife (Lythru  at Dunnville, Ontario. Cardinal,149 : 12,13. Licaria L.)","Insects associated with flowering purple loosestrife (Lythru  at Dunnville, Ontario. Cardinal",149,12,Cardinal,149,,12,
465,1993,"Annotated memoirs of Albert H. Dobson (1888-1969) concerning  from 1888 to 1923 in London Township and Petersville,Middles Ontario,Canada. Phelps Publishing Co., London,Ont., 50 pages life  ounty.",,,,,,,,
466,1993,"Reminiscences in 1923 by members of the McIlwraith Omit)  Club about the passenger pigeon in the vicinity of London  Cardinal,150 : 21 ' ical",Reminiscences in 1923 by members of the McIlwraith Omit)  Club about the passenger pigeon in the vicinity of London  Cardinal,150,21,,,,,
467,1993,"Annotated correspondence,1878, of Emma (Hearle) Bate (181  Dunn Township,Haldimand County, Ontario. Phelps Publishing  London,Ont., 50 pages 95),  »",,,,,,,,
468,1993,"Insects associated with flowering mossy stonecrop,Sedum a  at London, Ontario. Cardinal,151 : 21. L.,","Insects associated with flowering mossy stonecrop,Sedum a  at London, Ontario. Cardinal",151,21,Cardinal,151,,21,
469,1993,"Resume of catalogues of columns on nature and conservatio  of London, Ontario, 1912-1992 with a catalogue of columns o  Thomas N. Hayman in London Free Press, 1963 - 1992. Phelp  Co.,London,Ont.,63 pages newspapers  ture by  blishing",,,,,,,,
470,1993,"Report No. 14 of the archivist of the Cilwrait  Naturalists. Cardinal,152 : 17,18  "" ield",Report No. 14 of the archivist of the Cilwrait  Naturalists. Cardinal,152,17,Cardinal,152,,17,
471,1993,"The first Christmas censuses of birds. Cardinal,153 : 13",The first Christmas censuses of birds. Cardinal,153,13,Cardinal,153,,13,
472,1994,"Annotated minutes of the meetings,1924-1927, of the Meli Ornithological Club, London, Ontario, Canada. Phelps Publis Co., London,Ont, 95 pages th",,,,,,,,
473,1994,"Annotated diary written in 1870 by Elizabeth (Wallace) J  (1846-1915) while living in Millbrook and Lindsay,Ontari'  Phelps Publishing Co., London, Ont., 83 pages nada.",,,,,,,,
474,1994,"Oakland cemetery as a haunt for bird-watchers and plant­ Cardinal, 154 : 20,21 ers.",Oakland cemetery as a haunt for bird-watchers and plant­ Cardinal,154,20,,,,,
475,1994,"Noted historian enjoyed bird-watching. Western News,30(1 4,March 24",,,,,,,,
476,1994,"The home of W.E.Saunders at 24,0 Central Avenue, London. Cardinal,155 : 24,25","The home of W.E.Saunders at 24,0 Central Avenue, London. Cardinal",155,24,Cardinal,155,,24,
477,1994,"The great pilgrimage by the McIlwraith CRub to Kingsville  1934. Cardinal,156 : 20 March,",The great pilgrimage by the McIlwraith CRub to Kingsville  1934. Cardinal,156,20,Cardinal,156,,20,
478,1994,"Memorabilia of Helen Irene Battle (1903-1994), University Western Ontario, London, Ontario. Phelps Publishing Co., Loin Ont.,68 pages",,,,,,,,
479,1994,"Dr.Helen I. Battle (1903-1994) and her talks to the Mell Cardinal, 157 : 21 ,h Club.",Dr.Helen I. Battle (1903-1994) and her talks to the Mell Cardinal,157,21,Battle (1903-1994) and her talks to the Mell Cardinal,157,,21,
480,1995,"Annotated minutes of the meetings,1928 to 1931,0f the Mc.  Ornithological Club,Tandon,Ontario,Canada. Phelps Publish  London,Ont., 104 p. ith  Co.,",,,,,,,,
481,1995,"A diary of observations by W.W.Judd on the Sifton Botanic  (Hyron Bog) at London,Ontario, 1981 - 1993. Phelps Publish  London,Ont.,25 pages log  Co.,",,,,,,,,
482,1995,"Maple Grove Farm,the property of William Saunders (1836-19  London Township,1868-1882, Cardinal,158 : 20,21 in","Maple Grove Farm,the property of William Saunders (1836-19  London Township,1868-1882, Cardinal",158,20,,,,,
483,1995,"William Saunders (1836-1914) and his porperty at Mount Ple  Cemetery, London, Ontario, 1877-1888, Cardinal,159 : 22,23 ■t","William Saunders (1836-1914) and his porperty at Mount Ple  Cemetery, London, Ontario, 1877-1888, Cardinal",159,22,,,,,
484,1995,"Annotated diaries of Helena F. Judd (1848-1884) while liv  Shortsville,New York,U.S.A 0,1866,1868 and of Helena F. Wal  (1884-1982) while teaching school at Fairbairn,Victoria Co  Ontario, Canada, 1903. Phelps Publishing Co.,London, Ont.,78 n »  •s 28 28",,,,,,,,
485,1995,"Memorabilia of research on the Dundas Marsh, Hamilton, Ontarii  nada, 1946 to 1948. Phelps Publishing Co., London, Cnt.,81 pages 486.. 1995 Observations on the heronry in Lot 24, Concession VII,London Township. Cardinal,160 : 24. 487.. 1995 Th« W.E,Saunders, bird sanctuary established at Arva, Ontario  1936. Cardinal, ibi - 18,19","Memorabilia of research on the Dundas Marsh, Hamilton, Ontarii  nada, 1946 to 1948. Phelps Publishing Co., London, Cnt.,81 pages 486.. 1995 Observations on the heronry in Lot 24, Concession VII,London Township. Cardinal",160,24,Cardinal,160,,24,
488,1995,"My bird list of 1931-1932 at Hamilton. Wood Duck,48(8):98,99",My bird list of 1931-1932 at Hamilton. Wood Duck,48(8),98,Wood Duck,48,8,98,
489,1996,"Annotated minutes of the meetings,1932 to 1935,of the McIlwi  Ornithological Club, London, Ontario, Canada. Phelps Publishin  ., London, Ont., 106 pages",,,,,,,,
490,1996,""" Buster "", the mourning dove who belonged to the Mcllwraith  Ornithological Club. Cardinal,162 : 24",""" Buster "", the mourning dove who belonged to the Mcllwraith  Ornithological Club. Cardinal",162,24,Cardinal,162,,24,
491,1996,"Historical account of the Windy Bluff Camp of the Judd famij is  adjacent properties on Lot 1,Concession IV south of the Dove  ad, Dunn Township,Haldimand County, Ontario Phelps Publishing Co  London, Ont., 82 pages  /834-1995",,,,,,,,
492,1996,"Roger Thomas Hedley (1879-1947), farmer and naturalist of Lob wnship  Cardinal,163 : 20,21 493 o 1996 Annotated diaries, including observations on birds, written by  mas N.Hayman in 1938 and 194,0 at London and St.Catharines, Ontari nada.  Phelps Publishing Co.,London,Ont.,79 pages","Roger Thomas Hedley (1879-1947), farmer and naturalist of Lob wnship  Cardinal",163,20,,,,,
494,1996,"Annotated catalogue of titles of articles by W.W.Judd on the  trail history of Dunn Township,Haldimand County,Ontario,1950 to 199  Phelps Publishing Co., London, Ont.,12 pages",,,,,,,,
495,1996,"Insects associated with flowering Canada anemone, Anemone cana  is L., at Dunnville, Ontario. Cardinal, 164, : 24,25",,,,,,,,
496,1997,"Annotated minutes of the meetings,1936 to 1939, of the Mcllwr Ornithological Club, Londen,Ontario, Canada. Phelps Publ. Co.,1  1, Ont.,108 pages",,,,,,,,
497,1997,"A nest of an organ-pipe mud dauber. Cardinal,166 : 20",A nest of an organ-pipe mud dauber. Cardinal,166,20,Cardinal,166,,20,
498,1997,"James Edward Keays (1867-1954),second president of the Mcllwr;  Club, and his relatives who were active in the club. Cardinal,  166 : 26 - 29","James Edward Keays (1867-1954),second president of the Mcllwr;  Club, and his relatives who were active in the club. Cardinal",166,26,Cardinal,166,,26,29
499,1997,"Memorabilia of the Judd family at King’s College School at Win,  Nova Scotia,1914 to 1927. Phelps Publishing Co., London, Ont.,95  es",,,,,,,,
500,1997,"Insects associated with flowering blue vetch,Vicia cracea L.,a  Dunnville, Ontario. Cardinal, 167 : 25","Insects associated with flowering blue vetch,Vicia cracea L.,a  Dunnville, Ontario. Cardinal",167,25,Cardinal,167,,25,
501,1997,"Annotated observations on birds by Norman Chesterfield (1913-1  of Wheatley, Ontario included in nature columns writ en by Thomas !  yman in London Free Press. Phelps Publishing Co.,17 pages",,,,,,,,
502,1997,"Foreword (2 pages) in Wake,Winifred (editor) 1997 A Nature Guic■  Ont rio. Unjmersity of Toronto Press, Toronto,469 pages",,,,,,,,
503,1997,"Report No. 15 of the archivist of the, Mcllwraith Field Naturali  Cardinal,168 : 26,27","Report No. 15 of the archivist of the, Mcllwraith Field Naturali  Cardinal",168,26,,,,,
504,1997,"A record of observations on birds made by Dougaid Murray of Ek :  Township and reported in the London Free Press, 1954-1991. Cardinal ;169 : 20,21 29 505. Annotated minutes of the meetings,1940 to 1942,of the McIlwraith 1990 Ornithological Club, London, Ontario, Canada. Phelps Publishing Co London, Ont .,78 pages 506. Annotated diary written in 1943 by John Patrick Judd_(1918-1962) Le  /9qg with the Royal Canadian Air Force during World War II. Phelps Publushing Co.,London,Ont.,154 pages 507. A trip down the Thames River from London to Lake St.Clair made i  4g by W.E.Sau nders. Cardinal,171 * 26,27 81 508. Seventy-five years of documents (1923-1998) pertaining to the p rvation  945 of the Westminster Ponds and Pind Mills at London, Ontario, Cana Phelps Publishing Co., London, Ont., 85 pages 509. Catalogue and index of columns on nature written,1992-1998, by  /^ Cook and Winifred Wake for London Free Press, Phelps Publishing, 7.0 | London, Ont., 24 pages' 510. Insects associated with flowering white sweet-clover,Melilotus :  Desv., 199, at Dunnville,Ontario. Cardinal,172 : 31 511. My accuaintance with the Burgess Nature Books. Wood Duck (Hamilt  7A( Naturalists Club), 52 (1) : 23,24 512 . Records of diatoms reported at London, Ontario in 1870 by Willia ter  VAIE (1849-1919). Cardinal,173 : 35 513. Annotated minutes of the meetings,1943 to 1949, of the Meliwrai  fqiq Ornithological Club,London, Ontario, Canada. Phelps Publishing Co * London,Ont. 117 pages 514. Annotated diary written in 1944 by John Patrick Judd (1919-1962  |0q, while with the Royal Canadian Air Force during World War II. 2 Phelps Publishing Co .London, Ont. ,74 pages 515. A drink produced from the fruit of downy arrow-wood, Viburnum r esquianum.  159? Cardinal, 174 : 29","A record of observations on birds made by Dougaid Murray of Ek :  Township and reported in the London Free Press, 1954-1991. Cardinal ;169 : 20,21 29 505. Annotated minutes of the meetings,1940 to 1942,of the McIlwraith 1990 Ornithological Club, London, Ontario, Canada. Phelps Publishing Co London, Ont .,78 pages 506. Annotated diary written in 1943 by John Patrick Judd_(1918-1962) Le  /9qg with the Royal Canadian Air Force during World War II. Phelps Publushing Co.,London,Ont.,154 pages 507. A trip down the Thames River from London to Lake St.Clair made i  4g by W.E.Sau nders. Cardinal,171 * 26,27 81 508. Seventy-five years of documents (1923-1998) pertaining to the p rvation  945 of the Westminster Ponds and Pind Mills at London, Ontario, Cana Phelps Publishing Co., London, Ont., 85 pages 509. Catalogue and index of columns on nature written,1992-1998, by  /^ Cook and Winifred Wake for London Free Press, Phelps Publishing, 7.0 | London, Ont., 24 pages' 510. Insects associated with flowering white sweet-clover,Melilotus :  Desv., 199, at Dunnville,Ontario. Cardinal",172,31,Cardinal ;169 : 20,21,,29,
516,1999,"Memorabilia of theEstomologieal Seciety of Ontario and its ton Branch  (1864-1881) while headquartered in London, Ontario from 1872 to . Phelps Publishing Ce.,London,Ont., 74 sages",,,,,,,,
517,1999,"A beetle living in a gall produced by another insect on bui at  London. The Cardinal, 175 : 23",A beetle living in a gall produced by another insect on bui at  London. The Cardinal,175,23,The Cardinal,175,,23,
518,1999,"Catalogue and index of columns on nature written in 1998 b.  Winifred Wake for London Free Press. Phelps Publishing Co., Lond  ht.  11 pages",,,,,,,,
519,1999,"Records of ferns and their allies reported at London, Cañad:  it,  in 1864 by George Lawson (1827-1895). The Cardinal, 176 : 38,39 520  1000 TA 2 __ 1  -1  .  .  -","Records of ferns and their allies reported at London, Cañad:  it,  in 1864 by George Lawson (1827-1895). The Cardinal",176,38,The Cardinal,176,,38,
220,1999,"London s geologists involved in the solution of the "" Doi ter  Mystery "" in 1895. The Cardinal,177 : 31 521. 2000 Annotated minutes,1950 to 1955, of the Mcllwraith Ornithe cal  Club,London,Ontario,Canada. Phelps Publishing,Co.,London,Ont. pages 522. 2000 A large white mulberry,Morus alba,at the Lake Erie shore. The Cardinal, 178 : 30 30 523. 2000 Addendum to the catalogue and index of the collection or it  pertaining to the lives or willism Wallace Jude (1883-1981) and  terrier Judd (1887-1951) deposited in the Regional History Colle  University of Western Ontario, London, Ontario, Canada. Phelps Pub)  Co.,London,Ont.,49 pages 524. 2000 Insects associated with flowering gray dogwood, Cornus racemo  at Dunnville,Ontario. The Cardinal,179 : 34,35 525. 2000 A diary of observations by W.W.Judd on the Sifton Botanical  (Byron Bog) at London, Ontario, 1994 - 1999. Phelps Publishing Co  London,Ont., 18 pages 526. 2000 Report No. 16 of the archivist of the Mcllwraith Field Natur  The Cardinal,180 : 28,29 527. 2000 Kildeer nest on the Lake Erie shore. The Wood Duck, 54(3): 528. 2000 Hover flies feeding on pollen of orchard grass, Dactylis glc  at London, Ontario. The Cardinal, 181 : 26 529. 2001 Annotated minutes of the meetings,1956 to 1960,of the Mollv  Ornithological Club,London, Ontario, Canada. Phelps Publishing Co.  London, Ont ., 81 pages 530.  2001 Memorabilia of the activities of William W. Judd while with  Canadian Meteorological Service during World War 11,1942-1945.  Phelps Publishing Co.,London,0nt.,98 pages ( 531.  2001 A large white ash,Fraxinus americana L.,in Logan Township,1  County, Ontario. The Cardinal,182 : 24, 25 532.  2001 Memorabilia of Robert Elliott (1858-1902),poet and natural  Plover Mills,Middlesex County,Ontario. Phelps Publishing Co., Lor  Ont.,75 pages 533.  2001 A skunk visiting in my backyard in daylight. The Cardinal,] 534. 2001 The Duncan family of Lambton County and their interest in ti  geology of Kettle Point. The Cardinal,184 : 42,43 535. 2001 A young great horned owl. The Wood Duck, 55(3) : 60 536. 2001 A mountain-ash sapling growing from a Kentucky Coffee tree.  The Cardinal,185 : 25 537. 2002 Annotated minutes of the meetings,1961 to 1969,of the Mcilw  Ornithological Club, London, Ontario,Canada. Phelps Publishing Co.,  London,Ont.,168 pages 538. 2002 Articles by William W. Judd included in issues of The Crony;  of Bishop Cronyn Memorial Church, London,Ontario, Canada, 1972-2000.  Publishing Co.,London,Ont.,81 p. 539. 2002 The moths of the vicinity of Dunnville, Ontario. The Wood Duc  105 - 107 540. 2002 Early observations of harbinger-of-spring,Erigenia bulbosa (  in the vicinity of London, Ontario. The Cardinal 186 : 32 541. 2002 Annotated catalogue of the meetings,1988 to 2001, of the Mell  Field Naturalists of London, Ontario. Phelos Publishing Co., London  28 pages 542. 2002 A luna moth at McMaster - 1950. The Wood Duck,55 (8) : 172 n,  ng am., its. ta 1., h f 43 onicle Lps (5): c.)Nutt.,  th •3 31 543. 2002 insects reared from galls on willow,oak and goldemrod in the iity  of London, Ontario. Che Cardinal 187 : 27  -  "" 544. 2002 John Higgins and Norval Jones encounter a raccoon, 1908. The inal,  188 € 30 545. 2002 House sparrows and robins sharing a nesting site in London. The Cardinal, 189 : 19 546. 2003 A journal of visits to Hawaii by William W. and Kathryn E. J  1976-1987, with an account of birds seen in the islands. Phelps Pu hing  Co., London,Ont., 110 pages 547. 2003 Mudpuppies washed up on the Lake Erie beach at Dunnville.  The Wood Duck,56(4) : 110 548. 2003 One hundred years of the rectory of Bishop Cronyn Memorial C h,  430 William St. •, London, Ontario, from parsonage to seniors’ retirem home.  Pheßs Publishinhg Co.London, Ont.,99 pages 549. 2003 Record of documents, 1969-2002, pertaining to the preservation  Reservoir Hill, London, Ontario * Phels Publishing Co.,London, Ont.,81 es 550. 2003 Update on the mountain-ash growing from my Kentucky Coffee Tr  The Cardinal,190 : 19 551. 2003 A carpenter bee nesting in a fence post. The Cardinal, 191 -1","London s geologists involved in the solution of the "" Doi ter  Mystery "" in 1895. The Cardinal",177,31,The Cardinal,177,,31,