name,orcid,openalex_id,scopus_id,wikipedia_id,mag_id,twitter,affiliation_years
Richard J. Puddephatt,https://orcid.org/0000-0002-9846-3075,https://openalex.org/A5021402070,,,,,"2025, 2024, 2023, 2022, 2021, 2020, 2019, 2018, 2017, 2016"
Peng,,https://openalex.org/A5111387888,,,,,2024
Brian G. Feagan,https://orcid.org/0000-0002-6914-3822,https://openalex.org/A5048464948,,,,,"2025, 2024, 2023, 2022, 2021, 2020, 2019, 2018, 2017, 2016"
Robert A. Hegele,https://orcid.org/0000-0003-2861-5325,https://openalex.org/A5035358062,,,,,"2025, 2024, 2023, 2022, 2021, 2020, 2019, 2018, 2017, 2016"
Peter Boyle,https://orcid.org/0000-0001-6251-0610,https://openalex.org/A5011749185,http://www.scopus.com/inward/authorDetails.url?authorID=26643526600&partnerID=MN8TOARS,,,,"2025, 2023"
Xueliang Sun,https://orcid.org/0000-0003-0374-1245,https://openalex.org/A5027533708,,,,,"2025, 2024, 2023, 2022, 2021, 2020, 2019, 2018, 2017, 2016"
John Whalley,,https://openalex.org/A5108699338,,,,,"2024, 2020, 2019, 2018, 2017, 2016, 2015, 2014, 2013, 2012"
Joy C. MacDermid,https://orcid.org/0000-0001-9311-7379,https://openalex.org/A5062241157,,,,,"2025, 2024, 2023, 2022, 2021, 2020, 2019, 2018, 2017, 2016"
Amit X. Garg,https://orcid.org/0000-0003-3398-3114,https://openalex.org/A5001731019,,,,,"2025, 2024, 2023, 2022, 2021, 2020, 2019, 2018, 2017, 2016"
George Klein,,https://openalex.org/A5109158685,,,,,2024
Joshua M. Pearce,https://orcid.org/0000-0001-9802-3056,https://openalex.org/A5064793135,http://www.scopus.com/inward/authorDetails.url?authorID=7402030722&partnerID=MN8TOARS,,,,"2025, 2024, 2023, 2022, 2021, 2020, 2018, 2017, 2016, 2015"
Janet Pope,https://orcid.org/0000-0003-1479-5302,https://openalex.org/A5023213876,,,,,"2025, 2024, 2023, 2022, 2021, 2020, 2019, 2018, 2017, 2016"
Douglas Carroll,,https://openalex.org/A5109830610,,,,,"2025, 2024"
G. R. Osinski,https://orcid.org/0000-0002-1832-5925,https://openalex.org/A5060508061,,,,,"2025, 2024, 2023, 2022, 2021, 2020, 2019, 2018, 2017, 2016"
Emil H. Schemitsch,https://orcid.org/0000-0002-6435-9069,https://openalex.org/A5086444103,,,,,"2025, 2024, 2023, 2022, 2021, 2020, 2019, 2018, 2017, 2016"
J. David Spence,https://orcid.org/0000-0001-7478-1098,https://openalex.org/A5016780725,http://www.scopus.com/inward/authorDetails.url?authorID=7201644534&partnerID=MN8TOARS,,,,"2025, 2024, 2023, 2022, 2021, 2020, 2019, 2018, 2017, 2016"
Graham J.W. King,https://orcid.org/0000-0002-5975-6051,https://openalex.org/A5079130465,http://www.scopus.com/inward/authorDetails.url?authorID=55767191500&partnerID=MN8TOARS,,,,"2024, 2023, 2022, 2021, 2020, 2019, 2018, 2017, 2016, 2015"
Keith A. Hobson,https://orcid.org/0000-0002-2525-1178,https://openalex.org/A5057095749,,,,,"2025, 2024, 2023, 2022, 2021, 2020, 2019, 2018, 2017, 2016"
Aaron Fenster,https://orcid.org/0000-0003-3525-2788,https://openalex.org/A5004966232,,,,,"2025, 2024, 2023, 2022, 2021, 2020, 2019, 2018, 2017, 2016"
Geoffrey Wood,https://orcid.org/0000-0001-9709-1823,https://openalex.org/A5034762665,http://www.scopus.com/inward/authorDetails.url?authorID=10043338900&partnerID=MN8TOARS,,,,"2025, 2024, 2023, 2022, 2021, 2020, 2019, 2018, 2017, 2015"
George J. Klein,https://orcid.org/0000-0003-4599-2771,https://openalex.org/A5042749455,,,,,"2025, 2024, 2023, 2022, 2020, 2019, 2018, 2017, 2016, 2015"
Bruce G. Pollock,https://orcid.org/0000-0003-0802-3998,https://openalex.org/A5000921316,,,,,2025
Jesse Zhu,https://orcid.org/0000-0001-7749-8917,https://openalex.org/A5086013783,http://www.scopus.com/inward/authorDetails.url?authorID=8845191100&partnerID=MN8TOARS,,,,"2025, 2024, 2023, 2022, 2021, 2020, 2019, 2018, 2017, 2016"
Vladimir Hachinski,https://orcid.org/0000-0002-0487-734X,https://openalex.org/A5082852366,,,,,"2025, 2024, 2023, 2022, 2021, 2020, 2019, 2018, 2017, 2016"
G. Cornelis van Kooten,https://orcid.org/0000-0003-1780-7065,https://openalex.org/A5083056018,,,,,"2025, 2024, 2023"
Melvyn A. Goodale,https://orcid.org/0000-0001-6748-0561,https://openalex.org/A5023929999,http://www.scopus.com/inward/authorDetails.url?authorID=35510995700&partnerID=MN8TOARS,,,,"2025, 2024, 2023, 2022, 2021, 2020, 2019, 2018, 2017, 2016"
Joseph L. Chin,https://orcid.org/0000-0002-1171-1436,https://openalex.org/A5046888497,,,,,"2025, 2024, 2023, 2022, 2021, 2020, 2019, 2018, 2017, 2016"
M. Hesham El Naggar,https://orcid.org/0000-0001-9366-0267,https://openalex.org/A5027475490,,,,,"2025, 2024, 2023, 2022, 2021, 2020, 2019, 2018, 2017, 2016"
Vipul Jairath,https://orcid.org/0000-0002-1092-0033,https://openalex.org/A5034135548,,,,,"2025, 2024, 2023, 2022, 2021, 2020, 2019, 2018, 2017, 2016"
Ahmed M. Abbas,https://orcid.org/0000-0002-2359-2729,https://openalex.org/A5100617339,http://www.scopus.com/inward/authorDetails.url?authorID=55246339400&partnerID=MN8TOARS,,,,2025
J. Kevin Shoemaker,https://orcid.org/0000-0002-6794-5979,https://openalex.org/A5086962507,http://www.scopus.com/inward/authorDetails.url?authorID=7102861612&partnerID=MN8TOARS,,,,"2025, 2024, 2023, 2022, 2021, 2020, 2019, 2018, 2017, 2016"
Tsun‐Kong Sham,https://orcid.org/0000-0003-1928-6697,https://openalex.org/A5036700518,,,,,"2025, 2024, 2023, 2022, 2021, 2020, 2019, 2018, 2017, 2016"
Cédric Annweiler,https://orcid.org/0000-0002-7199-8109,https://openalex.org/A5006105927,http://www.scopus.com/inward/authorDetails.url?authorID=23059252800&partnerID=MN8TOARS,,,,"2025, 2024, 2023, 2022, 2021, 2020, 2019, 2018, 2017, 2016"
George Rodrigues,https://orcid.org/0000-0002-7174-4280,https://openalex.org/A5032441898,,,,,"2025, 2024, 2023, 2022, 2021, 2020, 2019, 2018, 2017, 2016"
Arthur Brown,https://orcid.org/0000-0002-8725-3195,https://openalex.org/A5086423794,,,,,"2025, 2024, 2023, 2022, 2021, 2020, 2018, 2017, 2016, 2015"
Moira Stewart,https://orcid.org/0000-0002-5552-0762,https://openalex.org/A5060121086,,,,,"2024, 2023, 2022, 2021, 2020, 2019, 2018, 2017, 2016, 2015"
Adrian M. Owen,https://orcid.org/0000-0002-5738-3765,https://openalex.org/A5027512786,,,,,"2025, 2024, 2023, 2022, 2021, 2020, 2019, 2018, 2017, 2016"
Terry M. Peters,,https://openalex.org/A5111897184,,,,,"2025, 2024, 2023, 2022, 2021, 2020, 2019, 2018, 2017, 2016"
Raymond Yee,https://orcid.org/0000-0001-8435-6511,https://openalex.org/A5061020443,,,,,"2024, 2023, 2022, 2021, 2020, 2019, 2018, 2017, 2016, 2015"
Sohrab Rohani,https://orcid.org/0000-0002-1667-1736,https://openalex.org/A5028846514,,,,,"2025, 2024, 2023, 2022, 2021, 2020, 2019, 2018, 2017, 2016"
Frank Beier,https://orcid.org/0000-0002-8505-7537,https://openalex.org/A5087035379,,,,,"2025, 2024, 2023, 2022, 2021, 2020, 2019, 2018, 2017, 2016"
Robert Bartha,https://orcid.org/0000-0002-7118-9096,https://openalex.org/A5011579867,,,,,"2025, 2024, 2023, 2022, 2021, 2020, 2019, 2018, 2017, 2016"
Gregor Reid,https://orcid.org/0000-0001-9658-5696,https://openalex.org/A5043064717,,,,,"2025, 2024, 2023, 2022, 2021, 2020, 2019, 2018, 2017, 2016"
Glenn Bauman,https://orcid.org/0000-0002-5279-7360,https://openalex.org/A5019768466,http://www.scopus.com/inward/authorDetails.url?authorID=7005181837&partnerID=MN8TOARS,,,,"2025, 2024, 2023, 2022, 2021, 2020, 2019, 2018, 2017, 2016"
Mikko Karttunen,https://orcid.org/0000-0002-8626-3033,https://openalex.org/A5034852833,http://www.scopus.com/inward/authorDetails.url?authorID=7003336001&partnerID=MN8TOARS,,,,"2025, 2024, 2023, 2022, 2021, 2020, 2019, 2018, 2017, 2014"
Donald H. Saklofske,https://orcid.org/0000-0001-8350-1924,https://openalex.org/A5036270582,,,,,"2024, 2023, 2022, 2021, 2020, 2019, 2018, 2017, 2016, 2015"
Guido Filler,https://orcid.org/0000-0003-1891-6765,https://openalex.org/A5042683401,http://www.scopus.com/inward/authorDetails.url?authorID=7005082763&partnerID=MN8TOARS,,,,"2025, 2024, 2023, 2022, 2021, 2020, 2019, 2018, 2017, 2016"
R. A. F. Grieve,https://orcid.org/0000-0002-0000-5771,https://openalex.org/A5011656018,,,,,"2024, 2022, 2021, 2020, 2019, 2018, 2017, 2016, 2015, 2014"
Roger F. Butterworth,https://orcid.org/0000-0002-1503-5850,https://openalex.org/A5031757444,,,,,2025
George S. Athwal,https://orcid.org/0000-0002-5174-219X,https://openalex.org/A5074392564,,,,,"2025, 2024, 2023, 2022, 2021, 2020, 2019, 2018, 2017, 2016"
Robert J. Petrella,https://orcid.org/0000-0002-4224-1916,https://openalex.org/A5070128588,,,,,"2025, 2024, 2023, 2022, 2021, 2020, 2019, 2018, 2017, 2016"
Paul J. Ragogna,https://orcid.org/0000-0003-2727-7635,https://openalex.org/A5072233810,,,,,"2025, 2024, 2023, 2022, 2020, 2019, 2018, 2017, 2016, 2015"
Lena Palaniyappan,https://orcid.org/0000-0003-1640-7182,https://openalex.org/A5087349166,http://www.scopus.com/inward/authorDetails.url?authorID=23010205500&partnerID=MN8TOARS,,,,"2025, 2024, 2023, 2022, 2021, 2020, 2019, 2018, 2017, 2016"
Fred J. Longstaffe,https://orcid.org/0000-0003-4103-4808,https://openalex.org/A5067455018,,,,,"2025, 2024, 2023, 2022, 2021, 2020, 2019, 2018, 2017, 2016"
J. D. Landstreet,https://orcid.org/0000-0001-8218-8542,https://openalex.org/A5014887556,http://www.scopus.com/inward/authorDetails.url?authorID=6701578913&partnerID=MN8TOARS,,,,"2024, 2023, 2022, 2021, 2020, 2019, 2018, 2017, 2016, 2015"
Saverio Stranges,https://orcid.org/0000-0001-5226-8373,https://openalex.org/A5019224959,http://www.scopus.com/inward/authorDetails.url?authorID=7003835008&partnerID=MN8TOARS,,,,"2025, 2024, 2023, 2022, 2021, 2020, 2019, 2018, 2017, 2016"
Elizabeth Finger,https://orcid.org/0000-0003-4461-7427,https://openalex.org/A5072242679,http://www.scopus.com/inward/authorDetails.url?authorID=36477160300&partnerID=MN8TOARS,,,,"2025, 2024, 2023, 2022, 2021, 2020, 2019, 2018, 2017, 2016"
Ravi S. Menon,https://orcid.org/0000-0002-7916-0263,https://openalex.org/A5012883431,http://www.scopus.com/inward/authorDetails.url?authorID=14056524100&partnerID=MN8TOARS,,,,"2025, 2024, 2023, 2022, 2021, 2020, 2019, 2018, 2017, 2016"
David Laidler,,https://openalex.org/A5113432355,,,,,"2024, 2022, 2020, 2018, 2017, 2016, 2015, 2011, 2010, 2009"
Paul D. Boyle,https://orcid.org/0000-0001-6161-6333,https://openalex.org/A5063027954,,,,,"2025, 2024, 2023, 2022, 2021, 2020, 2019, 2018, 2017, 2016"
John T. Arnason,https://orcid.org/0000-0001-5354-5715,https://openalex.org/A5014650672,,,,,"2024, 2023, 2022, 2021, 2010"
Steven Chu,https://orcid.org/0000-0002-4572-0154,https://openalex.org/A5001967033,,,,,2024
Allan C. Skanes,https://orcid.org/0000-0001-8332-8551,https://openalex.org/A5012672874,,,,,"2025, 2024, 2023, 2022, 2021, 2020, 2019, 2018, 2017, 2016"
David W. Holdsworth,https://orcid.org/0000-0002-0603-5322,https://openalex.org/A5087490596,,,,,"2024, 2023, 2022, 2021, 2020, 2019, 2018, 2017, 2016, 2015"
Slobodan P. Simonović,https://orcid.org/0000-0001-5072-2915,https://openalex.org/A5031855207,,,,,"2025, 2024, 2023, 2022, 2021, 2020, 2019, 2018, 2017, 2016"
Andrew Kertesz,https://orcid.org/0000-0002-8658-7046,https://openalex.org/A5079789575,,,,,"2024, 2023, 2020, 2019, 2018, 2014, 2013, 2012, 2011, 2010"
Merrick Zwarenstein,https://orcid.org/0000-0003-0162-7027,https://openalex.org/A5054431130,,,,,"2025, 2024, 2023, 2022, 2021, 2020, 2019, 2018, 2017, 2016"
Abdallah Shami,https://orcid.org/0000-0003-2887-0350,https://openalex.org/A5041270670,,,,,"2025, 2024, 2023, 2022, 2021, 2020, 2019, 2018, 2017, 2016"
Ruth A. Lanius,,https://openalex.org/A5051255489,,,,,"2025, 2024, 2023, 2022, 2021, 2020, 2019, 2018, 2017, 2016"
Han Hong,https://orcid.org/0000-0002-6959-2409,https://openalex.org/A5077895443,,,,,"2025, 2024, 2023, 2022, 2021, 2020, 2019, 2017, 2016, 2015"
Ricardo L. Viana,https://orcid.org/0000-0001-7298-9370,https://openalex.org/A5043638910,,,,,"2025, 2023, 2012"
Charles L. Rice,https://orcid.org/0000-0002-5323-6979,https://openalex.org/A5066312085,,,,,"2025, 2024, 2023, 2022, 2021, 2020, 2019, 2018, 2017, 2016"
Harry Prapavessis,https://orcid.org/0000-0003-0636-7316,https://openalex.org/A5044969632,,,,,"2025, 2024, 2023, 2022, 2021, 2020, 2019, 2018, 2017, 2016"
Robert S. McKelvie,https://orcid.org/0000-0001-8559-0553,https://openalex.org/A5064737068,,,,,"2025, 2024, 2023, 2022, 2021, 2020, 2019, 2018, 2017, 2016"
M. Brock Fenton,https://orcid.org/0000-0001-9761-5412,https://openalex.org/A5010631705,,,,,"2024, 2023, 2022, 2021, 2020, 2019, 2018, 2017, 2016, 2015"
Grace Párraga,https://orcid.org/0000-0002-5619-4145,https://openalex.org/A5072668158,,,,,"2025, 2024, 2023, 2022, 2021, 2020, 2019, 2018, 2017, 2016"
Peter G. Blake,https://orcid.org/0000-0002-0345-5989,https://openalex.org/A5050630794,,,,,"2025, 2024, 2023, 2022, 2021, 2020, 2019, 2018, 2017, 2016"
M. G. Cottam,https://orcid.org/0000-0002-7775-0083,https://openalex.org/A5069196874,,,,,"2025, 2024, 2023, 2022, 2021, 2020, 2019, 2018, 2017, 2016"
Michael Rieder,https://orcid.org/0000-0003-3079-2873,https://openalex.org/A5084898240,,,,,"2025, 2024, 2023, 2022, 2021, 2020, 2019, 2018, 2017, 2016"
Anthony Maxwell,https://orcid.org/0000-0002-5756-6430,https://openalex.org/A5056369778,,,,,2025
Paul C. Adams,https://orcid.org/0000-0002-9921-2956,https://openalex.org/A5067214484,,,,,"2025, 2024, 2023, 2022, 2021, 2020, 2019, 2018, 2017, 2016"
John W Dawson,https://orcid.org/0000-0002-6342-7701,https://openalex.org/A5101728480,,,,,2024
Yiyan Wu,https://orcid.org/0000-0001-8890-5389,https://openalex.org/A5084103888,http://www.scopus.com/inward/authorDetails.url?authorID=7406893568&partnerID=MN8TOARS,,,,"2025, 2024, 2017"
Isaac Luginaah,https://orcid.org/0000-0001-7858-3048,https://openalex.org/A5029849257,http://www.scopus.com/inward/authorDetails.url?authorID=6602484659&partnerID=MN8TOARS,,,,"2025, 2024, 2023, 2022, 2021, 2020, 2019, 2018, 2017, 2016"
L. L. Tornabene,https://orcid.org/0000-0002-1479-6711,https://openalex.org/A5028438418,,,,,"2024, 2023, 2022, 2021, 2020, 2019, 2018, 2017, 2016, 2015"
Donald H. Paterson,,https://openalex.org/A5111672902,,,,,"2025, 2021, 2018, 2017, 2016, 2015, 2014, 2013, 2012, 2011"
Lorne Campbell,https://orcid.org/0000-0002-9071-4845,https://openalex.org/A5034199676,,,,,"2025, 2023, 2022, 2021, 2020, 2019, 2018, 2017, 2016, 2015"
Ruying Li,https://orcid.org/0000-0003-1369-3398,https://openalex.org/A5103120011,,,,,"2024, 2023, 2022, 2021, 2020, 2019, 2018, 2017, 2016, 2015"
Manuel Montero‐Odasso,https://orcid.org/0000-0002-5796-2361,https://openalex.org/A5063180254,,,,,"2025, 2024, 2023, 2022, 2021, 2020, 2019, 2018, 2017, 2016"
Charles Weijer,https://orcid.org/0000-0002-5510-1074,https://openalex.org/A5071015651,http://www.scopus.com/inward/authorDetails.url?authorID=55505589300&partnerID=MN8TOARS,,,,"2025, 2024, 2023, 2022, 2021, 2020, 2019, 2018, 2017, 2016"
Rodrigo Bagur,https://orcid.org/0000-0003-1888-9429,https://openalex.org/A5005219054,http://www.scopus.com/inward/authorDetails.url?authorID=15062241500&partnerID=MN8TOARS,,,,"2025, 2024, 2023, 2022, 2021, 2020, 2019, 2018, 2017, 2016"
Martin Kavaliers,https://orcid.org/0000-0003-2292-5963,https://openalex.org/A5053284017,,,,,"2024, 2023, 2022, 2021, 2020, 2019, 2018, 2017, 2016, 2015"
S. C. Gallagher,https://orcid.org/0000-0001-6217-8101,https://openalex.org/A5046644412,,,,,"2025, 2024, 2023, 2022, 2021, 2020, 2019, 2018, 2017, 2016"
James L. Howard,https://orcid.org/0000-0002-8118-0589,https://openalex.org/A5101808218,,,,,"2025, 2024, 2023, 2022, 2021, 2020, 2019, 2018, 2017, 2016"
Jameel Ali,https://orcid.org/0000-0003-0621-3958,https://openalex.org/A5102899708,,,,,2024
Richard B. Kim,https://orcid.org/0000-0001-8148-1632,https://openalex.org/A5007321180,,,,,"2025, 2024, 2023, 2022, 2021, 2020, 2019, 2018, 2017, 2016"
Luiz Fernando Capretz,https://orcid.org/0000-0001-6966-2369,https://openalex.org/A5043333026,http://www.scopus.com/inward/authorDetails.url?authorID=6602660867&partnerID=MN8TOARS,,,,"2025, 2024, 2023, 2022, 2021, 2020, 2019, 2018, 2017, 2016"
Alexei M. Frolov,https://orcid.org/0000-0002-7473-7932,https://openalex.org/A5018329417,,,,,"2024, 2023, 2022, 2021, 2020, 2019, 2018, 2017, 2016, 2015"
Vivian C. McAlister,https://orcid.org/0000-0002-2479-6862,https://openalex.org/A5005920694,http://www.scopus.com/inward/authorDetails.url?authorID=7005078246&partnerID=MN8TOARS,,,,"2025, 2023, 2022, 2021, 2020, 2019, 2018, 2017, 2016, 2015"
Wei‐Yang Lu,https://orcid.org/0009-0006-2208-6660,https://openalex.org/A5030362343,,,,,"2025, 2024, 2023, 2022, 2021, 2020, 2019, 2018, 2017, 2016"
Grant Waterer,https://orcid.org/0000-0002-7222-8018,https://openalex.org/A5037430904,,,,,2025
Victor X. D. Yang,https://orcid.org/0000-0002-1166-8271,https://openalex.org/A5071954573,http://www.scopus.com/inward/authorDetails.url?authorID=7102799572&partnerID=MN8TOARS,,,,"2025, 2024, 2023, 2022"
Vipul Jairath,https://orcid.org/0000-0001-8603-898X,https://openalex.org/A5008693009,,,,,"2025, 2024, 2023, 2022, 2021, 2020, 2019, 2018, 2017, 2016"
Joel Gagnier,https://orcid.org/0000-0002-3162-3935,https://openalex.org/A5070094081,,,,,"2025, 2024, 2023, 2022"
Guangyong Zou,https://orcid.org/0000-0001-5773-4185,https://openalex.org/A5069444754,,,,,"2025, 2024, 2023, 2022, 2021, 2020, 2019, 2018, 2017, 2016"
Martin J. Stillman,https://orcid.org/0000-0001-6799-7560,https://openalex.org/A5009769045,,,,,"2024, 2023, 2022, 2021, 2020, 2019, 2018, 2017, 2016, 2015"
Anthony C. Nichols,https://orcid.org/0000-0002-0760-980X,https://openalex.org/A5026373269,http://www.scopus.com/inward/authorDetails.url?authorID=7103409768&partnerID=MN8TOARS,,,,"2025, 2024, 2023, 2022, 2021, 2020, 2019, 2018, 2017, 2016"
Frank S. Prato,https://orcid.org/0000-0002-4592-2522,https://openalex.org/A5017223923,http://www.scopus.com/inward/authorDetails.url?authorID=7005385313&partnerID=MN8TOARS,,,,"2025, 2024, 2023, 2022, 2021, 2020, 2019, 2018, 2017, 2016"
Gerald Brock,,https://openalex.org/A5113606665,,,,,"2025, 2023, 2022, 2021, 2020, 2019, 2018, 2017, 2016, 2015"
Michael Grace,https://orcid.org/0000-0002-0982-8133,https://openalex.org/A5037991587,http://www.scopus.com/inward/authorDetails.url?authorID=7202436165&partnerID=MN8TOARS,,,,"2025, 2023"
Katsuichiro Goda,https://orcid.org/0000-0003-3900-2153,https://openalex.org/A5042581179,http://www.scopus.com/inward/authorDetails.url?authorID=12759820500&partnerID=MN8TOARS,,,,"2025, 2024, 2023, 2022, 2021, 2020, 2019, 2018, 2012, 2010"
Marco A. M. Prado,https://orcid.org/0000-0002-3028-5778,https://openalex.org/A5044236118,http://www.scopus.com/inward/authorDetails.url?authorID=35595960300&partnerID=MN8TOARS,,,,"2025, 2024, 2023, 2022, 2021, 2020, 2019, 2018, 2017, 2016"
Jorge G. Burneo,https://orcid.org/0000-0002-3644-2826,https://openalex.org/A5055369067,,,,,"2025, 2024, 2023, 2022, 2021, 2020, 2019, 2018, 2017, 2016"
Janet Martin,https://orcid.org/0000-0002-3599-8427,https://openalex.org/A5046694154,http://www.scopus.com/inward/authorDetails.url?authorID=7501559966&partnerID=MN8TOARS,,,,"2025, 2024, 2023, 2022, 2021, 2020, 2019, 2018, 2017, 2016"
William A. Fisher,,https://openalex.org/A5111446130,,,,,"2025, 2023, 2022, 2021, 2020, 2019, 2018, 2017, 2016, 2015"
W. Michael Reisman,,https://openalex.org/A5002914175,,,,,"2025, 2024, 2023, 2021"
Feng Hou,https://orcid.org/0000-0002-4394-2167,https://openalex.org/A5013318260,,,,,"2025, 2021, 2020, 2019, 2018, 2017, 2016, 1997, 1996, 1994"
Jörn Diedrichsen,https://orcid.org/0000-0003-0264-8532,https://openalex.org/A5017065424,http://www.scopus.com/inward/authorDetails.url?authorID=7004095280&partnerID=MN8TOARS,,,,"2025, 2024, 2023, 2022, 2021, 2020, 2019, 2018, 2017, 2016"
John D. Denstedt,https://orcid.org/0000-0001-5836-4200,https://openalex.org/A5022101797,,,,,"2025, 2024, 2023, 2022, 2021, 2020, 2019, 2018, 2017, 2016"
Edward Yu,https://orcid.org/0000-0002-2900-115X,https://openalex.org/A5065708016,,,,,"2025, 2024, 2023, 2022, 2020, 2019, 2018, 2017, 2016, 2015"
Michael Borrie,,https://openalex.org/A5067317602,,,,,"2025, 2024, 2023, 2022, 2021, 2020, 2019, 2018, 2017, 2016"
Steven J. MacDonald,https://orcid.org/0000-0001-7838-0603,https://openalex.org/A5042599075,,,,,"2025, 2024, 2023, 2022, 2021, 2020, 2019, 2018, 2017, 2016"
Blayne Welk,https://orcid.org/0000-0001-7093-558X,https://openalex.org/A5080448752,,,,,"2025, 2024, 2023, 2022, 2021, 2020, 2019, 2018, 2017, 2016"
Mandar Jog,https://orcid.org/0000-0001-7513-8651,https://openalex.org/A5065709416,,,,,"2025, 2024, 2023, 2022, 2021, 2020, 2019, 2018, 2017, 2016"
Klaus E. Meyer,https://orcid.org/0000-0002-3253-9364,https://openalex.org/A5068962017,,,,,"2025, 2024, 2023, 2022, 2021, 2020, 2019, 2018, 2017"
Mary N. Haan,https://orcid.org/0000-0001-9312-4501,https://openalex.org/A5037758542,,,,,2025
P. Barmby,https://orcid.org/0000-0003-2767-0090,https://openalex.org/A5057199104,,,,,"2024, 2023, 2022, 2021, 2020, 2019, 2018, 2017, 2016, 2015"
David W. Shoesmith,https://orcid.org/0000-0002-8497-0244,https://openalex.org/A5006984801,,,,,"2024, 2023, 2022, 2021, 2020, 2019, 2018, 2017, 2016, 2015"
Chantal Henry,https://orcid.org/0000-0002-1549-9604,https://openalex.org/A5050814637,,,,,2025
Brent A. Lanting,https://orcid.org/0000-0001-8176-3824,https://openalex.org/A5057619285,,,,,"2025, 2024, 2023, 2022, 2021, 2020, 2019, 2018, 2017, 2016"
Simon Langlois,https://orcid.org/0000-0001-9565-3714,https://openalex.org/A5070245306,,,,,2025
Stewart B. Harris,https://orcid.org/0000-0002-1794-6551,https://openalex.org/A5038040018,,,,,"2025, 2024, 2023, 2022, 2021, 2020, 2019, 2018, 2017, 2016"
Robert M. Corless,https://orcid.org/0000-0003-0515-1572,https://openalex.org/A5044605948,http://www.scopus.com/inward/authorDetails.url?authorID=7003411596&partnerID=MN8TOARS,,,,"2025, 2024, 2023, 2022, 2021, 2020, 2019, 2018, 2017, 2016"
Michael J. Strong,https://orcid.org/0000-0003-1988-6262,https://openalex.org/A5087316938,http://www.scopus.com/inward/authorDetails.url?authorID=7101816660&partnerID=MN8TOARS,,,,"2025, 2024, 2023, 2022, 2021, 2020, 2019, 2018, 2017, 2016"
Erik Bohlin,https://orcid.org/0000-0001-5771-6438,https://openalex.org/A5013053951,http://www.scopus.com/inward/authorDetails.url?authorID=8672722300&partnerID=MN8TOARS,,,,2024
Robert J. Anderson,,https://openalex.org/A5103606506,,,,,2025
Michael Lock,https://orcid.org/0000-0002-3782-4463,https://openalex.org/A5055466353,,,,,"2025, 2024, 2023, 2022, 2021, 2020, 2019, 2018, 2017, 2016"
Joe B. Gilroy,https://orcid.org/0000-0003-0349-7780,https://openalex.org/A5086619508,,,,,"2025, 2024, 2023, 2022, 2021, 2020, 2019, 2018, 2017, 2016"
Franco Berruti,https://orcid.org/0000-0001-7860-964X,https://openalex.org/A5014038391,,,,,"2025, 2024, 2023, 2022, 2021, 2020, 2019, 2018, 2017, 2016"
Judith Belle Brown,https://orcid.org/0000-0002-3661-9361,https://openalex.org/A5033495025,,,,,"2025, 2024, 2023, 2022, 2021, 2020, 2019, 2018, 2017, 2016"
Michelle Smith,https://orcid.org/0000-0002-7860-1581,https://openalex.org/A5037731392,http://www.scopus.com/inward/authorDetails.url?authorID=8886336200&partnerID=MN8TOARS,,,,2025
Andrew M. Johnson,https://orcid.org/0000-0002-7269-3016,https://openalex.org/A5072070089,http://www.scopus.com/inward/authorDetails.url?authorID=7410013285&partnerID=MN8TOARS,,,,"2025, 2024, 2023, 2022, 2021, 2020, 2019, 2018, 2017, 2016"
Frank Boers,https://orcid.org/0000-0001-7552-4931,https://openalex.org/A5082085150,,,,,"2025, 2024, 2023, 2022, 2021, 2020, 2019, 2018"
D. G. C. McKeon,https://orcid.org/0000-0002-6152-4495,https://openalex.org/A5033301606,,,,,"2024, 2023, 2022, 2021, 2020, 2019, 2018, 2017, 2016, 2015"
Brant A. Inman,https://orcid.org/0000-0002-6060-4485,https://openalex.org/A5050166344,http://www.scopus.com/inward/authorDetails.url?authorID=13103458500&partnerID=MN8TOARS,,,,"2025, 2024, 2023"
Cédric Briens,https://orcid.org/0000-0003-3566-0167,https://openalex.org/A5013471231,,,,,"2025, 2024, 2023, 2022, 2021, 2020, 2019, 2018, 2017, 2016"
Jefferson C. Frisbee,https://orcid.org/0000-0003-2751-0599,https://openalex.org/A5000886546,,,,,"2025, 2024, 2023, 2022, 2021, 2020, 2019, 2018, 2017, 2016"
Ting‐Yim Lee,https://orcid.org/0000-0001-7605-9752,https://openalex.org/A5013499153,,,,,"2025, 2024, 2023, 2022, 2021, 2020, 2019, 2018, 2017, 2016"
Hugo de Lasa,https://orcid.org/0000-0002-6965-7276,https://openalex.org/A5086654055,,,,,"2025, 2024, 2023, 2022, 2021, 2020, 2019, 2018, 2017, 2016"
Jonathan I. Izawa,,https://openalex.org/A5042305864,,,,,"2025, 2024, 2023, 2022, 2021, 2020, 2019, 2018, 2017, 2016"
Michael Bauer,https://orcid.org/0000-0002-7491-1427,https://openalex.org/A5043701691,,,,,"2024, 2023, 2022, 2021, 2020, 2019, 2018, 2017, 2016, 2015"
Christopher W. McIntyre,https://orcid.org/0000-0002-3877-3135,https://openalex.org/A5023778275,,,,,"2025, 2024, 2023, 2022, 2021, 2020, 2019, 2018, 2017, 2016"
Stanimir Metchev,https://orcid.org/0000-0003-3050-8203,https://openalex.org/A5038400487,,,,,"2025, 2024, 2023, 2022, 2021, 2020, 2019, 2018, 2017, 2016"
Yang Zhao,https://orcid.org/0000-0002-4148-2603,https://openalex.org/A5082445301,,,,,"2025, 2024, 2023, 2022, 2021, 2020, 2019, 2018, 2017, 2016"
Cheryl Forchuk,https://orcid.org/0000-0001-6936-3932,https://openalex.org/A5034013789,,,,,"2025, 2024, 2023, 2022, 2021, 2020, 2019, 2018, 2017, 2016"
Shehzad Ali,https://orcid.org/0000-0002-8042-3630,https://openalex.org/A5001973442,,,,,"2025, 2024, 2023, 2022, 2021, 2020, 2019, 2017"
R. Weryk,https://orcid.org/0000-0002-0439-9341,https://openalex.org/A5024932225,,,,,"2024, 2023, 2022, 2021, 2014, 2013, 2012, 2011, 2010, 2009"
Gerry Moschopoulos,https://orcid.org/0000-0002-8363-170X,https://openalex.org/A5065179860,,,,,"2025, 2024, 2023, 2022, 2021, 2020, 2019, 2018, 2017, 2015"
C. D. Neish,https://orcid.org/0000-0003-3254-8348,https://openalex.org/A5022255115,,,,,"2025, 2024, 2023, 2022, 2021, 2020, 2019, 2018, 2017, 2016"
Bekim Sadiković,https://orcid.org/0000-0001-6363-0016,https://openalex.org/A5074581885,,,,,"2025, 2024, 2023, 2022, 2021, 2020, 2019, 2018, 2017, 2016"
Ričardas Zitikis,https://orcid.org/0000-0002-2663-0030,https://openalex.org/A5082140259,http://www.scopus.com/inward/authorDetails.url?authorID=6701496533&partnerID=MN8TOARS,,,,"2024, 2023, 2022, 2021, 2020, 2019, 2018, 2017, 2016, 2015"
Kun Ping Lu,https://orcid.org/0000-0002-0734-1567,https://openalex.org/A5030637649,,,,,"2025, 2024, 2023"
Gilles Lajoie,https://orcid.org/0000-0002-3989-5134,https://openalex.org/A5036077184,,,,,"2025, 2024, 2023, 2022, 2021, 2020, 2019, 2018, 2017, 2016"
David M. Walton,https://orcid.org/0000-0001-9155-3337,https://openalex.org/A5086734251,,,,,"2025, 2024, 2023, 2022, 2021, 2020, 2019, 2018, 2017, 2016"
Kim M. Baines,https://orcid.org/0000-0001-6515-5749,https://openalex.org/A5006704551,,,,,"2025, 2024, 2023, 2022, 2021, 2020, 2019, 2018, 2017, 2016"
Anthony M. Jevnikar,https://orcid.org/0000-0002-3374-8758,https://openalex.org/A5053151348,,,,,"2025, 2024, 2023, 2022, 2021, 2020, 2019, 2018, 2017, 2016"
Peeyush K. Lala,https://orcid.org/0000-0002-6405-9584,https://openalex.org/A5018171790,,,,,"2024, 2021, 2020, 2019, 2018, 2017, 2016, 2015, 2014, 2013"
Zhifeng Ding,https://orcid.org/0000-0001-9252-9320,https://openalex.org/A5065140110,,,,,"2025, 2024, 2023, 2022, 2021, 2020, 2019, 2018, 2017, 2016"
Daniel Ansari,https://orcid.org/0000-0002-7625-618X,https://openalex.org/A5102836564,,,,,"2025, 2024, 2023, 2022, 2021, 2020, 2019, 2018, 2017, 2016"
Lorelei Lingard,https://orcid.org/0000-0002-4150-3355,https://openalex.org/A5077159626,,,,,"2025, 2024, 2023, 2022, 2021, 2020, 2019, 2018, 2017, 2016"
María Ferris,https://orcid.org/0000-0003-1694-886X,https://openalex.org/A5048128579,http://www.scopus.com/inward/authorDetails.url?authorID=7004982571&partnerID=MN8TOARS,,,,"2025, 2023"
Rachel Forrester‐Jones,https://orcid.org/0000-0002-6840-6715,https://openalex.org/A5027792946,,,,,"2024, 2023, 2022"
Ajay K. Ray,https://orcid.org/0000-0003-4814-6482,https://openalex.org/A5046392850,http://www.scopus.com/inward/authorDetails.url?authorID=7401641415&partnerID=MN8TOARS,,,,"2024, 2023, 2022, 2021, 2020, 2019, 2018, 2017, 2016, 2015"
Luciano A. Sposato,https://orcid.org/0000-0001-6425-9343,https://openalex.org/A5012790405,http://www.scopus.com/inward/authorDetails.url?authorID=25640261000&partnerID=MN8TOARS,,,,"2025, 2024, 2023, 2022, 2021, 2020, 2019, 2018, 2017, 2016"
Mark Speechley,https://orcid.org/0000-0002-7563-8709,https://openalex.org/A5013087377,,,,,"2025, 2024, 2023, 2022, 2021, 2020, 2019, 2018, 2017, 2016"
W. K. Hocking,https://orcid.org/0000-0003-0111-8804,https://openalex.org/A5081110154,,,,,"2025, 2022, 2021, 2020, 2019, 2018, 2017, 2016, 2015, 2014"
Allan J. Fox,https://orcid.org/0000-0001-5465-5801,https://openalex.org/A5044905611,,,,,"2025, 2016, 2006, 2004, 2003, 2002, 2001, 2000, 1999, 1998"
Paul W. Beamish,https://orcid.org/0000-0003-3823-2627,https://openalex.org/A5079604713,,,,,"2024, 2023, 2022, 2021, 2020, 2019, 2018, 2017, 2016, 2015"
Marlys L. Koschinsky,https://orcid.org/0000-0002-2643-2288,https://openalex.org/A5051123834,,,,,"2025, 2024, 2023, 2022, 2021, 2020, 2019, 2018, 2017, 2016"
Patrick J. Carroll,https://orcid.org/0000-0001-7216-1100,https://openalex.org/A5083050237,,,,,"2025, 2024"
George Nakhla,https://orcid.org/0000-0002-6807-129X,https://openalex.org/A5029261838,,,,,"2025, 2024, 2023, 2022, 2021, 2020, 2019, 2018, 2017, 2016"
J. Cami,https://orcid.org/0000-0002-2666-9234,https://openalex.org/A5018251145,,,,,"2025, 2024, 2023, 2022, 2021, 2020, 2019, 2018, 2017, 2016"
Yena Lee,https://orcid.org/0000-0003-0629-9456,https://openalex.org/A5083198014,,,,,"2025, 2022"
Bridget Ryan,https://orcid.org/0000-0001-9080-5635,https://openalex.org/A5005826956,,,,,"2025, 2024, 2023, 2022, 2021, 2020, 2019, 2018, 2016, 2015"
John J. McGuire,https://orcid.org/0000-0003-0302-3884,https://openalex.org/A5091214681,http://www.scopus.com/inward/authorDetails.url?authorID=35099078900&partnerID=MN8TOARS,,,,"2025, 2024, 2023, 2022, 2021, 2020, 2019, 2018"
G.M. Bancroft,https://orcid.org/0000-0002-9766-0915,https://openalex.org/A5051473902,,,,,"2025, 2024, 2023, 2022, 2020, 2018, 2017, 2016, 2015, 2014"
Claudio M. Martin,https://orcid.org/0000-0003-3971-3166,https://openalex.org/A5031981118,,,,,"2025, 2024, 2023, 2022, 2021, 2020, 2019, 2018, 2017, 2016"
Hassan Peerhossaini,https://orcid.org/0000-0002-3198-8627,https://openalex.org/A5050993647,http://www.scopus.com/inward/authorDetails.url?authorID=56187768800&partnerID=MN8TOARS,,,,"2024, 2023, 2022, 2021, 2020, 2019, 2018"
Jennifer D. Irwin,https://orcid.org/0000-0003-0219-4075,https://openalex.org/A5062955841,,,,,"2025, 2024, 2023, 2022, 2021, 2020, 2019, 2018, 2017, 2016"
Changhong Wang,https://orcid.org/0000-0002-4201-0130,https://openalex.org/A5100427140,,,,,"2025, 2024, 2023, 2022, 2021, 2020, 2019, 2018, 2017"
Stephen E. Pautler,https://orcid.org/0000-0001-9281-8122,https://openalex.org/A5112583863,,,,,"2025, 2024, 2023, 2022, 2021, 2020, 2019, 2018, 2017, 2016"
Alejandro Lazo‐Langner,https://orcid.org/0000-0001-6869-8431,https://openalex.org/A5068260242,http://www.scopus.com/inward/authorDetails.url?authorID=6602411329&partnerID=MN8TOARS,,,,"2024, 2023, 2022, 2021, 2020, 2019, 2018, 2017, 2016, 2015"
Mark Vincent,,https://openalex.org/A5108300199,,,,,"2025, 2024, 2023, 2022, 2021, 2020, 2018, 2017, 2016, 2015"
Penny M. Pexman,https://orcid.org/0000-0001-7130-0973,https://openalex.org/A5006743778,http://www.scopus.com/inward/authorDetails.url?authorID=6603723438&partnerID=MN8TOARS,,,,"2025, 2024, 2023, 1999, 1998"
Jerry Tan,https://orcid.org/0000-0002-9624-4530,https://openalex.org/A5003840120,,,,,"2025, 2024, 2023, 2022, 2021, 2020, 2019, 2018, 2017, 2016"
Lorne J. Gula,https://orcid.org/0000-0001-9815-2499,https://openalex.org/A5014483843,,,,,"2025, 2024, 2023, 2022, 2021, 2020, 2019, 2018, 2017, 2016"
Anders Holm,https://orcid.org/0000-0002-6641-3591,https://openalex.org/A5025244372,http://www.scopus.com/inward/authorDetails.url?authorID=35885152900&partnerID=MN8TOARS,,,,"2025, 2024, 2023, 2021, 2020, 2019, 2018, 2017"
Lisa Johnston,https://orcid.org/0000-0001-6908-9240,https://openalex.org/A5062241268,http://www.scopus.com/inward/authorDetails.url?authorID=35224769100&partnerID=MN8TOARS,,,,2025
Richard A. Secco,https://orcid.org/0000-0001-5029-659X,https://openalex.org/A5051048207,,,,,"2024, 2023, 2022, 2021, 2020, 2019, 2018, 2017, 2016, 2015"
Maria Drangova,https://orcid.org/0000-0003-1856-9038,https://openalex.org/A5003366843,,,,,"2025, 2024, 2023, 2022, 2021, 2020, 2019, 2018, 2017, 2016"
J. M. Floryan,https://orcid.org/0000-0003-3296-4122,https://openalex.org/A5081512200,,,,,"2025, 2024, 2023, 2022, 2021, 2020, 2019, 2018, 2017, 2016"
John M. Murkin,,https://openalex.org/A5112133840,,,,,"2025, 2024, 2023, 2021, 2018, 2017, 2016, 2015, 2014, 2013"
Michele C. Battié,https://orcid.org/0000-0001-8499-2040,https://openalex.org/A5083265759,,,,,"2025, 2024, 2023, 2022, 2021, 2020, 2019, 2018"
Sarah Cuschieri,https://orcid.org/0000-0003-2012-9234,https://openalex.org/A5064218496,,,,,"2025, 2024, 2023"
Keith St. Lawrence,https://orcid.org/0000-0001-8022-8205,https://openalex.org/A5076554019,,,,,"2025, 2024, 2023, 2022, 2021, 2020, 2019, 2018, 2017, 2016"
Ingrid S. Johnsrude,https://orcid.org/0000-0002-7810-1333,https://openalex.org/A5078896466,http://www.scopus.com/inward/authorDetails.url?authorID=7004003478&partnerID=MN8TOARS,,,,"2025, 2024, 2023, 2022, 2021, 2020, 2019, 2018, 2017, 2016"
Harold Kim,https://orcid.org/0000-0002-0497-844X,https://openalex.org/A5004055251,,,,,"2025, 2024, 2023, 2022, 2021, 2020, 2019, 2018, 2017, 2016"
Andrew J. Watson,https://orcid.org/0000-0002-2344-3061,https://openalex.org/A5012017283,http://www.scopus.com/inward/authorDetails.url?authorID=35303654300&partnerID=MN8TOARS,,,,"2025, 2023, 2022, 2021, 2020, 2018, 2017, 2016, 2015, 2014"
E. Peeters,,https://openalex.org/A5045010848,,,,,"2025, 2024, 2023, 2022, 2021, 2020, 2019, 2018, 2017, 2016"
Mark S. Workentin,https://orcid.org/0000-0001-8517-6483,https://openalex.org/A5073079635,,,,,"2025, 2024, 2023, 2022, 2021, 2020, 2019, 2018, 2017, 2016"
Morris Karmazyn,https://orcid.org/0000-0002-4904-5985,https://openalex.org/A5082080552,,,,,"2024, 2023, 2022, 2020, 2019, 2018, 2017, 2016, 2015, 2014"
Jin Zhang,https://orcid.org/0000-0002-6875-8008,https://openalex.org/A5100712266,,,,,"2025, 2024, 2023, 2022, 2021, 2020, 2019, 2018, 2017, 2016"
Hassan Razvi,https://orcid.org/0000-0002-6462-1119,https://openalex.org/A5110842392,,,,,"2025, 2024, 2023, 2022, 2021, 2020, 2019, 2018, 2017, 2016"
John W. Barrett,https://orcid.org/0000-0002-4048-1692,https://openalex.org/A5071664437,,,,,"2025, 2023"
Marco Mura,https://orcid.org/0000-0002-2159-7083,https://openalex.org/A5081886776,,,,,"2025, 2024, 2023, 2022, 2021, 2020, 2019, 2018, 2017, 2016"
Ian A. Cunningham,https://orcid.org/0009-0000-3209-5962,https://openalex.org/A5029835571,,,,,"2025, 2024, 2023, 2022, 2021, 2020, 2018, 2017, 2016, 2015"
Krishna K. Singh,https://orcid.org/0000-0002-6097-8401,https://openalex.org/A5011487319,,,,,"2025, 2024, 2023, 2022, 2021, 2020, 2019, 2018"
Fred Possmayer,https://orcid.org/0000-0002-5173-3437,https://openalex.org/A5031807216,,,,,"2025, 2023, 2020, 2019, 2018, 2015, 2013, 2012, 2011, 2010"
Gail M. Atkinson,https://orcid.org/0000-0003-2403-1349,https://openalex.org/A5040811104,,,,,"2025, 2024, 2023, 2022, 2021, 2020, 2019, 2018, 2017, 2016"
Jeremy P. Burton,https://orcid.org/0000-0002-3591-6436,https://openalex.org/A5081126623,,,,,"2025, 2024, 2023, 2022, 2021, 2020, 2019, 2018, 2017, 2016"
Gregory A. Kopp,https://orcid.org/0000-0002-0784-3014,https://openalex.org/A5003637853,http://www.scopus.com/inward/authorDetails.url?authorID=7005450160&partnerID=MN8TOARS,,,,"2024, 2023, 2022, 2021, 2020, 2019, 2018, 2017, 2016, 2015"
María Martínez,https://orcid.org/0000-0003-2180-4537,https://openalex.org/A5050979549,,,,,2025
Jungsil Ro,https://orcid.org/0000-0003-4411-0386,https://openalex.org/A5111855012,http://www.scopus.com/inward/authorDetails.url?authorID=7005589389&partnerID=MN8TOARS,,,,2025
Shauna M. Burke,https://orcid.org/0000-0003-2749-1631,https://openalex.org/A5024216506,http://www.scopus.com/inward/authorDetails.url?authorID=9632342900&partnerID=MN8TOARS,,,,"2025, 2024, 2023, 2022, 2021, 2020, 2019, 2018, 2017, 2016"
Trevor B. Birmingham,https://orcid.org/0000-0002-3300-7677,https://openalex.org/A5037786975,,,,,"2025, 2024, 2023, 2022, 2021, 2020, 2019, 2018, 2017, 2016"
Richard W. J. Neufeld,https://orcid.org/0000-0002-3214-8603,https://openalex.org/A5062351189,,,,,"2025, 2024, 2023, 2022, 2021, 2020, 2019, 2018, 2017, 2016"
Peter R. Jaffé,https://orcid.org/0000-0002-8531-8549,https://openalex.org/A5088276581,http://www.scopus.com/inward/authorDetails.url?authorID=7005838127&partnerID=MN8TOARS,,,,"2025, 2020"
Samuel C. Siu,https://orcid.org/0000-0002-1104-3669,https://openalex.org/A5003798474,http://www.scopus.com/inward/authorDetails.url?authorID=7006115298&partnerID=MN8TOARS,,,,"2025, 2024, 2023, 2022, 2021, 2020, 2019, 2018, 2017, 2016"
Yun‐Hee Choi,https://orcid.org/0000-0002-5533-509X,https://openalex.org/A5030322569,,,,,"2025, 2024, 2023, 2022, 2021, 2020, 2019, 2018, 2016, 2015"
David W. Purcell,https://orcid.org/0000-0001-8125-5168,https://openalex.org/A5058530758,http://www.scopus.com/inward/authorDetails.url?authorID=7006001913&partnerID=MN8TOARS,,,,"2024, 2023, 2022, 2021, 2020, 2019, 2018, 2017, 2016, 2015"
David Roy Smith,https://orcid.org/0000-0001-9560-5210,https://openalex.org/A5066619822,http://www.scopus.com/inward/authorDetails.url?authorID=55605774728&partnerID=MN8TOARS,,,,"2025, 2024, 2023, 2022, 2021, 2020, 2019, 2018, 2017, 2016"
Susan Hunter,https://orcid.org/0000-0002-7571-3895,https://openalex.org/A5047323924,http://www.scopus.com/inward/authorDetails.url?authorID=56132030400&partnerID=MN8TOARS,,,,"2025, 2024, 2023, 2022, 2021, 2020, 2019, 2018, 2017, 2016"
Michael Robinson,https://orcid.org/0000-0002-8243-9652,https://openalex.org/A5077344604,,,,,"2025, 2024, 2021, 2020"
Matthew Heath,https://orcid.org/0000-0001-9775-6055,https://openalex.org/A5079346299,,,,,"2025, 2024, 2023, 2022, 2021, 2020, 2019, 2018, 2017, 2016"
Marc‐André Lachance,https://orcid.org/0000-0001-9139-3935,https://openalex.org/A5090839313,,,,,"2025, 2024, 2023, 2022, 2021, 2020, 2019, 2018, 2017, 2016"
Marcus W. Drover,https://orcid.org/0000-0002-2186-1040,https://openalex.org/A5014243652,,,,,"2025, 2024, 2023"
David J. A. Dozois,https://orcid.org/0000-0002-0857-0679,https://openalex.org/A5028807760,,,,,"2025, 2023, 2022, 2021, 2020, 2019, 2018, 2017, 2016, 2015"
Kenneth J. Faber,https://orcid.org/0000-0003-1025-6600,https://openalex.org/A5043937771,,,,,"2025, 2024, 2023, 2022, 2021, 2020, 2019, 2018, 2017, 2016"
Amy Liu,https://orcid.org/0000-0002-2011-1854,https://openalex.org/A5100776764,,,,,2025
Matthias Franz,https://orcid.org/0000-0003-3789-8849,https://openalex.org/A5012844162,,,,,"2025, 2024, 2023, 2021, 2020, 2019, 2017, 2016, 2015, 2014"
Mohammad Yasir Essar,https://orcid.org/0000-0002-6554-7619,https://openalex.org/A5044252035,,,,,2025
Stefan Everling,https://orcid.org/0000-0001-9714-9757,https://openalex.org/A5055174810,,,,,"2025, 2024, 2023, 2022, 2021, 2020, 2019, 2018, 2017, 2016"
Evelyn Vingilis,https://orcid.org/0000-0001-7341-6072,https://openalex.org/A5087053449,,,,,"2025, 2024, 2023, 2022, 2021, 2020, 2019, 2018, 2017, 2016"
Douglas D. Fraser,https://orcid.org/0000-0002-5635-3791,https://openalex.org/A5039959034,,,,,"2025, 2024, 2023, 2022, 2021, 2020, 2019, 2018, 2017, 2016"
M. J. S. Langman,,https://openalex.org/A5062679128,,,,,2024
Shahar Lavi,https://orcid.org/0000-0002-6105-8084,https://openalex.org/A5072521028,,,,,"2024, 2023, 2022, 2021, 2020, 2019, 2018, 2017, 2016, 2015"
Gary S. Shaw,https://orcid.org/0000-0002-4685-9625,https://openalex.org/A5019557472,,,,,"2024, 2023, 2022, 2021, 2020, 2019, 2018, 2017, 2016, 2015"
Matt Davison,https://orcid.org/0000-0001-7948-4658,https://openalex.org/A5024791398,http://www.scopus.com/inward/authorDetails.url?authorID=7101919061&partnerID=MN8TOARS,,,,"2024, 2023, 2022, 2021, 2020, 2019, 2018, 2017, 2016, 2015"
Mahi R. Singh,https://orcid.org/0000-0003-0930-4003,https://openalex.org/A5002398677,,,,,"2025, 2024, 2023, 2022, 2021, 2020, 2019, 2018, 2017, 2016"
Gregory B. Gloor,https://orcid.org/0000-0001-5803-3380,https://openalex.org/A5027317840,http://www.scopus.com/inward/authorDetails.url?authorID=7004269262&partnerID=MN8TOARS,,,,"2025, 2024, 2023, 2022, 2021, 2020, 2019, 2018, 2017, 2016"
Neil R. Banerjee,https://orcid.org/0000-0001-7471-766X,https://openalex.org/A5020303891,,,,,"2025, 2024, 2023, 2022, 2021, 2020, 2019, 2018, 2017, 2016"
Christopher S. Bailey,https://orcid.org/0000-0001-5508-8415,https://openalex.org/A5059915644,,,,,"2025, 2024, 2023, 2022, 2021, 2020, 2019, 2018, 2017, 2016"
Louise Moist,https://orcid.org/0000-0003-3875-9197,https://openalex.org/A5065321701,,,,,"2025, 2024, 2023, 2022, 2021, 2020, 2019, 2018, 2017, 2016"
Richard W. McCalden,https://orcid.org/0000-0003-1976-6324,https://openalex.org/A5054287811,,,,,"2025, 2024, 2023, 2022, 2021, 2020, 2019, 2018, 2017, 2016"
Scott Harrison,https://orcid.org/0000-0001-5391-1148,https://openalex.org/A5063225643,,,,,2025
Kelly K. Anderson,https://orcid.org/0000-0001-9843-404X,https://openalex.org/A5080494753,http://www.scopus.com/inward/authorDetails.url?authorID=23472168600&partnerID=MN8TOARS,,,,"2025, 2024, 2023, 2022, 2021, 2020, 2019, 2018, 2017, 2016"
Fang Fang,https://orcid.org/0000-0002-6582-6570,https://openalex.org/A5100386867,,,,,"2025, 2024, 2023, 2022"
Michelle F. Mottola,https://orcid.org/0000-0002-8707-4656,https://openalex.org/A5038913749,,,,,"2025, 2024, 2023, 2022, 2021, 2020, 2019, 2018, 2017, 2016"
Jeremy N. McNeil,https://orcid.org/0000-0002-2702-0293,https://openalex.org/A5043242863,,,,,"2025, 2024, 2023, 2022, 2021, 2020, 2019, 2018, 2017, 2016"
Chris Robinson,https://orcid.org/0009-0003-3107-3157,https://openalex.org/A5000648147,,,,,"2025, 2020, 2019, 2018, 2017, 2016, 2015, 2013, 2012, 2011"
Jay T. Stock,https://orcid.org/0000-0003-0147-8631,https://openalex.org/A5057128742,,,,,"2025, 2024, 2023, 2022, 2021, 2020, 2019, 2018, 2017, 1985"
Kevin D. Shield,https://orcid.org/0000-0003-1871-8849,https://openalex.org/A5072612964,http://www.scopus.com/inward/authorDetails.url?authorID=37003991100&partnerID=MN8TOARS,,,,"2025, 2024"
Erkan Demirkaya,https://orcid.org/0000-0003-4525-1789,https://openalex.org/A5000636712,http://www.scopus.com/inward/authorDetails.url?authorID=6507346726&partnerID=MN8TOARS,,,,"2024, 2023, 2022, 2021, 2020, 2019, 2018"
Nicolas Keller,https://orcid.org/0000-0003-1965-2730,https://openalex.org/A5035141359,http://www.scopus.com/inward/authorDetails.url?authorID=7103156440&partnerID=MN8TOARS,,,,2025
N. S. McIntyre,https://orcid.org/0000-0002-5928-6424,https://openalex.org/A5003369361,,,,,"2025, 2019, 2017, 2013, 2012, 2011, 2010, 2009, 2008, 2007"
N. Willis,https://orcid.org/0009-0009-9013-2798,https://openalex.org/A5041459732,,,,,2024
Dianne Bryant,https://orcid.org/0000-0002-7535-8707,https://openalex.org/A5011729863,,,,,"2025, 2024, 2023, 2022, 2021, 2020, 2019, 2018, 2017, 2016"
John P. Meyer,https://orcid.org/0000-0001-8377-2003,https://openalex.org/A5056402613,,,,,"2025, 2023, 2022, 2021, 2019, 2018, 2017, 2016, 2015, 2014"
James J. Noël,https://orcid.org/0000-0003-3467-4778,https://openalex.org/A5087721152,,,,,"2025, 2024, 2023, 2022, 2021, 2020, 2019, 2018, 2017, 2016"
Ross D. Feldman,https://orcid.org/0000-0001-9880-0484,https://openalex.org/A5091025989,,,,,"2024, 2023, 2016, 2015, 2014, 2013, 2012, 2011, 2010, 2009"
Daniel Bainbridge,https://orcid.org/0000-0003-3422-788X,https://openalex.org/A5012285406,http://www.scopus.com/inward/authorDetails.url?authorID=7004419560&partnerID=MN8TOARS,,,,"2025, 2024, 2023, 2022, 2021, 2020, 2019, 2018, 2017, 2016"
Verinder Sharma,https://orcid.org/0000-0002-9885-8245,https://openalex.org/A5020538954,,,,,"2025, 2024, 2023, 2022, 2021, 2020, 2019, 2018, 2017, 2016"
Sebastian Lehmann,https://orcid.org/0000-0002-4091-905X,https://openalex.org/A5053198880,,,,,"2025, 2023, 2021, 2019, 2015"
Lisa M. Saksida,https://orcid.org/0000-0002-8416-8171,https://openalex.org/A5045679694,,,,,"2025, 2024, 2023, 2022, 2021, 2020, 2019, 2018, 2017, 2016"
Sanjay Mehta,https://orcid.org/0000-0002-7707-1056,https://openalex.org/A5051583044,,,,,"2025, 2024, 2023, 2022, 2021, 2020, 2019, 2018, 2017, 2016"
Shiva M. Singh,https://orcid.org/0000-0003-2956-7679,https://openalex.org/A5058153999,,,,,"2025, 2024, 2023, 2022, 2021, 2020, 2019, 2018, 2017, 2016"
Bryan D. Neff,https://orcid.org/0000-0001-8499-250X,https://openalex.org/A5007234854,,,,,"2025, 2024, 2023, 2022, 2021, 2020, 2019, 2018, 2017, 2016"
Siobhan M. Schabrun,https://orcid.org/0000-0002-9083-3107,https://openalex.org/A5076731572,http://www.scopus.com/inward/authorDetails.url?authorID=15052384400&partnerID=MN8TOARS,,,,"2025, 2024, 2023, 2022"
Debbie Laliberté Rudman,https://orcid.org/0000-0002-5486-8994,https://openalex.org/A5090672289,,,,,"2025, 2024, 2023, 2022, 2021, 2020, 2019, 2018, 2017, 2016"
Yang Song,https://orcid.org/0000-0001-7853-3737,https://openalex.org/A5051327769,,,,,"2025, 2024, 2023, 2021, 2020, 2019, 2018, 2017, 2016, 2015"
Hanan Lutfiyya,https://orcid.org/0000-0002-5341-9388,https://openalex.org/A5068665464,,,,,"2024, 2023, 2022, 2021, 2020, 2019, 2018, 2017, 2016, 2015"
Klaus‐Peter Ossenkopp,https://orcid.org/0000-0001-7391-3239,https://openalex.org/A5085128417,http://www.scopus.com/inward/authorDetails.url?authorID=7004923898&partnerID=MN8TOARS,,,,"2024, 2023, 2022, 2021, 2020, 2019, 2018, 2016, 2015, 2014"
Elliott Carter,,https://openalex.org/A5009693077,,,,,2024
Ian Ball,https://orcid.org/0000-0002-8503-2153,https://openalex.org/A5025076506,,,,,"2025, 2024, 2023, 2022, 2021, 2020, 2019, 2018, 2017, 2016"
Louis M. Ferreira,https://orcid.org/0000-0001-9881-9177,https://openalex.org/A5030528168,http://www.scopus.com/inward/authorDetails.url?authorID=7202856920&partnerID=MN8TOARS,,,,"2025, 2024, 2023, 2022, 2021, 2020, 2019, 2018, 2017, 2016"
Elizabeth R. Gillies,https://orcid.org/0000-0002-3983-2248,https://openalex.org/A5021892613,,,,,"2025, 2024, 2023, 2022, 2021, 2020, 2019, 2018, 2017, 2016"
John W. Barrett,https://orcid.org/0000-0003-3708-3834,https://openalex.org/A5032999963,,,,,"2025, 2024, 2023, 2022, 2021, 2020, 2019, 2018, 2017, 2016"
Audra A. Duncan,https://orcid.org/0000-0002-7597-7065,https://openalex.org/A5038895192,,,,,"2025, 2024, 2023, 2022, 2021, 2020, 2019, 2018, 2017, 2016"
Norman P. A. Hüner,https://orcid.org/0000-0001-8723-6961,https://openalex.org/A5079716497,,,,,"2024, 2023, 2022, 2021, 2020, 2019, 2018, 2017, 2016, 2015"
Paul Frewen,https://orcid.org/0000-0003-3578-4776,https://openalex.org/A5020196831,,,,,"2025, 2024, 2023, 2022, 2021, 2020, 2019, 2018, 2017, 2016"
Laura Huey,https://orcid.org/0000-0003-2508-9542,https://openalex.org/A5032214706,,,,,"2024, 2023, 2022, 2021, 2020, 2019, 2018, 2017, 2016, 2015"
Jian Peng,https://orcid.org/0000-0002-4624-054X,https://openalex.org/A5055868618,,,,,"2025, 2024"
J. Sarrazin,https://orcid.org/0000-0002-1114-0661,https://openalex.org/A5084156006,,,,,2024
Isabelle Nault,https://orcid.org/0000-0003-2156-4625,https://openalex.org/A5016361708,,,,,2024
Reena Khanna,https://orcid.org/0000-0002-8679-2541,https://openalex.org/A5028386079,,,,,"2025, 2024, 2023, 2022, 2021, 2020, 2019, 2018, 2017, 2016"
David A. Hess,https://orcid.org/0000-0003-2186-3166,https://openalex.org/A5064145593,,,,,"2025, 2024, 2023, 2022, 2021, 2020, 2019, 2018, 2017, 2016"
Sajda Qureshi,https://orcid.org/0000-0002-7407-8148,https://openalex.org/A5017934943,http://www.scopus.com/inward/authorDetails.url?authorID=7203068193&partnerID=MN8TOARS,,,,2024
David G. McCormack,https://orcid.org/0000-0003-1129-1141,https://openalex.org/A5020583398,,,,,"2025, 2024, 2023, 2022, 2021, 2020, 2019, 2018, 2017, 2016"
Christine Bell,https://orcid.org/0000-0003-0233-4410,https://openalex.org/A5031091596,,,,,"2024, 2013, 2009, 2008"
Eric J. Arts,https://orcid.org/0000-0002-4880-7968,https://openalex.org/A5074401742,http://www.scopus.com/inward/authorDetails.url?authorID=7003709374&partnerID=MN8TOARS,,,,"2025, 2024, 2023, 2022, 2021, 2020, 2019, 2018, 2017, 2016"
Zhongxue Li,https://orcid.org/0000-0001-9087-1173,https://openalex.org/A5021296404,http://www.scopus.com/inward/authorDetails.url?authorID=15022739600&partnerID=MN8TOARS,,,,2024
Zubair Md. Fadlullah,https://orcid.org/0000-0002-4785-2425,https://openalex.org/A5063911030,http://www.scopus.com/inward/authorDetails.url?authorID=23034074000&partnerID=MN8TOARS,,,,"2025, 2024, 2023, 2022"
Victoria M. Esses,https://orcid.org/0000-0001-8002-2725,https://openalex.org/A5088534826,,,,,"2024, 2023, 2022, 2021, 2020, 2019, 2018, 2017, 2016, 2015"
Ján Mináč,https://orcid.org/0000-0002-9807-9604,https://openalex.org/A5024533945,,,,,"2025, 2024, 2023, 2022, 2021, 2020, 2019, 2018, 2017, 2016"
Vânia F. Prado,https://orcid.org/0000-0003-4994-6393,https://openalex.org/A5036832230,,,,,"2025, 2024, 2023, 2022, 2021, 2020, 2019, 2018, 2017, 2016"
Viktor N. Staroverov,https://orcid.org/0000-0002-6828-3815,https://openalex.org/A5064925546,,,,,"2024, 2023, 2022, 2021, 2020, 2019, 2018, 2017, 2016, 2015"
Maria Mathews,https://orcid.org/0000-0002-5174-104X,https://openalex.org/A5029420457,,,,,"2025, 2024, 2023, 2022, 2021, 2020, 2019, 2005"
Cindy Hutnik,https://orcid.org/0000-0001-9084-292X,https://openalex.org/A5041696610,,,,,"2025, 2024, 2023, 2022, 2021, 2020, 2019, 2018, 2017, 2016"
Lucian Ilie,https://orcid.org/0000-0003-1856-3509,https://openalex.org/A5048178906,,,,,"2025, 2024, 2023, 2022, 2021, 2020, 2019, 2017, 2016, 2015"
David M. Pelz,https://orcid.org/0000-0002-7669-7313,https://openalex.org/A5066818331,,,,,"2024, 2023, 2022, 2021, 2020, 2019, 2018, 2017, 2016, 2015"
Jeffrey Fuller,https://orcid.org/0000-0002-0048-1997,https://openalex.org/A5087668572,http://www.scopus.com/authid/detail.url?authorId=7202037549,,,,"2025, 2023, 2021, 2018"
Jody C. Culham,https://orcid.org/0000-0003-0754-2999,https://openalex.org/A5019440281,,,,,"2025, 2024, 2023, 2022, 2021, 2020, 2019, 2018, 2017, 2016"
C. E. Robinson,https://orcid.org/0000-0002-6156-2328,https://openalex.org/A5043248040,http://www.scopus.com/inward/authorDetails.url?authorID=23991568200&partnerID=MN8TOARS,,,,"2024, 2023, 2022, 2021, 2020, 2019, 2018, 2017, 2016, 2015"
Julio Martinez‐Trujillo,https://orcid.org/0000-0003-3338-578X,https://openalex.org/A5047790191,,,,,"2025, 2024, 2023, 2022, 2021, 2020, 2019, 2018, 2017, 2016"
Andrea Soddu,https://orcid.org/0000-0001-6833-745X,https://openalex.org/A5049400483,http://www.scopus.com/inward/authorDetails.url?authorID=10640027600&partnerID=MN8TOARS,,,,"2024, 2023, 2022, 2021, 2020, 2019, 2018, 2017, 2016, 2015"
Brent J. Sinclair,https://orcid.org/0000-0002-8191-9910,https://openalex.org/A5057157540,,,,,"2024, 2023, 2022, 2021, 2020, 2019, 2018, 2017, 2016, 2015"
Ross Norman,https://orcid.org/0000-0003-0518-6759,https://openalex.org/A5082143703,,,,,"2024, 2023, 2022, 2021, 2020, 2019, 2018, 2017, 2016, 2015"
John R. Bend,,https://openalex.org/A5112799049,,,,,"2024, 2023, 2022, 2019, 2018, 2016, 2015, 2014, 2012, 2011"
Naveen Poonai,https://orcid.org/0000-0003-1540-0413,https://openalex.org/A5001319897,,,,,"2025, 2024, 2023, 2022, 2021, 2020, 2019, 2018, 2017, 2016"
S. Jeffrey Dixon,https://orcid.org/0000-0001-9162-1686,https://openalex.org/A5017429972,,,,,"2025, 2024, 2023, 2022, 2021, 2020, 2019, 2018, 2017, 2016"
Paul Wiegert,https://orcid.org/0000-0002-1914-5352,https://openalex.org/A5026723894,,,,,"2025, 2024, 2023, 2022, 2021, 2020, 2019, 2018, 2017, 2016"
Timothy J. Bussey,https://orcid.org/0000-0001-7518-4041,https://openalex.org/A5046413122,,,,,"2025, 2024, 2023, 2022, 2021, 2020, 2019, 2018, 2017, 2016"
David J. Jeffrey,https://orcid.org/0000-0002-2161-6803,https://openalex.org/A5051667032,,,,,"2024, 2023, 2022, 2021, 2020, 2018, 2017, 2016, 2015, 2014"
David W. Litchfield,https://orcid.org/0000-0002-2425-6620,https://openalex.org/A5086809539,,,,,"2025, 2024, 2023, 2022, 2021, 2020, 2019, 2018, 2017, 2016"
Kazimierz Adamiak,https://orcid.org/0000-0002-0986-8872,https://openalex.org/A5010796594,,,,,"2024, 2023, 2022, 2021, 2020, 2019, 2018, 2017, 2016, 2015"
Paul A. Charpentier,https://orcid.org/0000-0001-9506-5576,https://openalex.org/A5035524728,,,,,"2025, 2024, 2023, 2022, 2021, 2020, 2019, 2018, 2017, 2016"
Osvaldo Espin‐Garcia,https://orcid.org/0000-0003-2052-2626,https://openalex.org/A5043693232,,,,,"2025, 2024, 2023, 2022"
Eva A. Turley,https://orcid.org/0000-0002-7383-4896,https://openalex.org/A5048191089,,,,,"2025, 2024, 2023, 2022, 2021, 2020, 2019, 2018, 2017, 2016"
Marc Moreno Maza,https://orcid.org/0000-0003-3011-0756,https://openalex.org/A5081832433,,,,,"2024, 2023, 2022, 2021, 2020, 2019, 2018, 2017, 2016, 2015"
Robert J. Stainton,https://orcid.org/0000-0001-6661-8266,https://openalex.org/A5021645131,,,,,"2025, 2024, 2023, 2022, 2021, 2020, 2019, 2018, 2017, 2016"
Lars Konermann,https://orcid.org/0000-0002-5283-3165,https://openalex.org/A5019862287,,,,,"2025, 2024, 2023, 2022, 2021, 2020, 2019, 2018, 2017, 2016"
G. Bryan Young,https://orcid.org/0000-0001-6293-0092,https://openalex.org/A5042033094,,,,,"2024, 2022, 2021, 2019, 2017, 2016, 2015, 2014, 2013, 2012"
Ruud A. W. Veldhuizen,https://orcid.org/0000-0002-8802-1580,https://openalex.org/A5076681208,,,,,"2025, 2024, 2023, 2022, 2021, 2020, 2019, 2018, 2017, 2016"
J. Robert Giffin,https://orcid.org/0000-0002-8227-0009,https://openalex.org/A5090527186,http://www.scopus.com/inward/authorDetails.url?authorID=7004016255&partnerID=MN8TOARS,,,,"2025, 2024, 2023, 2022, 2021, 2020, 2019, 2018, 2017, 2016"
R. L. Flemming,https://orcid.org/0000-0003-1688-7753,https://openalex.org/A5015027741,,,,,"2025, 2024, 2023, 2022, 2021, 2020, 2019, 2018, 2017, 2016"
Stephen J. Lupker,https://orcid.org/0000-0001-8847-6983,https://openalex.org/A5040973472,,,,,"2025, 2024, 2023, 2022, 2021, 2020, 2019, 2018, 2017, 2016"
Mohamed M. Shoukri,https://orcid.org/0000-0003-4622-7510,https://openalex.org/A5078289396,,,,,"2024, 2023, 2022, 2021, 2020, 2019, 2013, 2011, 2010, 2008"
Roger E. Khayat,https://orcid.org/0000-0001-8307-7019,https://openalex.org/A5086932517,,,,,"2024, 2023, 2022, 2021, 2020, 2019, 2018, 2017, 2016, 2015"
Alison M. Konrad,https://orcid.org/0000-0001-6231-2307,https://openalex.org/A5008477681,http://www.scopus.com/inward/authorDetails.url?authorID=7004939045&partnerID=MN8TOARS,,,,"2025, 2023, 2022, 2021, 2020, 2018, 2017, 2016, 2015, 2014"
Mamadou Diop,https://orcid.org/0000-0003-1244-7830,https://openalex.org/A5072915154,,,,,"2025, 2024, 2023, 2022, 2021, 2020, 2019, 2018, 2017, 2016"
Alison L. Allan,https://orcid.org/0000-0002-0344-1181,https://openalex.org/A5089705721,,,,,"2025, 2024, 2023, 2022, 2021, 2020, 2019, 2018, 2017, 2016"
Sandrine Lemoine,https://orcid.org/0000-0002-3460-2507,https://openalex.org/A5102948805,,,,,"2025, 2024, 2022, 2021, 2020"
Aaron D. Ward,,https://openalex.org/A5113914224,,,,,"2025, 2024, 2023, 2022, 2021, 2020, 2019, 2018, 2017, 2016"
Patricia Tucker,https://orcid.org/0000-0002-8392-9418,https://openalex.org/A5033996709,,,,,"2025, 2024, 2023, 2022, 2021, 2020, 2019, 2018, 2017, 2016"
Peter Leong‐Sit,https://orcid.org/0000-0003-2952-0328,https://openalex.org/A5037795579,,,,,"2025, 2024, 2023, 2022, 2021, 2020, 2019, 2018, 2017, 2016"
Leigh M. Vanderloo,https://orcid.org/0000-0003-4621-3717,https://openalex.org/A5039096137,,,,,"2025, 2024, 2023, 2022, 2021, 2020, 2019, 2018, 2017, 2016"
Andrew N. Hrymak,https://orcid.org/0000-0002-9639-9786,https://openalex.org/A5067744189,,,,,"2025, 2024, 2023, 2022, 2021, 2020, 2019, 2018, 2017, 2016"
Stephen Pasternak,https://orcid.org/0000-0002-0204-0255,https://openalex.org/A5015053754,,,,,"2025, 2024, 2023, 2022, 2021, 2020, 2019, 2018, 2017, 2016"
Loretta Norton,https://orcid.org/0000-0002-6651-1837,https://openalex.org/A5088780935,http://www.scopus.com/inward/authorDetails.url?authorID=13613401800&partnerID=MN8TOARS,,,,"2025, 2024, 2023, 2022, 2021, 2020, 2019, 2017, 2016, 2015"
Yang Hu,https://orcid.org/0000-0001-8644-9615,https://openalex.org/A5101816358,http://www.scopus.com/authid/detail.url?authorId=55695364100,,,,"2025, 2024, 2023"
Art F. Y. Poon,https://orcid.org/0000-0003-3779-154X,https://openalex.org/A5004110504,,,,,"2025, 2024, 2023, 2022, 2021, 2020, 2019, 2018, 2017, 2016"
Gregory A. Dekaban,https://orcid.org/0000-0002-3087-4660,https://openalex.org/A5017739524,,,,,"2025, 2024, 2023, 2022, 2021, 2020, 2019, 2018, 2017, 2016"
Anita Kothari,https://orcid.org/0000-0003-1533-6976,https://openalex.org/A5069991238,,,,,"2025, 2024, 2023, 2022, 2021, 2020, 2019, 2018, 2017, 2016"
Geoffrey Wood,https://orcid.org/0000-0002-6690-338X,https://openalex.org/A5006371445,,,,,"2025, 2024, 2023, 2022, 2021"
Silvia Pogliaghi,https://orcid.org/0000-0002-4394-8550,https://openalex.org/A5038950336,http://www.scopus.com/inward/authorDetails.url?authorID=6507144529&partnerID=MN8TOARS,,,,"2025, 2024, 2023, 2022, 2015"
Miriam A. M. Capretz,https://orcid.org/0000-0002-1380-971X,https://openalex.org/A5083634004,,,,,"2024, 2023, 2022, 2021, 2020, 2019, 2018, 2017, 2016, 2015"
Victor K. M. Han,https://orcid.org/0000-0003-3479-9132,https://openalex.org/A5101413162,,,,,"2024, 2023, 2022, 2021, 2020, 2019, 2018, 2017, 2016, 2015"
Alexander Haefele,https://orcid.org/0000-0002-3912-5316,https://openalex.org/A5001843798,,,,,"2025, 2024, 2023, 2021, 2020, 2019, 2018"
Richard Malthaner,https://orcid.org/0000-0002-3763-4838,https://openalex.org/A5069900995,,,,,"2025, 2024, 2023, 2022, 2021, 2020, 2019, 2018, 2017, 2016"
Ian Chin‐Yee,https://orcid.org/0000-0002-8719-7250,https://openalex.org/A5082823626,,,,,"2025, 2024, 2023, 2022, 2021, 2020, 2019, 2018, 2017, 2016"
Christopher G. Guglielmo,https://orcid.org/0000-0001-5857-3301,https://openalex.org/A5011768453,,,,,"2025, 2024, 2023, 2022, 2021, 2020, 2019, 2018, 2017, 2016"
Robert Hammond,https://orcid.org/0000-0002-1411-3626,https://openalex.org/A5019409535,,,,,"2025, 2024, 2023, 2022, 2021, 2020, 2019, 2018, 2017, 2016"
Facundo García‐Bournissen,https://orcid.org/0000-0002-8732-247X,https://openalex.org/A5028219286,http://www.scopus.com/inward/authorDetails.url?authorID=13003928900&partnerID=MN8TOARS,,,,"2025, 2024, 2023, 2022, 2021, 2020"
Andrew Walsh,https://orcid.org/0000-0003-1438-1492,https://openalex.org/A5044833292,http://www.scopus.com/inward/authorDetails.url?authorID=26030167600&partnerID=MN8TOARS,,,,"2024, 2015, 2012, 2010, 2006, 2005"
Carlos Quiñonez,https://orcid.org/0000-0002-8311-3056,https://openalex.org/A5045322444,,,,,"2025, 2024, 2023, 2022, 2017"
Bryan S. Richardson,https://orcid.org/0000-0002-0067-8298,https://openalex.org/A5047625625,,,,,"2025, 2024, 2023, 2022, 2021, 2019, 2018, 2017, 2016, 2015"
Hassan H. Abdallah,https://orcid.org/0000-0002-9198-0475,https://openalex.org/A5054448020,http://www.scopus.com/inward/authorDetails.url?authorID=26421948400&partnerID=MN8TOARS,,,,2024
David Armstrong,https://orcid.org/0000-0002-9358-2489,https://openalex.org/A5087835349,,,,,"2025, 2023, 2022, 2021, 2020, 2019, 2018, 2014"
G Herold,,https://openalex.org/A5109899515,,,,,"2025, 2023"
Andrew Warner,,https://openalex.org/A5112634069,,,,,"2025, 2024, 2023, 2022, 2021, 2020, 2019, 2018, 2017, 2016"
Kelly Vogt,,https://openalex.org/A5112833373,,,,,"2025, 2024, 2023, 2022, 2021, 2020, 2019, 2018, 2017, 2016"
Graham Thompson,https://orcid.org/0000-0002-5340-7467,https://openalex.org/A5008032375,,,,,"2025, 2024, 2023, 2022, 2021, 2020, 2019, 2018, 2017, 2016"
Michael R. Miller,https://orcid.org/0000-0002-7726-0519,https://openalex.org/A5016419649,,,,,"2025, 2024, 2023, 2022, 2021, 2020, 2019, 2018, 2017, 2016"
Madeleine Moussa,https://orcid.org/0000-0003-4786-6226,https://openalex.org/A5055091318,,,,,"2024, 2023, 2022, 2021, 2020, 2019, 2018, 2017, 2016, 2015"
Rajiv K. Varma,https://orcid.org/0000-0001-6034-1200,https://openalex.org/A5066582426,,,,,"2024, 2023, 2022, 2021, 2020, 2019, 2018, 2017, 2016, 2015"
K. D. Zang,https://orcid.org/0009-0003-3002-306X,https://openalex.org/A5112202969,,,,,2024
Robert H. E. Hudson,https://orcid.org/0000-0002-6530-6479,https://openalex.org/A5102765066,,,,,"2025, 2024, 2023, 2022, 2021, 2020, 2019, 2018, 2017, 2016"
Mohamed H. Zaki,https://orcid.org/0000-0002-2970-2423,https://openalex.org/A5019358937,http://www.scopus.com/inward/authorDetails.url?authorID=55542224800&partnerID=MN8TOARS,,,,"2025, 2024, 2023, 2022"
Jamie A. Seabrook,https://orcid.org/0000-0003-4297-6450,https://openalex.org/A5026480463,,,,,"2025, 2024, 2023, 2022, 2021, 2020, 2019, 2018, 2017, 2016"
I. N. Ross,,https://openalex.org/A5113774769,,,,,2025
Paul E. Love,https://orcid.org/0000-0002-6682-7372,https://openalex.org/A5043853595,,,,,2025
Robert D. Fraser,https://orcid.org/0000-0003-2279-4203,https://openalex.org/A5055866505,,,,,"2025, 2024, 2023, 2022, 2021, 2017"
Craig Campbell,https://orcid.org/0000-0001-5216-7564,https://openalex.org/A5001131087,,,,,"2024, 2023, 2022, 2021, 2020, 2019, 2018, 2017, 2016, 2015"
L. Stan Leung,https://orcid.org/0000-0001-8887-4869,https://openalex.org/A5007508597,,,,,"2024, 2023, 2022, 2021, 2020, 2019, 2018, 2017, 2016, 2015"
Christopher M. Schlachta,https://orcid.org/0000-0003-3685-2558,https://openalex.org/A5058163700,,,,,"2025, 2024, 2023, 2022, 2021, 2020, 2019, 2018, 2017, 2016"
Jingyan Liu,https://orcid.org/0000-0002-5461-939X,https://openalex.org/A5102012832,,,,,"2025, 2024, 2023"
Julie Aitken Schermer,https://orcid.org/0000-0002-3469-7710,https://openalex.org/A5016744930,,,,,"2025, 2024, 2023, 2022, 2021, 2020, 2019, 2018, 2017, 2016"
Kelly W. Burak,https://orcid.org/0000-0002-6774-0754,https://openalex.org/A5007856954,,,,,2025
Andrew Horton,https://orcid.org/0000-0001-6067-8778,https://openalex.org/A5077712936,,,,,2024
John Bell,https://orcid.org/0000-0001-8887-675X,https://openalex.org/A5046508035,,,,,"2024, 2023, 2022, 2019, 2012, 2011, 2010, 2008, 2007, 2006"
Alex Buchel,https://orcid.org/0000-0002-3312-6561,https://openalex.org/A5051146342,,,,,"2025, 2024, 2023, 2022, 2021, 2020, 2019, 2018, 2017, 2016"
Robert D. Klassen,https://orcid.org/0000-0002-8650-137X,https://openalex.org/A5008600838,http://www.scopus.com/inward/authorDetails.url?authorID=7005870063&partnerID=MN8TOARS,,,,"2024, 2023, 2022, 2021, 2020, 2019, 2018, 2017, 2016, 2015"
James Koropatnick,https://orcid.org/0000-0001-6144-5941,https://openalex.org/A5008902550,http://www.scopus.com/inward/authorDetails.url?authorID=23046603800&partnerID=MN8TOARS,,,,"2025, 2022, 2021, 2020, 2019, 2018, 2017, 2016, 2015, 2014"
Christopher L. Pin,https://orcid.org/0000-0002-1245-1058,https://openalex.org/A5047964091,,,,,"2025, 2024, 2023, 2022, 2021, 2020, 2019, 2018, 2017, 2016"
Joe S. Mymryk,https://orcid.org/0000-0002-3521-8005,https://openalex.org/A5073895768,,,,,"2025, 2024, 2023, 2022, 2021, 2020, 2019, 2018, 2017, 2016"
Gregory S. Zaric,https://orcid.org/0000-0001-6924-9013,https://openalex.org/A5073947089,,,,,"2025, 2024, 2023, 2022, 2021, 2020, 2019, 2018, 2017, 2016"
Robyn S. Klein,https://orcid.org/0000-0003-0281-1352,https://openalex.org/A5046722897,,,,,"2025, 2024"
Abdel Aziz Shaheen,https://orcid.org/0000-0002-2940-897X,https://openalex.org/A5067243110,,,,,"2025, 2020"
Xingfu Zou,https://orcid.org/0000-0002-8403-3314,https://openalex.org/A5071395170,,,,,"2025, 2024, 2023, 2022, 2021, 2020, 2019, 2018, 2017, 2016"
Stewart Gaede,https://orcid.org/0000-0001-9941-4905,https://openalex.org/A5031508148,,,,,"2024, 2023, 2022, 2021, 2020, 2019, 2018, 2017, 2016, 2015"
Samuel J. Clark,https://orcid.org/0000-0002-4929-6231,https://openalex.org/A5063372237,,,,,"2025, 1990"
Godwin Arku,https://orcid.org/0000-0001-7720-1554,https://openalex.org/A5089570894,,,,,"2025, 2024, 2023, 2022, 2021, 2020, 2019, 2018, 2017, 2016"
Qingping Feng,https://orcid.org/0000-0001-9739-2765,https://openalex.org/A5017480363,,,,,"2024, 2023, 2022, 2021, 2020, 2019, 2018, 2017, 2016, 2015"
M. R. M. Izawa,https://orcid.org/0000-0001-5456-2912,https://openalex.org/A5030859036,,,,,"2025, 2021, 2019, 2017, 2015, 2014, 2013, 2012, 2011, 2010"
John Yoo,https://orcid.org/0000-0002-2815-893X,https://openalex.org/A5045369743,,,,,"2025, 2024, 2023, 2022, 2021, 2020, 2019, 2018, 2017, 2016"
Anabel Quan‐Haase,https://orcid.org/0000-0002-2560-6709,https://openalex.org/A5063718835,http://www.scopus.com/inward/authorDetails.url?authorID=22938891100&partnerID=MN8TOARS,,,,"2024, 2023, 2022, 2021, 2020, 2019, 2018, 2017, 2016, 2015"
Jean Théberge,https://orcid.org/0000-0001-7578-4469,https://openalex.org/A5072827705,http://www.scopus.com/inward/authorDetails.url?authorID=7006732224&partnerID=MN8TOARS,,,,"2025, 2024, 2023, 2022, 2021, 2020, 2019, 2018, 2017, 2016"
Matthew G. Teeter,https://orcid.org/0000-0002-3911-3171,https://openalex.org/A5073690011,http://www.scopus.com/inward/authorDetails.url?authorID=23983469500&partnerID=MN8TOARS,,,,"2025, 2024, 2023, 2022, 2021, 2020, 2019, 2018, 2017, 2016"
Shuting Li,https://orcid.org/0009-0003-1289-227X,https://openalex.org/A5101638025,,,,,2025
J. Geoffrey Pickering,https://orcid.org/0000-0001-6474-3274,https://openalex.org/A5026289208,,,,,"2025, 2024, 2023, 2022, 2021, 2020, 2019, 2018, 2017, 2016"
Maziah Mahmood,https://orcid.org/0000-0001-9605-0069,https://openalex.org/A5017350619,,,,,"2025, 2024"
Donald G. Welsh,https://orcid.org/0000-0001-5174-186X,https://openalex.org/A5068389319,,,,,"2024, 2023, 2022, 2021, 2020, 2019, 2018, 2017, 2016, 2015"
Paula J. Foster,https://orcid.org/0000-0002-4868-3395,https://openalex.org/A5087204964,,,,,"2024, 2023, 2022, 2021, 2020, 2019, 2018, 2017, 2016, 2015"
Martin Houde,https://orcid.org/0000-0003-4420-8674,https://openalex.org/A5091243184,,,,,"2024, 2023, 2022, 2021, 2020, 2019, 2018, 2017, 2016, 2014"
Colin Harrison,https://orcid.org/0000-0002-1745-8320,https://openalex.org/A5048159276,,,,,2025
Jason I. Gerhard,https://orcid.org/0000-0001-6885-3059,https://openalex.org/A5013111556,http://www.scopus.com/inward/authorDetails.url?authorID=7007145814&partnerID=MN8TOARS,,,,"2024, 2023, 2022, 2021, 2020, 2019, 2018, 2017, 2016, 2015"
H.W. Nesbitt,https://orcid.org/0000-0003-0514-847X,https://openalex.org/A5021685572,,,,,"2025, 2024, 2023, 2022, 2021, 2020, 2018, 2017, 2016, 2015"
Fiona Webster,https://orcid.org/0000-0002-7318-7713,https://openalex.org/A5048653456,http://www.scopus.com/inward/authorDetails.url?authorID=7005749449&partnerID=MN8TOARS,,,,"2025, 2024, 2023, 2022, 2021, 2020, 2019, 2011, 2005, 2004"
C. Nadine Wathen,https://orcid.org/0000-0003-2646-2919,https://openalex.org/A5050398053,,,,,"2025, 2024, 2023, 2022, 2021, 2020, 2019, 2018, 2017, 2016"
Ernest K. Yanful,,https://openalex.org/A5113526043,,,,,"2024, 2022, 2020, 2019, 2018, 2017, 2016, 2015, 2014, 2013"
Daniel Goldman,https://orcid.org/0000-0002-8707-5536,https://openalex.org/A5063498193,http://www.scopus.com/inward/authorDetails.url?authorID=8151308600&partnerID=MN8TOARS,,,,"2025, 2024, 2023, 2022, 2021, 2020, 2019, 2018, 2017, 2016"
Shantanu Basu,https://orcid.org/0000-0003-0855-350X,https://openalex.org/A5065106548,,,,,"2024, 2023, 2022, 2021, 2020, 2019, 2018, 2017, 2016, 2015"
David E. Heinrichs,https://orcid.org/0000-0002-7217-2456,https://openalex.org/A5010986892,http://www.scopus.com/inward/authorDetails.url?authorID=7004251985&partnerID=MN8TOARS,,,,"2025, 2024, 2023, 2022, 2021, 2020, 2019, 2018, 2016, 2015"
R. J. Sica,https://orcid.org/0000-0003-2964-1664,https://openalex.org/A5022205739,,,,,"2025, 2024, 2023, 2021, 2020, 2019, 2018, 2017, 2016, 2014"
Muriel Brackstone,https://orcid.org/0000-0002-7741-2199,https://openalex.org/A5052115098,,,,,"2025, 2024, 2023, 2022, 2021, 2020, 2019, 2018, 2017, 2016"
Madhulika A. Gupta,https://orcid.org/0000-0002-1879-3307,https://openalex.org/A5101940311,,,,,"2024, 2023, 2022, 2021, 2020, 2019, 2018, 2017, 2016, 2015"
Peter J. Fowler,,https://openalex.org/A5103493913,,,,,"2024, 2021, 2018, 2017, 2012, 2011, 2009, 2008, 2007, 2006"
Russell Poole,,https://openalex.org/A5029485231,,,,,"2024, 2022, 2018, 2017, 2012, 2010, 2005"
Eric Savory,,https://openalex.org/A5038903103,,,,,"2024, 2023, 2022, 2021, 2020, 2019, 2018, 2017, 2015, 2014"
Piotr Wilk,https://orcid.org/0000-0002-1363-2280,https://openalex.org/A5080182099,http://www.scopus.com/inward/authorDetails.url?authorID=35941401200&partnerID=MN8TOARS,,,,"2025, 2024, 2023, 2022, 2021, 2020, 2019, 2018, 2017, 2016"
Mohammad Rahmati,https://orcid.org/0000-0002-0591-6910,https://openalex.org/A5015923030,http://www.scopus.com/inward/authorDetails.url?authorID=6603715254&partnerID=MN8TOARS,,,,2025
Greg Moran,https://orcid.org/0000-0003-2265-9431,https://openalex.org/A5024456837,,,,,"2025, 2024, 2023, 2022, 2021, 2018, 2017, 2016, 2015, 2014"
Richard S. McLachlan,,https://openalex.org/A5038890735,,,,,"2025, 2024, 2023, 2022, 2021, 2020, 2019, 2018, 2017, 2016"
Peter G. Jaffe,https://orcid.org/0000-0003-1711-3768,https://openalex.org/A5043107249,,,,,"2024, 2023, 2022, 2021, 2020, 2019, 2018, 2017, 2016, 2014"
Roy Eagleson,https://orcid.org/0000-0001-9264-8135,https://openalex.org/A5088509775,,,,,"2025, 2024, 2023, 2022, 2021, 2020, 2019, 2018, 2017, 2016"
Nazim H. Madhavji,https://orcid.org/0009-0006-5207-3203,https://openalex.org/A5000893987,,,,,"2025, 2024, 2023, 2022, 2021, 2020, 2019, 2018, 2017, 2016"
Marc F. Joanisse,https://orcid.org/0000-0002-6352-291X,https://openalex.org/A5046207778,http://www.scopus.com/inward/authorDetails.url?authorID=6602547540&partnerID=MN8TOARS,,,,"2025, 2024, 2023, 2022, 2021, 2020, 2019, 2018, 2017, 2016"
Nicholas Power,https://orcid.org/0000-0001-7671-6193,https://openalex.org/A5059031449,,,,,"2025, 2024, 2023, 2022, 2021, 2020, 2019, 2018, 2017, 2016"
M.S. Junop,https://orcid.org/0000-0001-6676-5717,https://openalex.org/A5059569301,,,,,"2025, 2024, 2023, 2022, 2021, 2020, 2019, 2018, 2017, 2016"
Scott A. MacDougall‐Shackleton,https://orcid.org/0000-0001-8518-765X,https://openalex.org/A5021958021,,,,,"2025, 2024, 2023, 2022, 2021, 2020, 2019, 2018, 2017, 2016"
Luc Dubois,https://orcid.org/0000-0002-8828-6896,https://openalex.org/A5039069071,,,,,"2025, 2024, 2023, 2022, 2021, 2020, 2019, 2018, 2017, 2016"
Mahmood Azizpoor Fard,https://orcid.org/0000-0001-5869-5851,https://openalex.org/A5023844285,http://www.scopus.com/inward/authorDetails.url?authorID=57203301177&partnerID=MN8TOARS,,,,"2024, 2023, 2020, 2019, 2018, 2017, 2016, 2015, 2014"
Shannon L. Sibbald,https://orcid.org/0000-0002-4328-6489,https://openalex.org/A5020363476,http://www.scopus.com/inward/authorDetails.url?authorID=26325767700&partnerID=MN8TOARS,,,,"2025, 2024, 2023, 2022, 2021, 2020, 2019, 2018, 2017, 2016"
Amarjeet Bassi,https://orcid.org/0000-0001-9762-3623,https://openalex.org/A5030218306,,,,,"2024, 2023, 2022, 2021, 2020, 2019, 2018, 2017, 2016, 2015"
Lynn Nagle,https://orcid.org/0000-0002-4129-7117,https://openalex.org/A5049715404,,,,,"2025, 2021"
Lyn Guenther,https://orcid.org/0000-0001-9286-1534,https://openalex.org/A5073211785,,,,,"2025, 2024, 2023, 2022, 2021, 2020, 2019, 2018, 2017, 2016"
J. Andrew Pruszynski,https://orcid.org/0000-0003-0786-0081,https://openalex.org/A5076664114,,,,,"2025, 2024, 2023, 2022, 2021, 2020, 2019, 2018, 2017, 2016"
Lucas C. Mendez,https://orcid.org/0000-0002-0440-3320,https://openalex.org/A5057188360,http://www.scopus.com/inward/authorDetails.url?authorID=56985531000&partnerID=MN8TOARS,,,,"2025, 2024, 2023, 2022, 2021, 2020, 2019"
Kathy N. Speechley,https://orcid.org/0000-0002-5563-2377,https://openalex.org/A5058416733,,,,,"2025, 2024, 2023, 2022, 2021, 2020, 2019, 2018, 2017, 2016"
Andrew G. Parrent,,https://openalex.org/A5061811693,,,,,"2025, 2024, 2023, 2022, 2021, 2020, 2019, 2018, 2017, 2016"
Wei‐Ping Min,https://orcid.org/0000-0001-7389-3194,https://openalex.org/A5004840287,,,,,"2024, 2021, 2020, 2019, 2018, 2016, 2015, 2014, 2013, 2012"
Timothy R.H. Regnault,https://orcid.org/0000-0003-1930-8358,https://openalex.org/A5015718083,http://www.scopus.com/inward/authorDetails.url?authorID=6602823376&partnerID=MN8TOARS,,,,"2025, 2024, 2023, 2022, 2021, 2020, 2019, 2018, 2017, 2016"
James E. Calvin,https://orcid.org/0009-0003-7620-3330,https://openalex.org/A5023652563,,,,,"2024, 2023, 2019, 2017, 2015, 2014, 1983, 1982, 1981"
Ewan K.A. Millar,https://orcid.org/0000-0002-9778-3253,https://openalex.org/A5074720807,http://www.scopus.com/inward/authorDetails.url?authorID=7005242133&partnerID=MN8TOARS,,,,2025
Matthew Jones,https://orcid.org/0000-0002-4824-9724,https://openalex.org/A5100599970,http://www.scopus.com/inward/authorDetails.url?authorID=57189066210&partnerID=MN8TOARS,,,,"2025, 2022"
Lynne C. Weaver,,https://openalex.org/A5027870935,,,,,"2024, 2021, 2017, 2015, 2013, 2012, 2011, 2010, 2009, 2008"
T.M. Peters,https://orcid.org/0000-0003-1440-7488,https://openalex.org/A5063193089,,,,,"2025, 2024, 2023, 2022, 2021, 2020, 2019, 2018, 2017, 2016"
Cheri X. Deng,https://orcid.org/0000-0002-5445-1056,https://openalex.org/A5073684130,,,,,2025
Arghya Paul,https://orcid.org/0000-0003-4788-0378,https://openalex.org/A5026041461,,,,,"2025, 2024, 2023, 2022, 2021, 2020"
Giovanni Fanchini,https://orcid.org/0000-0002-2502-7475,https://openalex.org/A5044841138,http://www.scopus.com/inward/authorDetails.url?authorID=6603904554&partnerID=MN8TOARS,,,,"2024, 2023, 2022, 2021, 2020, 2019, 2018, 2017, 2016, 2015"
Leigh J. Sowerby,https://orcid.org/0000-0002-5825-2759,https://openalex.org/A5002590002,,,,,"2025, 2024, 2023, 2022, 2021, 2020, 2019, 2018, 2017, 2016"
David A. Steven,https://orcid.org/0000-0002-0392-8950,https://openalex.org/A5006522750,http://www.scopus.com/inward/authorDetails.url?authorID=7003894164&partnerID=MN8TOARS,,,,"2025, 2024, 2023, 2022, 2021, 2020, 2019, 2018, 2017, 2016"
Rob Nicolson,https://orcid.org/0000-0001-7086-7038,https://openalex.org/A5013334134,,,,,"2025, 2024, 2023, 2022, 2021, 2020, 2019, 2017, 2016, 2015"
Gediminas Cepinskas,https://orcid.org/0000-0002-0267-6659,https://openalex.org/A5021877357,,,,,"2025, 2024, 2023, 2022, 2021, 2020, 2019, 2018, 2017, 2016"
Albert N. Katz,https://orcid.org/0000-0001-7494-4096,https://openalex.org/A5023734718,http://www.scopus.com/inward/authorDetails.url?authorID=7402566554&partnerID=MN8TOARS,,,,"2024, 2023, 2022, 2021, 2020, 2019, 2018, 2017, 2016, 2015"
Kamran Siddiqui,https://orcid.org/0000-0002-1098-8812,https://openalex.org/A5050475956,,,,,"2024, 2023, 2022, 2021, 2020, 2019, 2018, 2017, 2016, 2015"
Richard Booth,https://orcid.org/0000-0002-0300-9954,https://openalex.org/A5013404727,,,,,"2025, 2024, 2023, 2022, 2021, 2020, 2019, 2018, 2017, 2016"
Dwight E. Moulin,https://orcid.org/0000-0001-9902-2418,https://openalex.org/A5045728149,,,,,"2025, 2024, 2022, 2021, 2020, 2019, 2018, 2017, 2016, 2015"
Madhumita B. Ray,https://orcid.org/0000-0003-3549-0428,https://openalex.org/A5086659125,,,,,"2025, 2024, 2023, 2022, 2021, 2020, 2019, 2018, 2017, 2016"
Sean Doherty,https://orcid.org/0000-0002-5359-1356,https://openalex.org/A5102797370,,,,,"2025, 2022, 2021"
Hugh A. L. Henry,https://orcid.org/0000-0001-8397-6292,https://openalex.org/A5015213972,,,,,"2025, 2024, 2023, 2022, 2021, 2020, 2019, 2018, 2017, 2016"
Xiaoming Wang,https://orcid.org/0000-0003-1232-3125,https://openalex.org/A5027560622,http://www.scopus.com/inward/authorDetails.url?authorID=56829856000&partnerID=MN8TOARS,,,,2025
Nelson Pinto-Neto,https://orcid.org/0000-0001-6713-5290,https://openalex.org/A5036823908,http://www.scopus.com/inward/authorDetails.url?authorID=6603701311&partnerID=MN8TOARS,,,,2024
Charles A. McKenzie,https://orcid.org/0000-0002-9614-1582,https://openalex.org/A5082021039,http://www.scopus.com/inward/authorDetails.url?authorID=7101970199&partnerID=MN8TOARS,,,,"2024, 2023, 2022, 2021, 2020, 2019, 2018, 2017, 2016, 2015"
Michael J. Kovacs,,https://openalex.org/A5105839238,,,,,"2025, 2023, 2022, 2021, 2020, 2019, 2018, 2017, 2016, 2015"
Graham Bird,,https://openalex.org/A5011453878,,,,,"2024, 2023, 2022, 2019"
Greta R. Bauer,https://orcid.org/0000-0003-0663-7160,https://openalex.org/A5017451805,http://www.scopus.com/inward/authorDetails.url?authorID=7402068555&partnerID=MN8TOARS,,,,"2025, 2024, 2023, 2022, 2021, 2020, 2019, 2018, 2017, 2016"
Robert D. Austin,https://orcid.org/0000-0002-0251-932X,https://openalex.org/A5079395653,,,,,"2024, 2021, 2020, 2019"
Kibret Mequanint,https://orcid.org/0000-0002-7888-418X,https://openalex.org/A5010139412,http://www.scopus.com/inward/authorDetails.url?authorID=12800213600&partnerID=MN8TOARS,,,,"2025, 2024, 2023, 2022, 2021, 2020, 2019, 2018, 2017, 2016"
M. Campbell‐Brown,https://orcid.org/0000-0001-6010-1784,https://openalex.org/A5027568492,,,,,"2024, 2023, 2022, 2021, 2020, 2019, 2018, 2017, 2016, 2015"
Ryan A. Stevenson,https://orcid.org/0000-0003-1037-7736,https://openalex.org/A5028027756,,,,,"2025, 2024, 2023, 2022, 2021, 2020, 2019, 2018, 2017, 2016"
Laura B. Stephenson,https://orcid.org/0000-0003-3526-8624,https://openalex.org/A5032318424,http://www.scopus.com/inward/authorDetails.url?authorID=7102276726&partnerID=MN8TOARS,,,,"2025, 2024, 2023, 2022, 2021, 2020, 2019, 2018, 2017, 2016"
Neil Parry,,https://openalex.org/A5104100011,,,,,"2025, 2024, 2023, 2022, 2021, 2020, 2019, 2018, 2017, 2016"
Michelle Science,https://orcid.org/0000-0002-2855-8570,https://openalex.org/A5024423390,,,,,"2025, 2022, 2021"
Jisuo Jin,https://orcid.org/0000-0002-6109-7657,https://openalex.org/A5034426991,http://www.scopus.com/inward/authorDetails.url?authorID=7409815363&partnerID=MN8TOARS,,,,"2024, 2023, 2022, 2021, 2020, 2019, 2018, 2017, 2016, 2015"
Graham J. Reid,https://orcid.org/0000-0003-2139-0901,https://openalex.org/A5036254771,,,,,"2025, 2024, 2023, 2022, 2021, 2020, 2019, 2018, 2017, 2016"
Jagath Samarabandu,https://orcid.org/0009-0006-5871-6548,https://openalex.org/A5049647213,,,,,"2024, 2023, 2022, 2021, 2020, 2019, 2018, 2017, 2016, 2015"
Mayur Brahmania,https://orcid.org/0000-0002-4671-1479,https://openalex.org/A5060382600,,,,,"2025, 2024, 2023, 2022, 2021, 2020, 2019, 2018, 2017"
John P. Bunker,,https://openalex.org/A5109277310,,,,,"2025, 2024"
George Philip,https://orcid.org/0000-0002-2226-0490,https://openalex.org/A5018329327,,,,,"2024, 2023"
Mark Sterling,https://orcid.org/0000-0003-2119-592X,https://openalex.org/A5072598351,,,,,2024
Elizabeth M. Norman,https://orcid.org/0000-0002-4623-3374,https://openalex.org/A5002484922,,,,,"2025, 2024, 2023"
Daniel J. Lizotte,https://orcid.org/0000-0002-9258-8619,https://openalex.org/A5004615169,,,,,"2025, 2024, 2023, 2022, 2021, 2020, 2019, 2018, 2017, 2016"
Rachel M. Calogero,https://orcid.org/0000-0002-2539-3475,https://openalex.org/A5036701003,,,,,"2025, 2024, 2023, 2022, 2021, 2020, 2019, 2018, 2017"
Jessica A. Grahn,https://orcid.org/0000-0001-7270-2114,https://openalex.org/A5051748201,http://www.scopus.com/inward/authorDetails.url?authorID=13407386100&partnerID=MN8TOARS,,,,"2025, 2024, 2023, 2022, 2021, 2020, 2019, 2018, 2017, 2016"
Neville Suskin,https://orcid.org/0000-0002-5456-1351,https://openalex.org/A5070593574,,,,,"2025, 2024, 2023, 2022, 2021, 2020, 2019, 2018, 2017, 2016"
P. J. A. McCausland,https://orcid.org/0000-0003-3030-7524,https://openalex.org/A5079675412,,,,,"2025, 2023, 2022, 2021, 2020, 2019, 2018, 2017, 2016, 2015"
Thomas R. Freeman,https://orcid.org/0000-0002-2284-3442,https://openalex.org/A5101805868,http://www.scopus.com/inward/authorDetails.url?authorID=57212694052&partnerID=MN8TOARS,,,,"2025, 2024, 2023, 2022, 2021, 2020, 2019, 2018, 2016, 2013"
Michael B. Boffa,https://orcid.org/0000-0003-1211-3064,https://openalex.org/A5004439929,http://www.scopus.com/inward/authorDetails.url?authorID=7006821993&partnerID=MN8TOARS,,,,"2025, 2024, 2023, 2022, 2021, 2020, 2019, 2018, 2017, 2016"
Daniela Cristina Carvalho de Abreu,https://orcid.org/0000-0003-4681-2613,https://openalex.org/A5018395884,,,,,"2025, 2023"
David R. Bellhouse,https://orcid.org/0000-0001-6385-1636,https://openalex.org/A5036453507,,,,,"2024, 2020, 2019, 2017, 2016, 2015, 2014, 2012, 2011, 2009"
Shawn N. Whitehead,https://orcid.org/0000-0003-4728-8067,https://openalex.org/A5039754223,,,,,"2025, 2024, 2023, 2022, 2021, 2020, 2019, 2018, 2017, 2016"
Mark Daley,https://orcid.org/0000-0002-6939-9772,https://openalex.org/A5059512715,,,,,"2025, 2024, 2023, 2022, 2021, 2020, 2019, 2018, 2017, 2016"
Zahra Kassam,https://orcid.org/0000-0002-2098-1550,https://openalex.org/A5059619380,,,,,"2025, 2024, 2023, 2022, 2021, 2020, 2019, 2018, 2017, 2016"
Nilesh Chande,,https://openalex.org/A5065846093,,,,,"2025, 2024, 2023, 2022, 2021, 2020, 2019, 2018, 2017, 2016"
Stan Van Uum,https://orcid.org/0000-0002-0150-8223,https://openalex.org/A5071533742,,,,,"2025, 2024, 2023, 2022, 2021, 2020, 2019, 2018, 2017, 2016"
James C. Lacefield,https://orcid.org/0000-0002-9438-9189,https://openalex.org/A5010813308,,,,,"2025, 2024, 2022, 2021, 2020, 2019, 2018, 2017, 2016, 2015"
S. R. Shieh,https://orcid.org/0000-0001-7573-3039,https://openalex.org/A5051098066,,,,,"2025, 2023, 2022, 2021, 2020, 2019, 2018, 2017, 2016, 2015"
David F. Sherry,https://orcid.org/0000-0001-6623-2232,https://openalex.org/A5083672438,,,,,"2025, 2023, 2022, 2021, 2020, 2019, 2018, 2017, 2016, 2015"
Trevor G. Shepherd,https://orcid.org/0000-0002-1853-8066,https://openalex.org/A5005403829,,,,,"2025, 2024, 2023, 2022, 2021, 2020, 2019, 2018, 2017, 2016"
David F. Cechetto,,https://openalex.org/A5059300906,,,,,"2024, 2023, 2022, 2021, 2020, 2019, 2018, 2017, 2016, 2015"
Brian L. Allman,https://orcid.org/0000-0001-8793-2019,https://openalex.org/A5073481800,,,,,"2025, 2024, 2023, 2022, 2021, 2020, 2019, 2018, 2017, 2016"
Amanda McIntyre,https://orcid.org/0000-0002-0992-0909,https://openalex.org/A5082782201,,,,,"2025, 2024, 2023, 2022, 2017, 2015, 2014"
Ayan Sadhu,https://orcid.org/0000-0001-5685-7087,https://openalex.org/A5026979578,,,,,"2025, 2024, 2023, 2022, 2021, 2020, 2019, 2018"
Rommel G. Tirona,https://orcid.org/0000-0001-5455-3960,https://openalex.org/A5028224518,,,,,"2025, 2024, 2023, 2022, 2021, 2020, 2019, 2018, 2017, 2016"
Gabriel Boldt,https://orcid.org/0000-0002-8356-6338,https://openalex.org/A5058165877,,,,,"2025, 2024, 2023, 2022, 2021, 2020, 2019, 2018, 2016, 2013"
Stuart Webb,https://orcid.org/0000-0002-8297-4997,https://openalex.org/A5068066778,,,,,"2025, 2024, 2023, 2022, 2021, 2020, 2019, 2018, 2017, 2016"
Stewart B. Harris,https://orcid.org/0000-0002-8282-5449,https://openalex.org/A5102945405,,,,,"2025, 2024, 2023, 2022, 2021, 2020, 2019, 2018, 2016, 2015"
Elizabeth P. Hayden,https://orcid.org/0000-0002-1609-0093,https://openalex.org/A5044738659,,,,,"2025, 2024, 2023, 2022, 2021, 2020, 2019, 2018, 2017, 2016"
Paul L. Gribble,https://orcid.org/0000-0002-1368-032X,https://openalex.org/A5044806170,,,,,"2024, 2023, 2022, 2021, 2020, 2019, 2018, 2017, 2016, 2015"
Girma Bitsuamlak,https://orcid.org/0000-0002-0031-3176,https://openalex.org/A5072421223,,,,,"2024, 2023, 2022, 2021, 2020, 2019, 2018, 2017, 2016, 2015"
Robert Solomon,,https://openalex.org/A5103703909,,,,,"2025, 2024, 2021, 2020, 2018, 2015, 2013, 2012, 2011, 2008"
Ana Luisa Trejos,https://orcid.org/0000-0002-3616-2891,https://openalex.org/A5003665590,,,,,"2025, 2024, 2023, 2022, 2021, 2020, 2019, 2018, 2017, 2016"
Xiao Zhen Zhou,https://orcid.org/0000-0001-9309-5659,https://openalex.org/A5016017942,,,,,"2024, 2023"
Sumit Agrawal,https://orcid.org/0000-0002-1309-3838,https://openalex.org/A5016955537,,,,,"2025, 2024, 2023, 2022, 2021, 2020, 2019, 2018, 2017, 2016"
Mahmoud Reza Azarpazhooh,https://orcid.org/0000-0003-4784-5345,https://openalex.org/A5022276754,,,,,"2025, 2024, 2023, 2022, 2021, 2020, 2019, 2018, 2017, 2016"
Brian A. Branfireun,https://orcid.org/0000-0002-2073-6117,https://openalex.org/A5034034951,,,,,"2025, 2024, 2023, 2022, 2021, 2020, 2019, 2018, 2017, 2016"
James A. Voogt,https://orcid.org/0000-0002-7975-0052,https://openalex.org/A5037215291,http://www.scopus.com/inward/authorDetails.url?authorID=7004543601&partnerID=MN8TOARS,,,,"2025, 2024, 2023, 2022, 2021, 2020, 2019, 2018, 2017, 2016"
Serge B. Provost,https://orcid.org/0000-0002-2024-0103,https://openalex.org/A5057854998,,,,,"2025, 2024, 2022, 2020, 2019, 2018, 2017, 2016, 2015, 2014"
Elvis C. S. Chen,https://orcid.org/0000-0002-4198-3336,https://openalex.org/A5064673286,,,,,"2025, 2024, 2023, 2022, 2021, 2020, 2019, 2018, 2017, 2016"
John R. de Bruyn,https://orcid.org/0000-0002-9431-6748,https://openalex.org/A5087658014,,,,,"2025, 2024, 2023, 2022, 2021, 2020, 2019, 2018, 2017, 2016"
David Sanders,https://orcid.org/0000-0002-6355-5148,https://openalex.org/A5102808713,,,,,"2025, 2024, 2023, 2022, 2021, 2020, 2019, 2018, 2016, 2014"
Edward M. Vasarhelyi,https://orcid.org/0000-0001-9942-9605,https://openalex.org/A5018260685,,,,,"2025, 2024, 2023, 2022, 2021, 2020, 2019, 2018, 2017, 2016"
Min Xia,https://orcid.org/0000-0001-8057-9654,https://openalex.org/A5019003956,http://www.scopus.com/inward/authorDetails.url?authorID=56425036700&partnerID=MN8TOARS,,,,"2025, 2024, 2023"
Adrian Budhram,https://orcid.org/0000-0003-4860-0470,https://openalex.org/A5030006733,,,,,"2025, 2024, 2023, 2022, 2021, 2020, 2019, 2018, 2017, 2016"
Bruce S. Hart,,https://openalex.org/A5048585178,,,,,"2024, 2023, 2022, 2021, 2020, 1993, 1992, 1991, 1990, 1989"
Andrew Clark,https://orcid.org/0000-0002-3080-5833,https://openalex.org/A5086653909,http://www.scopus.com/inward/authorDetails.url?authorID=55451070300&partnerID=MN8TOARS,,,,"2024, 2023, 2022, 2021, 2020, 2019, 2018, 2017, 2016, 2015"
Xiaoting Lin,https://orcid.org/0000-0002-1218-1895,https://openalex.org/A5014765328,,,,,"2025, 2024, 2023, 2022, 2021, 2020, 2019, 2018, 2017"
S. Jayne Garland,https://orcid.org/0000-0003-1117-2935,https://openalex.org/A5035213838,http://www.scopus.com/inward/authorDetails.url?authorID=57203755930&partnerID=MN8TOARS,,,,"2025, 2024, 2023, 2022, 2021, 2019, 2018, 2017, 2016, 2010"
Domenico Santoro,https://orcid.org/0000-0002-9561-4894,https://openalex.org/A5039069339,http://www.scopus.com/inward/authorDetails.url?authorID=36015870400&partnerID=MN8TOARS,,,,"2025, 2024, 2023, 2022, 2021, 2020, 2019, 2018, 2017, 2016"
Manas Sharma,https://orcid.org/0000-0003-0947-1282,https://openalex.org/A5042908738,,,,,"2025, 2024, 2023, 2022, 2021, 2020, 2019, 2018, 2017, 2016"
Brian D. Corneil,https://orcid.org/0000-0002-4702-7089,https://openalex.org/A5053707160,,,,,"2025, 2024, 2023, 2022, 2021, 2020, 2019, 2018, 2017, 2016"
Richard Inculet,https://orcid.org/0000-0002-5437-7378,https://openalex.org/A5059100369,,,,,"2025, 2024, 2023, 2022, 2021, 2020, 2019, 2018, 2017, 2016"
James P. Dickey,https://orcid.org/0000-0002-4101-835X,https://openalex.org/A5068935201,,,,,"2024, 2023, 2022, 2021, 2020, 2019, 2018, 2017, 2016, 2015"
Richard Aquila,,https://openalex.org/A5082357634,,,,,"2024, 2023, 2022, 2021, 2020, 2019"
Tianqing Peng,https://orcid.org/0000-0002-5199-9016,https://openalex.org/A5076475288,,,,,"2025, 2024, 2023, 2022, 2021, 2020, 2019, 2018, 2016, 2015"
Emilie Lalonde,https://orcid.org/0000-0002-8573-1966,https://openalex.org/A5030883605,,,,,"2025, 2024"
Stephen D. Williamson,https://orcid.org/0009-0007-4677-1803,https://openalex.org/A5049777906,,,,,"2024, 2022, 2021, 2020, 2019, 2018, 2016, 1996, 1987, 1986"
Servanne Woodward,https://orcid.org/0009-0003-3373-7076,https://openalex.org/A5080358990,,,,,"2024, 2023, 2022, 2021, 2020, 2019, 2018, 2017, 2016, 2010"
Caroline Hamm,https://orcid.org/0000-0003-1326-2088,https://openalex.org/A5090391445,,,,,"2025, 2024, 2023, 2022, 2021, 2020, 2019, 2017, 2016, 2015"
Chitra Prasad,,https://openalex.org/A5111677807,,,,,"2025, 2024, 2023, 2022, 2021, 2020, 2019, 2018, 2017, 2016"
Ryan M. Degen,https://orcid.org/0000-0001-9981-6074,https://openalex.org/A5030387331,,,,,"2025, 2024, 2023, 2022, 2021, 2020, 2019, 2018, 2017, 2013"
Hem Chandra Joshi,https://orcid.org/0000-0001-9518-2473,https://openalex.org/A5100724985,http://www.scopus.com/inward/authorDetails.url?authorID=7103239761&partnerID=MN8TOARS,,,,2024
Jeffrey J. L. Carson,https://orcid.org/0000-0003-0683-6004,https://openalex.org/A5018788414,,,,,"2024, 2023, 2022, 2021, 2020, 2019, 2017, 2016, 2015, 2014"
Anton Skaro,https://orcid.org/0000-0002-9215-647X,https://openalex.org/A5047810982,,,,,"2025, 2024, 2023, 2022, 2021, 2020, 2019, 2018, 2017, 2016"
Shayna Zelcer,https://orcid.org/0000-0003-2825-1285,https://openalex.org/A5052730233,,,,,"2024, 2020, 2019, 2017, 2013, 2012"
Brian Yaremko,https://orcid.org/0000-0002-5055-9027,https://openalex.org/A5057971434,,,,,"2025, 2024, 2023, 2022, 2021, 2020, 2019, 2018, 2017, 2016"
Miguel E. Quiñones‐Mateu,https://orcid.org/0000-0001-9170-5601,https://openalex.org/A5016448752,http://www.scopus.com/inward/authorDetails.url?authorID=6701528564&partnerID=MN8TOARS,,,,"2025, 2023"
Gabriel E. DiMattia,https://orcid.org/0000-0002-2796-9941,https://openalex.org/A5022198855,,,,,"2025, 2024, 2023, 2022, 2021, 2020, 2019, 2018, 2017, 2016"
Matthew A. Weir,https://orcid.org/0000-0003-3099-0124,https://openalex.org/A5030762655,,,,,"2024, 2023, 2022, 2021, 2020, 2019, 2018, 2017, 2016, 2015"
Wayne Martino,https://orcid.org/0000-0002-4404-9303,https://openalex.org/A5033235060,http://www.scopus.com/inward/authorDetails.url?authorID=6603024246&partnerID=MN8TOARS,,,,"2024, 2023, 2022, 2021, 2020, 2019, 2018, 2017, 2016, 2015"
Irina Rachinsky,,https://openalex.org/A5034077923,,,,,"2025, 2022, 2021, 2020, 2019, 2017, 2016, 2015, 2013, 2012"
Joseph S. Gati,https://orcid.org/0000-0003-3205-7274,https://openalex.org/A5040500127,,,,,"2024, 2023, 2022, 2021, 2020, 2019, 2018, 2017, 2016, 2015"
R. Shcherbakov,https://orcid.org/0000-0002-3057-0851,https://openalex.org/A5042044229,,,,,"2025, 2024, 2023, 2022, 2021, 2020, 2019, 2017, 2016, 2015"
Andrew J. Nelson,https://orcid.org/0000-0001-6398-7314,https://openalex.org/A5066874083,,,,,"2024, 2023, 2022, 2021, 2020, 2019, 2018, 2017, 2016, 2015"
Kim Solga,https://orcid.org/0000-0002-2993-3360,https://openalex.org/A5067527557,,,,,"2024, 2023, 2022, 2021, 2020, 2019, 2018, 2017, 2015, 2014"
C. E. Jones,https://orcid.org/0000-0001-9900-1000,https://openalex.org/A5079505657,,,,,"2025, 2024, 2023, 2022, 2021, 2020, 2018, 2017, 2016, 2015"
Stefan Köhler,https://orcid.org/0000-0003-1905-6453,https://openalex.org/A5010985976,http://www.scopus.com/inward/authorDetails.url?authorID=7103067274&partnerID=MN8TOARS,,,,"2025, 2024, 2023, 2022, 2021, 2020, 2019, 2018, 2017, 2016"
Peter W.R. Lemon,https://orcid.org/0000-0002-8252-0055,https://openalex.org/A5032864327,,,,,"2024, 2022, 2021, 2019, 2017, 2016, 2015, 2014, 2013, 2012"
Lorie Donelle,https://orcid.org/0000-0001-9276-8639,https://openalex.org/A5045476760,,,,,"2025, 2024, 2023, 2022, 2021, 2020, 2019, 2018, 2017, 2016"
Shannon L. Stewart,https://orcid.org/0000-0002-6480-883X,https://openalex.org/A5057003604,,,,,"2025, 2024, 2023, 2022, 2021, 2020, 2019, 2018, 2017, 2016"
Kem A. Rogers,https://orcid.org/0000-0002-6234-2634,https://openalex.org/A5077541280,http://www.scopus.com/inward/authorDetails.url?authorID=7202327476&partnerID=MN8TOARS,,,,"2025, 2024, 2023, 2022, 2021, 2020, 2019, 2018, 2017, 2016"
Michelle Barton,https://orcid.org/0000-0001-7707-8154,https://openalex.org/A5082746607,,,,,"2025, 2024, 2023, 2022, 2021, 2020, 2019, 2018, 2017, 2016"
Giovanni Pellegrino,https://orcid.org/0000-0002-1195-1421,https://openalex.org/A5087264780,http://www.scopus.com/inward/authorDetails.url?authorID=38362100100&partnerID=MN8TOARS,,,,"2025, 2024, 2023, 2022"
François Lagugné‐Labarthet,https://orcid.org/0000-0001-9882-9367,https://openalex.org/A5045372511,,,,,"2025, 2024, 2023, 2022, 2021, 2020, 2019, 2018, 2017, 2016"
Stephanie N. Dixon,https://orcid.org/0000-0002-7566-6574,https://openalex.org/A5048981513,,,,,"2025, 2024, 2023, 2022, 2021, 2020, 2019, 2018, 2017, 2016"
C. Meghan McMurtry,https://orcid.org/0000-0002-3278-1169,https://openalex.org/A5060290129,,,,,"2025, 2023, 2022, 2021, 2020, 2019, 2018, 2017, 2016, 2015"
Yolanda S. Hedberg,https://orcid.org/0000-0003-2145-3650,https://openalex.org/A5062868499,http://www.scopus.com/inward/authorDetails.url?authorID=35740377900&partnerID=MN8TOARS,,,,"2025, 2024, 2023, 2022, 2021, 2020"
Lindi M. Wahl,https://orcid.org/0000-0003-1163-0940,https://openalex.org/A5077870673,,,,,"2025, 2024, 2023, 2022, 2021, 2020, 2019, 2018, 2017, 2016"
Danielle A. Way,https://orcid.org/0000-0003-4801-5319,https://openalex.org/A5080483170,,,,,"2025, 2024, 2023, 2022, 2021, 2020, 2019, 2018, 2017, 2016"
J. B. Orange,https://orcid.org/0000-0002-2632-3049,https://openalex.org/A5083744142,http://www.scopus.com/inward/authorDetails.url?authorID=7004197592&partnerID=MN8TOARS,,,,"2025, 2024, 2023, 2022, 2021, 2020, 2019, 2018, 2017, 2015"
Robert Gros,https://orcid.org/0000-0002-3667-8011,https://openalex.org/A5090719615,,,,,"2025, 2024, 2023, 2021, 2020, 2019, 2018, 2017, 2016, 2015"
John J. Koval,https://orcid.org/0000-0003-2020-3107,https://openalex.org/A5012475362,,,,,"2024, 2023, 2022, 2020, 2018, 2017, 2016, 2015, 2014, 2013"
Laura Misener,https://orcid.org/0000-0002-8193-3974,https://openalex.org/A5027893559,http://www.scopus.com/inward/authorDetails.url?authorID=10641569500&partnerID=MN8TOARS,,,,"2025, 2024, 2023, 2022, 2021, 2020, 2019, 2018, 2017, 2016"
Philip J. Stooke,,https://openalex.org/A5049114233,,,,,"2025, 2024, 2023, 2021, 2019, 2018, 2017, 2015, 2013, 2012"
Natasha MacBean,https://orcid.org/0000-0001-6797-4836,https://openalex.org/A5062009191,,,,,"2025, 2024, 2023, 2022"
Wolfgang Lehmann,https://orcid.org/0000-0003-3917-9979,https://openalex.org/A5064956999,,,,,"2024, 2022, 2021, 2020, 2019, 2018, 2017, 2015, 2014, 2013"
José A. Gómez,https://orcid.org/0000-0001-8148-8308,https://openalex.org/A5071439377,,,,,"2025, 2023, 2022, 2021, 2020, 2018, 2017, 2016, 2015, 2014"
Peter B. Stathopulos,https://orcid.org/0000-0002-0536-6656,https://openalex.org/A5073722796,http://www.scopus.com/inward/authorDetails.url?authorID=6508123582&partnerID=MN8TOARS,,,,"2025, 2024, 2023, 2022, 2021, 2020, 2019, 2018, 2017, 2016"
Angela Roberts,https://orcid.org/0000-0002-9226-8009,https://openalex.org/A5079565089,http://www.scopus.com/inward/authorDetails.url?authorID=55037487500&partnerID=MN8TOARS,,,,"2025, 2024, 2023, 2022, 2021, 2020, 2019, 2015, 2013, 2012"
Young J. Kim,https://orcid.org/0000-0001-8434-4561,https://openalex.org/A5100387368,,,,,2024
Bojana Djordjevic,,https://openalex.org/A5110001527,,,,,2025
Gregor Reid,,https://openalex.org/A5055394709,,,,,"2024, 2022, 2021, 2018, 2015, 2014, 2013, 2012, 2011, 2010"
Zoë Lindo,https://orcid.org/0000-0001-9942-7204,https://openalex.org/A5060422683,,,,,"2025, 2024, 2023, 2022, 2021, 2020, 2019, 2018, 2017, 2016"
Daniel G. Hackam,https://orcid.org/0000-0002-1403-4450,https://openalex.org/A5076728459,,,,,"2025, 2022, 2021, 2020, 2019, 2018, 2017, 2016, 2015, 2014"
C. Thomas Appleton,https://orcid.org/0000-0001-7148-0767,https://openalex.org/A5009962397,http://www.scopus.com/inward/authorDetails.url?authorID=9036734400&partnerID=MN8TOARS,,,,"2025, 2024, 2023, 2022, 2021, 2020, 2019, 2018, 2017, 2015"
Todd Stinebrickner,https://orcid.org/0009-0000-7886-072X,https://openalex.org/A5012613215,,,,,"2025, 2024, 2023, 2021, 2020, 2019, 2018, 2017, 2015, 2014"
Ayden I. Scheim,https://orcid.org/0000-0001-8498-9829,https://openalex.org/A5012890330,http://www.scopus.com/inward/authorDetails.url?authorID=55557787900&partnerID=MN8TOARS,,,,"2025, 2024, 2023, 2022, 2021, 2019, 2018, 2017, 2016, 2015"
Ryan Willing,https://orcid.org/0000-0002-4127-8645,https://openalex.org/A5022634281,,,,,"2025, 2024, 2023, 2022, 2021, 2020, 2019, 2018, 2017, 2016"
Lauren E. Cipriano,https://orcid.org/0000-0001-5568-4516,https://openalex.org/A5037126265,,,,,"2025, 2024, 2023, 2022, 2021, 2020, 2019, 2018, 2017, 2016"
A. Guy Plint,https://orcid.org/0000-0002-7110-0178,https://openalex.org/A5084068267,,,,,"2025, 2023, 2022, 2021, 2020, 2019, 2017, 2016, 2015, 2014"
Irene Hramiak,https://orcid.org/0000-0002-3032-5338,https://openalex.org/A5088887856,,,,,"2025, 2024, 2023, 2022, 2021, 2020, 2019, 2018, 2017, 2015"
Evgueni V. Bordatchev,https://orcid.org/0000-0003-2347-6338,https://openalex.org/A5001398667,http://www.scopus.com/inward/authorDetails.url?authorID=6603174173&partnerID=MN8TOARS,,,,"2025, 2024, 2023, 2022, 2020, 2019, 2018, 2014, 2011, 2006"
R. Jane Rylett,https://orcid.org/0000-0002-9158-9599,https://openalex.org/A5018971090,http://www.scopus.com/inward/authorDetails.url?authorID=7006946239&partnerID=MN8TOARS,,,,"2025, 2024, 2023, 2022, 2021, 2020, 2019, 2018, 2017, 2016"
Hanif M. Ladak,https://orcid.org/0000-0003-4911-3340,https://openalex.org/A5021151860,,,,,"2025, 2024, 2023, 2022, 2021, 2020, 2019, 2018, 2017, 2016"
Abdelali Hannoufa,https://orcid.org/0000-0003-0064-620X,https://openalex.org/A5031202198,http://www.scopus.com/inward/authorDetails.url?authorID=6602207295&partnerID=MN8TOARS,,,,"2025, 2023, 2022, 2021, 2020, 2019, 2018, 2017, 2016, 2015"
Masoud Khalkhali,https://orcid.org/0000-0003-2552-0208,https://openalex.org/A5033580652,,,,,"2025, 2024, 2023, 2022, 2021, 2020, 2019, 2018, 2016, 2015"
Anna Zajacova,https://orcid.org/0000-0002-3880-6187,https://openalex.org/A5060171997,,,,,"2025, 2024, 2023, 2022, 2021, 2020, 2019, 2018, 2017"
Samuel Asfaha,https://orcid.org/0000-0001-6972-0338,https://openalex.org/A5071635636,,,,,"2025, 2024, 2023, 2022, 2021, 2020, 2019, 2018, 2017, 2016"
Samuel Clark,https://orcid.org/0000-0002-8392-1651,https://openalex.org/A5103166639,http://www.scopus.com/authid/detail.url?authorId=56285743200,,,,"2025, 2024, 2023, 2022, 2021, 2020, 2019, 2017, 2015, 2006"
Jason Dyck,https://orcid.org/0000-0001-8157-0125,https://openalex.org/A5033814034,http://www.scopus.com/inward/authorDetails.url?authorID=56884093100&partnerID=MN8TOARS,,,,"2024, 2023, 2022, 2021, 2020"
J. R. S. Hales,,https://openalex.org/A5046030659,,,,,2024
Jennifer Mandzia,https://orcid.org/0000-0002-1331-0695,https://openalex.org/A5016249935,,,,,"2025, 2024, 2023, 2022, 2021, 2020, 2019, 2018, 2017, 2016"
Eva Pila,https://orcid.org/0000-0001-5175-4329,https://openalex.org/A5027158376,http://www.scopus.com/inward/authorDetails.url?authorID=56038115800&partnerID=MN8TOARS,,,,"2025, 2024, 2023, 2022, 2021, 2020, 2019"
Pratima Bansal,https://orcid.org/0000-0002-7899-9622,https://openalex.org/A5046485145,,,,,"2024, 2023, 2022, 2021, 2020, 2019, 2018, 2017, 2016, 2015"
Leonard G. Luyt,https://orcid.org/0000-0002-0941-4731,https://openalex.org/A5067578877,http://www.scopus.com/inward/authorDetails.url?authorID=6602440788&partnerID=MN8TOARS,,,,"2025, 2024, 2023, 2022, 2021, 2020, 2019, 2018, 2017, 2016"
Maxwell J. Smith,https://orcid.org/0000-0001-5230-0548,https://openalex.org/A5087076277,,,,,"2025, 2024, 2023, 2022, 2021, 2020, 2019, 2018"
Emma G. Duerden,https://orcid.org/0000-0002-9734-7865,https://openalex.org/A5041841535,,,,,"2025, 2024, 2023, 2022, 2021, 2020, 2019, 2018"
Raymond Thomas,https://orcid.org/0000-0002-3078-2352,https://openalex.org/A5053863546,http://www.scopus.com/inward/authorDetails.url?authorID=9245574000&partnerID=MN8TOARS,,,,"2025, 2024, 2023, 2022, 2018, 2014, 2013, 2012, 2011, 2010"
Mary Crossan,https://orcid.org/0000-0002-5635-3978,https://openalex.org/A5084686451,,,,,"2024, 2023, 2022, 2021, 2020, 2019, 2018, 2017, 2016, 2015"
Diane‐Laure Arjaliès,https://orcid.org/0000-0002-4070-9191,https://openalex.org/A5086570023,,,,,"2024, 2023, 2022, 2021, 2020, 2019, 2018, 2017, 2016, 2014"
Kevin Fung,,https://openalex.org/A5103801056,,,,,"2025, 2023, 2022, 2021, 2020, 2019, 2018, 2017, 2016, 2015"
Ken McRae,https://orcid.org/0000-0003-2341-0080,https://openalex.org/A5006501986,,,,,"2025, 2024, 2023, 2022, 2021, 2020, 2018, 2017, 2016, 2015"
Harvi F. Hart,https://orcid.org/0000-0002-5802-510X,https://openalex.org/A5007655729,http://www.scopus.com/inward/authorDetails.url?authorID=55216424200&partnerID=MN8TOARS,,,,"2025, 2024, 2023, 2022, 2021, 2020, 2019, 2018"
Victoria Mok Siu,https://orcid.org/0000-0003-0151-8111,https://openalex.org/A5030150493,,,,,"2025, 2024, 2023, 2022, 2021, 2020, 2019, 2018, 2017, 2016"
Cyrus C. Hsia,https://orcid.org/0000-0003-4287-6708,https://openalex.org/A5034014489,,,,,"2025, 2024, 2023, 2022, 2021, 2020, 2019, 2018, 2017, 2016"
Michael Sey,https://orcid.org/0000-0002-0337-2366,https://openalex.org/A5035693673,,,,,"2024, 2023, 2022, 2021, 2020, 2019, 2018, 2017, 2016, 2015"
Stephen P. Lownie,https://orcid.org/0000-0003-4959-6725,https://openalex.org/A5038892854,,,,,"2024, 2022, 2021, 2020, 2019, 2018, 2017, 2016, 2015, 2014"
Rongfeng Guan,https://orcid.org/0000-0003-4504-1191,https://openalex.org/A5048769114,,,,,"2025, 2023"
Peter Ashmore,https://orcid.org/0000-0002-2928-2406,https://openalex.org/A5088058709,,,,,"2025, 2024, 2023, 2022, 2021, 2020, 2019, 2018, 2017, 2016"
Ying Ma,https://orcid.org/0000-0003-3739-1175,https://openalex.org/A5101705870,http://www.scopus.com/inward/authorDetails.url?authorID=55532217200&partnerID=MN8TOARS,,,,"2025, 2024, 2023, 2022"
Laura L. Murray,https://orcid.org/0000-0002-7773-1843,https://openalex.org/A5006470489,http://www.scopus.com/inward/authorDetails.url?authorID=7202252528&partnerID=MN8TOARS,,,,"2025, 2024, 2023, 2022, 2021, 2020, 2019, 2018, 2017, 2016"
Gerard Seijts,https://orcid.org/0000-0003-2448-0646,https://openalex.org/A5013439321,,,,,"2024, 2023, 2022, 2021, 2020, 2018, 2017, 2016, 2015, 2013"
Kamran Sedig,https://orcid.org/0000-0002-6970-5469,https://openalex.org/A5027962058,,,,,"2025, 2024, 2022, 2021, 2020, 2019, 2018, 2017, 2016, 2015"
Robert T. Thompson,https://orcid.org/0000-0002-3502-0058,https://openalex.org/A5028107504,,,,,"2024, 2023, 2022, 2021, 2019, 2018, 2017, 2016, 2015, 2014"
William J. Turkel,https://orcid.org/0000-0003-4734-9894,https://openalex.org/A5035138679,,,,,"2024, 2023, 2021, 2020, 2019, 2017, 2014, 2012, 2011, 2008"
Joseph Megyesi,https://orcid.org/0000-0002-5653-1455,https://openalex.org/A5049280146,,,,,"2024, 2023, 2022, 2020, 2019, 2018, 2017, 2016, 2015, 2014"
Abbas Samani,https://orcid.org/0000-0002-9352-0587,https://openalex.org/A5053150293,,,,,"2025, 2023, 2022, 2021, 2020, 2019, 2018, 2017, 2016, 2015"
Matthew J. Cecchini,https://orcid.org/0000-0001-7224-5216,https://openalex.org/A5058914453,,,,,"2025, 2024, 2023, 2022, 2021, 2020, 2019, 2018, 2017, 2016"
G B Dresser,,https://openalex.org/A5066816961,,,,,2025
Jessica M. Sontrop,https://orcid.org/0000-0001-7784-2028,https://openalex.org/A5073871205,,,,,"2025, 2024, 2023, 2022, 2021, 2020, 2019, 2018, 2017, 2016"
Christy Sich,https://orcid.org/0000-0002-2515-0676,https://openalex.org/A5082026604,http://www.scopus.com/inward/authorDetails.url?authorID=14064371800&partnerID=MN8TOARS,,,,"2024, 2018, 2017, 2010"
Timothy J. Scholl,https://orcid.org/0000-0002-0807-363X,https://openalex.org/A5002388438,http://www.scopus.com/inward/authorDetails.url?authorID=7004649611&partnerID=MN8TOARS,,,,"2024, 2023, 2022, 2021, 2020, 2019, 2018, 2017, 2016, 2015"
Zhichuan Li,https://orcid.org/0000-0001-5585-5565,https://openalex.org/A5008178617,http://www.scopus.com/inward/authorDetails.url?authorID=57201262650&partnerID=MN8TOARS,,,,"2025, 2024, 2023, 2022, 2021, 2020, 2019, 2018, 2017, 2016"
Anurag Sharma,https://orcid.org/0000-0003-4341-9613,https://openalex.org/A5017082427,,,,,"2025, 2024"
Tim Newson,https://orcid.org/0000-0002-6319-3124,https://openalex.org/A5041649792,,,,,"2024, 2023, 2022, 2021, 2020, 2019, 2017, 2016, 2015, 2014"
Maria Densmore,,https://openalex.org/A5069979654,,,,,"2025, 2024, 2023, 2022, 2021, 2020, 2019, 2018, 2017, 2016"
Robert L. Linnen,https://orcid.org/0000-0002-0631-8429,https://openalex.org/A5085660139,,,,,"2025, 2023, 2022, 2021, 2020, 2019, 2018, 2017, 2016, 2015"
Denis Vida,https://orcid.org/0000-0003-4166-8704,https://openalex.org/A5013993297,,,,,"2025, 2024, 2023, 2022, 2021, 2020, 2019, 2018, 2017, 2016"
Cameron Ross,,https://openalex.org/A5104272683,,,,,"2024, 2023"
Amanda Terry,https://orcid.org/0000-0002-8157-8298,https://openalex.org/A5009640695,,,,,"2025, 2024, 2023, 2022, 2021, 2020, 2019, 2018, 2017, 2016"
Basim Abu‐Rafea,https://orcid.org/0000-0002-9601-7098,https://openalex.org/A5017234479,,,,,"2025, 2024, 2021, 2020, 2019, 2018, 2017, 2016, 2015, 2014"
Shawn S.‐C. Li,https://orcid.org/0000-0003-3610-9035,https://openalex.org/A5018410197,,,,,"2025, 2024, 2023, 2022, 2021, 2020, 2019, 2018, 2017, 2016"
Susan Scollie,https://orcid.org/0000-0002-2207-5279,https://openalex.org/A5019329340,,,,,"2025, 2024, 2023, 2022, 2021, 2020, 2019, 2018, 2017, 2016"
David R. Cléments,https://orcid.org/0000-0002-4999-3563,https://openalex.org/A5085969327,,,,,"2025, 2024, 2023, 2022, 2021, 2020, 2019, 2018, 2017, 2016"
Mark A. Bernards,https://orcid.org/0000-0003-1209-3200,https://openalex.org/A5001826100,,,,,"2025, 2024, 2023, 2022, 2021, 2020, 2019, 2018, 2017, 2016"
Susanne Schmid,https://orcid.org/0000-0001-5366-8061,https://openalex.org/A5033060481,http://www.scopus.com/inward/authorDetails.url?authorID=35509479800&partnerID=MN8TOARS,,,,"2025, 2024, 2023, 2022, 2021, 2020, 2019, 2018, 2017, 2016"
John K. McCormick,https://orcid.org/0000-0003-3742-7289,https://openalex.org/A5038612099,,,,,"2025, 2024, 2023, 2022, 2021, 2020, 2019, 2018, 2017, 2016"
Evan Loh,,https://openalex.org/A5055169513,,,,,2024
Stephen J. Wetmore,https://orcid.org/0000-0003-3194-0807,https://openalex.org/A5080939320,,,,,"2025, 2022, 2020, 2019, 2018, 2016, 2014, 2007, 2005, 2000"
Neil Duggal,,https://openalex.org/A5082929550,,,,,"2025, 2024, 2022, 2021, 2019, 2018, 2016, 2015, 2014, 2013"
Lyle Muller,https://orcid.org/0000-0001-5165-9890,https://openalex.org/A5003827168,,,,,"2025, 2024, 2023, 2022, 2021, 2020, 2019"
Anwar Haque,https://orcid.org/0000-0002-5253-0455,https://openalex.org/A5011011621,,,,,"2024, 2023, 2022, 2021, 2020, 2019, 2018, 2017"
Colin Denniston,https://orcid.org/0000-0002-6723-0455,https://openalex.org/A5022747444,,,,,"2025, 2024, 2023, 2022, 2020, 2019, 2018, 2017, 2016, 2015"
Alex J. Benson,https://orcid.org/0000-0002-5978-065X,https://openalex.org/A5040486496,http://www.scopus.com/inward/authorDetails.url?authorID=57190266914&partnerID=MN8TOARS,,,,"2025, 2024, 2023, 2022, 2021, 2020, 2019, 2018, 2017"
Johanna M. Blacquiere,https://orcid.org/0000-0001-6371-6119,https://openalex.org/A5056306291,,,,,"2025, 2024, 2023, 2022, 2021, 2020, 2019, 2018, 2017, 2016"
Corey W. Dyck,,https://openalex.org/A5058802297,,,,,"2024, 2023, 2022, 2021, 2020, 2019, 2018, 2017, 2016, 2011"
Corey A. Baron,https://orcid.org/0000-0001-7343-5580,https://openalex.org/A5020956342,,,,,"2025, 2024, 2023, 2022, 2021, 2020, 2019"
Jessica J. Wong,https://orcid.org/0000-0001-5593-0238,https://openalex.org/A5024809236,,,,,2025
Marilyn Ford‐Gilboe,https://orcid.org/0000-0003-4328-8748,https://openalex.org/A5042126295,,,,,"2024, 2022, 2021, 2020, 2019, 2018, 2017, 2016, 2015, 2014"
Abe Oudshoorn,https://orcid.org/0000-0003-0277-8724,https://openalex.org/A5050144544,http://www.scopus.com/inward/authorDetails.url?authorID=12801073400&partnerID=MN8TOARS,,,,"2025, 2024, 2023, 2022, 2021, 2020, 2019, 2018, 2017, 2016"
Jin Hee Yoon,https://orcid.org/0000-0002-1437-1350,https://openalex.org/A5100347335,,,,,2025
Jane S Thornton,https://orcid.org/0000-0002-3519-7101,https://openalex.org/A5006002384,http://www.scopus.com/inward/authorDetails.url?authorID=6602687353&partnerID=MN8TOARS,,,,"2025, 2024, 2023, 2022, 2021, 2020, 2019, 2018, 2017, 2016"
Sumit Davé,https://orcid.org/0000-0003-1462-647X,https://openalex.org/A5029655672,,,,,"2025, 2024, 2023, 2022, 2021, 2020, 2019, 2018, 2017, 2016"
Alison Doherty,https://orcid.org/0000-0002-3021-7302,https://openalex.org/A5043154882,,,,,"2025, 2023, 2022, 2021, 2020, 2019, 2018, 2017, 2016, 2015"
Robert Litchfield,https://orcid.org/0000-0002-7291-2610,https://openalex.org/A5059234119,,,,,"2024, 2023, 2022, 2021, 2020, 2019, 2018, 2017, 2016, 2015"
Asuri N. Prasad,https://orcid.org/0000-0002-6057-1038,https://openalex.org/A5065061791,,,,,"2025, 2024, 2023, 2022, 2021, 2020, 2019, 2018, 2017, 2016"
Julia Nguyen,https://orcid.org/0009-0009-4715-5150,https://openalex.org/A5090785817,,,,,"2025, 2024, 2023"
Vladimir Zhurov,https://orcid.org/0000-0002-7120-4655,https://openalex.org/A5103153458,,,,,"2024, 2023, 2022, 2021, 2020, 2018, 2017, 2016, 2015, 2014"
Alp Şener,https://orcid.org/0000-0002-8305-0876,https://openalex.org/A5103198898,,,,,"2025, 2024, 2023, 2022, 2021, 2020, 2019, 2018, 2017, 2016"
Maya Shatzmiller,https://orcid.org/0000-0001-5614-7165,https://openalex.org/A5007649180,,,,,"2024, 2023, 2021, 2019, 2018, 2014, 2012, 2005, 2004, 2002"
Jacquelyn Burkell,https://orcid.org/0000-0003-2645-8127,https://openalex.org/A5028345987,http://www.scopus.com/inward/authorDetails.url?authorID=6603611488&partnerID=MN8TOARS,,,,"2024, 2023, 2022, 2021, 2020, 2019, 2017, 2016, 2015, 2014"
Andrew Vincent,,https://openalex.org/A5039889180,,,,,"2024, 2023"
Xiaoli Qin,https://orcid.org/0000-0002-8872-8551,https://openalex.org/A5061757105,,,,,"2025, 2024, 2023, 2022"
Pavel S Roshanov,https://orcid.org/0000-0003-3908-1955,https://openalex.org/A5065751326,,,,,"2025, 2024, 2023, 2022, 2021, 2020, 2017, 2016, 2015, 2014"
Tarun Reddy Katapally,https://orcid.org/0000-0001-5765-1435,https://openalex.org/A5068208248,,,,,"2025, 2024, 2023, 2022, 2021"
Kristin K. Clemens,https://orcid.org/0000-0001-9636-5597,https://openalex.org/A5068738418,,,,,"2025, 2024, 2023, 2022, 2021, 2020, 2019, 2018, 2017, 2016"
K. T. Venkateswara Rao,https://orcid.org/0000-0002-0775-4513,https://openalex.org/A5015483801,,,,,"2024, 2023, 2021, 2020, 2019, 2018, 2017, 2016"
Ute I. Schwarz,https://orcid.org/0000-0003-1569-1580,https://openalex.org/A5022134179,,,,,"2025, 2024, 2023, 2022, 2021, 2020, 2019, 2018, 2017, 2016"
Michael D. Naish,https://orcid.org/0000-0001-7603-7182,https://openalex.org/A5039782206,,,,,"2024, 2023, 2022, 2021, 2020, 2019, 2018, 2017, 2016, 2015"
Marnin J. Heisel,https://orcid.org/0000-0003-1727-1942,https://openalex.org/A5039847179,,,,,"2025, 2024, 2023, 2022, 2021, 2020, 2019, 2018, 2017, 2016"
Lílian Magalhães,https://orcid.org/0000-0003-3666-3685,https://openalex.org/A5060715480,http://www.scopus.com/inward/authorDetails.url?authorID=57104738400&partnerID=MN8TOARS,,,,"2024, 2023, 2021, 2018, 2016, 2015, 2014, 2013, 2012, 2011"
Steven R. Laviolette,https://orcid.org/0000-0001-5410-7389,https://openalex.org/A5072837502,,,,,"2025, 2024, 2023, 2022, 2021, 2020, 2019, 2018, 2017, 2016"
Blaine A. Chronik,,https://openalex.org/A5015223498,,,,,"2024, 2023, 2022, 2021, 2020, 2019, 2018, 2017, 2016, 2015"
Jacques Raphael,https://orcid.org/0000-0002-9484-0224,https://openalex.org/A5015792267,,,,,"2025, 2024, 2023, 2022, 2021, 2020, 2019, 2018, 2017"
Sayra Cristancho,https://orcid.org/0000-0002-8738-2130,https://openalex.org/A5022363373,,,,,"2025, 2024, 2023, 2022, 2021, 2020, 2019, 2018, 2017, 2016"
Teneille Gofton,https://orcid.org/0000-0001-9001-4884,https://openalex.org/A5022725021,,,,,"2025, 2024, 2023, 2022, 2021, 2020, 2019, 2018, 2017, 2016"
Derek Mitchell,https://orcid.org/0000-0002-5985-2801,https://openalex.org/A5024532337,,,,,"2024, 2023, 2022, 2021, 2020, 2019, 2018, 2017, 2016, 2015"
Heng‐Yong Nie,https://orcid.org/0000-0002-8287-5171,https://openalex.org/A5030517001,,,,,"2025, 2024, 2023, 2022, 2021, 2019, 2018, 2017, 2016, 2015"
Oana Branzei,https://orcid.org/0000-0002-4477-0192,https://openalex.org/A5075785955,,,,,"2025, 2024, 2023, 2022, 2021, 2019, 2018, 2017, 2016, 2015"
Ian Ross,https://orcid.org/0009-0004-3099-447X,https://openalex.org/A5031112158,,,,,"2025, 2024, 2021, 2017, 2014, 2012, 2011, 2010, 2008, 2007"
Amardeep Thind,,https://openalex.org/A5113110131,,,,,"2025, 2024, 2023, 2022, 2021, 2020, 2019, 2018, 2017, 2016"
Ashraf A. El Damatty,,https://openalex.org/A5113644616,,,,,"2024, 2023, 2022, 2021, 2020, 2019, 2018, 2017, 2016, 2015"
K. Van Aarsen,https://orcid.org/0000-0002-8189-1831,https://openalex.org/A5031697913,,,,,"2025, 2024, 2020, 2019, 2018, 2017, 2016, 2015"
Kambiz Norozi,https://orcid.org/0000-0001-8806-6183,https://openalex.org/A5036588246,,,,,"2025, 2024, 2023, 2022, 2021, 2020, 2019, 2018, 2017, 2015"
Pablo E. Serrano,https://orcid.org/0000-0002-3715-6880,https://openalex.org/A5039604969,,,,,2025
Suzanne Majhanovich,,https://openalex.org/A5076270448,,,,,"2024, 2023, 2022, 2021, 2020, 2017, 2016, 2015, 2014, 2013"
Richard D. Goffin,https://orcid.org/0000-0002-0371-2711,https://openalex.org/A5077598965,,,,,"2024, 2023, 2022, 2021, 2020, 2019, 2018, 2017, 2016, 2015"
Wenjun Yong,https://orcid.org/0000-0002-2114-6100,https://openalex.org/A5083669818,,,,,"2024, 2023, 2022, 2021, 2020, 2019, 2018, 2017, 2016, 2015"
Neil Sengupta,https://orcid.org/0000-0001-7491-1139,https://openalex.org/A5084314714,,,,,2025
Jeremias Sulam,https://orcid.org/0000-0003-0946-1957,https://openalex.org/A5086776097,http://www.scopus.com/inward/authorDetails.url?authorID=56497201300&partnerID=MN8TOARS,,,,2025
Lyudmila V. Goncharova,https://orcid.org/0000-0001-8085-9859,https://openalex.org/A5089364905,,,,,"2024, 2023, 2022, 2021, 2019, 2018, 2017, 2016, 2015, 2014"
Angelos G. Vilos,,https://openalex.org/A5109168360,,,,,"2025, 2024, 2023, 2021, 2020, 2019, 2018, 2017, 2016, 2015"
Anthony Tang,,https://openalex.org/A5113644838,,,,,"2025, 2024, 2019, 2018, 2017, 2016, 2004"
Rasul Shafikov,https://orcid.org/0000-0001-8907-4011,https://openalex.org/A5006890900,,,,,"2024, 2023, 2021, 2020, 2019, 2018, 2017, 2016, 2015, 2014"
Adam D. McIntyre,https://orcid.org/0000-0002-7836-5187,https://openalex.org/A5018992352,,,,,"2025, 2024, 2023, 2022, 2021, 2020, 2019, 2018, 2017, 2016"
Aleksandra Leligdowicz,https://orcid.org/0000-0001-6055-4644,https://openalex.org/A5064621406,http://www.scopus.com/inward/authorDetails.url?authorID=25122854900&partnerID=MN8TOARS,,,,"2025, 2024, 2023, 2022, 2021"
Paul F. Tremblay,https://orcid.org/0000-0002-5291-9153,https://openalex.org/A5074329558,,,,,"2025, 2024, 2023, 2022, 2021, 2020, 2019, 2018, 2017, 2016"
Warren R. Nielson,https://orcid.org/0000-0002-2346-5594,https://openalex.org/A5085416589,,,,,"2024, 2023, 2019, 2018, 2017, 2016, 2015, 2014, 2013, 2011"
Silvia Peñuela,https://orcid.org/0000-0003-4829-5517,https://openalex.org/A5091829028,http://www.scopus.com/inward/authorDetails.url?authorID=6506993140&partnerID=MN8TOARS,,,,"2025, 2024, 2023, 2022, 2021, 2020, 2019, 2018, 2017, 2016"
Frederick A. Dick,https://orcid.org/0000-0002-0047-9985,https://openalex.org/A5103207490,,,,,"2024, 2023, 2022, 2020, 2019, 2018, 2017, 2016, 2015, 2014"
Kenneth A. Harris,,https://openalex.org/A5103510891,,,,,"2024, 2016, 2011, 2010, 2007, 2006, 2005, 2004, 2003, 2002"
Daniel B. Hardy,https://orcid.org/0000-0001-5445-273X,https://openalex.org/A5005243739,,,,,"2025, 2024, 2023, 2022, 2021, 2020, 2019, 2018, 2017, 2016"
Sisira Sarma,https://orcid.org/0000-0001-9174-765X,https://openalex.org/A5019501141,,,,,"2025, 2024, 2023, 2021, 2020, 2019, 2018, 2017, 2016, 2015"
Dawn P. Gill,https://orcid.org/0000-0002-8856-3574,https://openalex.org/A5031265992,,,,,"2025, 2024, 2023, 2021, 2020, 2019, 2018, 2017, 2016, 2015"
Kevin Fung,,https://openalex.org/A5036702265,,,,,"2025, 2024, 2023, 2022, 2021, 2020, 2019, 2018, 2017, 2016"
Sachin Pandey,https://orcid.org/0000-0002-4958-3628,https://openalex.org/A5041035555,,,,,"2025, 2024, 2023, 2022, 2021, 2020, 2019, 2018, 2017, 2016"
Martha L Louzada,https://orcid.org/0000-0002-4531-7859,https://openalex.org/A5046056355,,,,,"2025, 2024, 2023, 2022, 2021, 2020, 2019, 2018, 2017, 2016"
Robert G. MacKenzie,,https://openalex.org/A5064588218,,,,,2025
Anthony G. Straatman,https://orcid.org/0000-0003-2857-8755,https://openalex.org/A5029156032,,,,,"2025, 2024, 2023, 2022, 2021, 2020, 2019, 2018, 2017, 2016"
Roberta Berard,https://orcid.org/0000-0003-2780-0617,https://openalex.org/A5032187087,,,,,"2025, 2024, 2023, 2022, 2021, 2020, 2019, 2018, 2017, 2016"
Pencilla Lang,https://orcid.org/0000-0003-3156-4450,https://openalex.org/A5046689971,http://www.scopus.com/inward/authorDetails.url?authorID=17135393300&partnerID=MN8TOARS,,,,"2025, 2024, 2023, 2022, 2021, 2020, 2013, 2012, 2011, 2010"
Marieke Mur,https://orcid.org/0000-0003-1749-9058,https://openalex.org/A5055836996,,,,,"2025, 2024, 2023, 2021, 2020, 2019"
John A. Ronald,https://orcid.org/0000-0003-3665-173X,https://openalex.org/A5037728175,,,,,"2025, 2024, 2023, 2022, 2021, 2020, 2019, 2018, 2017, 2016"
Mark Cleveland,https://orcid.org/0000-0001-7605-1996,https://openalex.org/A5056701683,,,,,"2024, 2023, 2022, 2021, 2020, 2019, 2018, 2017, 2016, 2015"
Donglin Bai,https://orcid.org/0000-0003-1112-6947,https://openalex.org/A5068005428,,,,,"2025, 2024, 2023, 2022, 2021, 2020, 2019, 2018, 2017, 2016"
A. Rashid Dar,,https://openalex.org/A5108195895,,,,,"2025, 2024, 2022, 2020, 2019, 2018, 2017, 2016, 2015, 2013"
Marianne A. Larsen,https://orcid.org/0000-0002-4945-6434,https://openalex.org/A5008487067,http://www.scopus.com/inward/authorDetails.url?authorID=9844358500&partnerID=MN8TOARS,,,,"2024, 2023, 2020, 2019, 2018, 2017, 2016, 2015, 2014, 2013"
John Paul Minda,https://orcid.org/0000-0002-4081-010X,https://openalex.org/A5032762418,,,,,"2025, 2024, 2023, 2022, 2021, 2020, 2019, 2018, 2017, 2016"
Vijay Parsa,https://orcid.org/0000-0002-4305-8347,https://openalex.org/A5040276298,,,,,"2025, 2024, 2023, 2021, 2020, 2019, 2018, 2017, 2016, 2015"
James A. Wisner,https://orcid.org/0000-0002-1556-7443,https://openalex.org/A5091323777,,,,,"2024, 2019, 2018, 2017, 2016, 2013, 2012, 2011, 2010, 2008"
S. M. Mansour Haeryfar,https://orcid.org/0000-0002-1125-8176,https://openalex.org/A5091763424,,,,,"2024, 2023, 2022, 2021, 2020, 2019, 2018, 2017, 2016, 2015"
Wenxing Zhou,https://orcid.org/0000-0002-5932-4304,https://openalex.org/A5102008022,,,,,"2025, 2024, 2023, 2022, 2021, 2020, 2019, 2018, 2017, 2016"
Alexandra Hauser,,https://openalex.org/A5113469640,,,,,"2025, 2024, 2023"
Michael Domaratzki,https://orcid.org/0000-0001-9129-6676,https://openalex.org/A5002321933,,,,,"2024, 2023, 2022, 2021"
Michael Ott,https://orcid.org/0000-0002-0816-7089,https://openalex.org/A5013072402,http://www.scopus.com/inward/authorDetails.url?authorID=57213967830&partnerID=MN8TOARS,,,,"2025, 2024, 2023, 2022, 2021, 2020, 2019, 2018, 2017, 2016"
Emily Lalone,https://orcid.org/0000-0002-0946-2493,https://openalex.org/A5039703698,,,,,"2025, 2024, 2023, 2022, 2021, 2020, 2019, 2018, 2017, 2016"
Rick Csiernik,,https://openalex.org/A5040064402,,,,,"2024, 2023, 2021, 2020, 2019, 2018, 2016, 2015, 2014, 2013"
Radovan Zdero,https://orcid.org/0000-0003-0853-3402,https://openalex.org/A5058226409,,,,,"2025, 2023, 2022, 2021, 2020, 2019, 2018, 2017, 2016"
Steven Habbous,https://orcid.org/0000-0002-9650-9105,https://openalex.org/A5070447889,,,,,"2025, 2024, 2023, 2022, 2020, 2019, 2018, 2017, 2016, 2015"
Daniel A. Keir,https://orcid.org/0000-0002-5656-373X,https://openalex.org/A5008290804,,,,,"2025, 2024, 2023, 2022, 2021, 2020, 2018, 2017, 2016, 2015"
Virginia Solitano,https://orcid.org/0000-0002-2935-6778,https://openalex.org/A5032927378,,,,,"2025, 2024, 2023, 2022"
Mark Darling,https://orcid.org/0000-0002-5404-2201,https://openalex.org/A5084386035,,,,,"2025, 2024, 2023, 2022, 2021, 2020, 2019, 2018, 2017, 2015"
Mohammad Reza Najafi,https://orcid.org/0000-0002-1652-3135,https://openalex.org/A5088320110,,,,,"2025, 2024, 2023, 2022, 2021, 2020, 2019, 2017"
Michael Silverman,https://orcid.org/0000-0002-0389-7656,https://openalex.org/A5012927159,,,,,"2025, 2024, 2023, 2022, 2021, 2020, 2019, 2018, 2017, 2016"
Jonathan D. Thiessen,https://orcid.org/0000-0001-6132-3020,https://openalex.org/A5015089428,http://www.scopus.com/inward/authorDetails.url?authorID=36015763100&partnerID=MN8TOARS,,,,"2025, 2024, 2023, 2022, 2021, 2020, 2019, 2018, 2017, 2016"
Grace Y. Yi,https://orcid.org/0000-0003-3133-3951,https://openalex.org/A5015190140,,,,,"2024, 2023, 2022, 2021, 2020"
Bradley L. Urquhart,https://orcid.org/0000-0001-8324-1472,https://openalex.org/A5069439615,,,,,"2025, 2024, 2023, 2022, 2021, 2020, 2019, 2018, 2017, 2016"
Wing‐Yiu Choy,https://orcid.org/0000-0002-2124-7278,https://openalex.org/A5074870997,,,,,"2025, 2024, 2022, 2021, 2020, 2019, 2018, 2017, 2016, 2015"
Jeffrey D. Holmes,https://orcid.org/0000-0002-5744-8338,https://openalex.org/A5079946159,,,,,"2025, 2023, 2022, 2021, 2020, 2019, 2018, 2017, 2016, 2015"
Makoto Kaneko,https://orcid.org/0000-0002-4581-8274,https://openalex.org/A5001680808,,,,,2025
Biao Feng,https://orcid.org/0000-0001-7523-5478,https://openalex.org/A5018515805,,,,,"2025, 2024, 2023, 2022, 2021, 2020, 2019, 2018, 2017, 2016"
Christopher J. Brandl,https://orcid.org/0000-0001-8015-9668,https://openalex.org/A5020938159,,,,,"2024, 2023, 2022, 2021, 2020, 2019, 2018, 2017, 2016, 2015"
Lina Salman,https://orcid.org/0000-0002-8451-6922,https://openalex.org/A5034906782,,,,,"2025, 2024"
Lars Rehmann,https://orcid.org/0000-0003-3463-6405,https://openalex.org/A5052109048,http://www.scopus.com/inward/authorDetails.url?authorID=13102853200&partnerID=MN8TOARS,,,,"2025, 2024, 2023, 2021, 2020, 2019, 2018, 2017, 2016, 2015"
Yalda Mohsenzadeh,https://orcid.org/0000-0001-8525-957X,https://openalex.org/A5057801943,http://www.scopus.com/inward/authorDetails.url?authorID=35769869900&partnerID=MN8TOARS,,,,"2025, 2024, 2023, 2022, 2021, 2020, 2019"
Farman Ullah,https://orcid.org/0000-0001-5945-5948,https://openalex.org/A5058982844,,,,,2024
Anita Christie,https://orcid.org/0000-0003-0935-4705,https://openalex.org/A5077895909,,,,,"2025, 2024, 2023, 2022, 2021, 2020, 2019"
James F. Staples,https://orcid.org/0000-0003-3597-254X,https://openalex.org/A5082077392,,,,,"2025, 2024, 2023, 2022, 2021, 2020, 2019, 2018, 2017, 2016"
Kaitlynn Mendes,https://orcid.org/0000-0001-5891-0451,https://openalex.org/A5007650388,,,,,"2025, 2024, 2023, 2022, 2021"
Styliani Consta,https://orcid.org/0000-0001-8869-4155,https://openalex.org/A5015727377,,,,,"2025, 2024, 2023, 2022, 2021, 2020, 2019, 2018, 2017, 2016"
Liana Zanette,https://orcid.org/0000-0003-2574-3452,https://openalex.org/A5025700634,,,,,"2025, 2024, 2023, 2022, 2021, 2020, 2019, 2017, 2016, 2015"
Lars Stentoft,https://orcid.org/0000-0003-0655-1455,https://openalex.org/A5037350811,,,,,"2024, 2023, 2022, 2021, 2020, 2019, 2018, 2017, 2015, 2013"
Rishabh Agrawal,https://orcid.org/0000-0002-7368-5130,https://openalex.org/A5039483511,,,,,2025
Jing Luo,https://orcid.org/0000-0001-5193-3036,https://openalex.org/A5043177779,,,,,"2025, 2024"
Michael T. C. Poon,https://orcid.org/0000-0002-0053-2184,https://openalex.org/A5050685415,http://www.scopus.com/inward/authorDetails.url?authorID=55915557600&partnerID=MN8TOARS,,,,2025
Derek N. Pamukoff,https://orcid.org/0000-0001-7636-3164,https://openalex.org/A5081877548,,,,,"2025, 2024, 2023, 2022, 2021"
Lara Bartocci Liboni,https://orcid.org/0000-0002-4729-7943,https://openalex.org/A5004818565,http://www.scopus.com/inward/authorDetails.url?authorID=56011128300&partnerID=MN8TOARS,,,,"2025, 2024, 2023, 2022"
Jibran Y. Khokhar,https://orcid.org/0000-0002-2169-2275,https://openalex.org/A5021510871,http://www.scopus.com/inward/authorDetails.url?authorID=26423044500&partnerID=MN8TOARS,,,,"2025, 2024, 2023, 2022"
Hao Jiang,https://orcid.org/0000-0002-9641-1634,https://openalex.org/A5045727202,,,,,"2025, 2024"
Arsh K. Jain,https://orcid.org/0000-0003-0048-2401,https://openalex.org/A5053123152,,,,,"2025, 2024, 2023, 2022, 2021, 2020, 2019, 2018, 2017, 2016"
Lorne Falkenstein,https://orcid.org/0009-0003-8618-177X,https://openalex.org/A5081768873,,,,,"2024, 2018, 2016, 2015, 2014, 2013, 2012, 2009, 2008, 2005"
Rachel Heydon,https://orcid.org/0000-0002-5902-7342,https://openalex.org/A5089936139,,,,,"2025, 2024, 2023, 2022, 2021, 2020, 2019, 2017, 2016, 2015"
Stephanie J. Frisbee,https://orcid.org/0000-0003-1526-1839,https://openalex.org/A5005213501,,,,,"2024, 2023, 2022, 2021, 2020, 2019, 2018, 2017"
Ravinder Sidhu,https://orcid.org/0000-0001-8790-021X,https://openalex.org/A5013505540,http://www.scopus.com/inward/authorDetails.url?authorID=19934369900&partnerID=MN8TOARS,,,,2024
T. A. A. Sigut,https://orcid.org/0000-0002-0803-8615,https://openalex.org/A5035944970,,,,,"2025, 2023, 2021, 2020, 2018, 2017, 2016, 2015, 2014, 2013"
Maged A. Youssef,https://orcid.org/0000-0002-8135-5107,https://openalex.org/A5050673688,http://www.scopus.com/inward/authorDetails.url?authorID=35587961300&partnerID=MN8TOARS,,,,"2025, 2024, 2023, 2022, 2021, 2020, 2019, 2018, 2017, 2016"
F. Michael Bartlett,https://orcid.org/0000-0001-5428-8538,https://openalex.org/A5052649306,,,,,"2024, 2023, 2022, 2020, 2019, 2017, 2016, 2015, 2012, 2009"
Sanjay Kharche,https://orcid.org/0000-0002-2634-4894,https://openalex.org/A5055925254,http://www.scopus.com/inward/authorDetails.url?authorID=24171112300&partnerID=MN8TOARS,,,,"2024, 2022, 2021, 2020, 2019, 2018"
John Grant,https://orcid.org/0000-0002-8198-4958,https://openalex.org/A5065211584,,,,,"2024, 2023, 2021, 2019, 2017, 2014"
Vanessa Dumeaux,https://orcid.org/0000-0002-1280-6541,https://openalex.org/A5067257359,,,,,"2025, 2024, 2023, 2022, 2020, 2019"
James C. Gregor,,https://openalex.org/A5070640488,,,,,"2025, 2024, 2023, 2022, 2021, 2019, 2018, 2017, 2016, 2015"
Anestis Dounavis,https://orcid.org/0000-0003-3273-7157,https://openalex.org/A5071090816,,,,,"2024, 2023, 2022, 2021, 2018, 2017, 2016, 2015, 2014, 2013"
Élysée Nouvet,https://orcid.org/0000-0002-1607-3453,https://openalex.org/A5075381940,,,,,"2025, 2024, 2023, 2022, 2021, 2020, 2019, 2018, 2017"
Yingjie Gao,https://orcid.org/0000-0002-6853-7870,https://openalex.org/A5101659398,,,,,"2025, 2024, 2023"
Marsha D. Fowler,https://orcid.org/0000-0001-5569-997X,https://openalex.org/A5016065942,,,,,"2024, 2009, 2008"
Andrew Rasmussen,https://orcid.org/0000-0001-9149-4795,https://openalex.org/A5040170951,http://www.scopus.com/inward/authorDetails.url?authorID=56596224100&partnerID=MN8TOARS,,,,"2024, 2023, 2021, 2020"
Francisco Olea‐Popelka,https://orcid.org/0000-0002-8348-2943,https://openalex.org/A5056227165,,,,,"2024, 2023, 2022, 2021, 2020"
Jamie Baxter,https://orcid.org/0000-0003-3410-0969,https://openalex.org/A5076978450,,,,,"2024, 2021, 2020, 2019, 2018, 2017, 2016, 2015, 2014, 2013"
Brian H. Shilton,https://orcid.org/0000-0001-7949-8160,https://openalex.org/A5077679932,,,,,"2025, 2024, 2023, 2022, 2021, 2018, 2017, 2016, 2015, 2014"
Jian Wang,https://orcid.org/0000-0002-6759-0522,https://openalex.org/A5100370476,,,,,"2025, 2024, 2023, 2022, 2021, 2020, 2019, 2018, 2017, 2016"
Nancy Liu,https://orcid.org/0009-0009-8104-733X,https://openalex.org/A5103010266,,,,,"2024, 2020"
Elizabeth Osuch,https://orcid.org/0000-0001-5946-1862,https://openalex.org/A5005163948,,,,,"2025, 2024, 2023, 2022, 2021, 2020, 2019, 2018, 2017, 2016"
Sara E. Duke,https://orcid.org/0000-0002-9164-1545,https://openalex.org/A5008429453,,,,,"2024, 2023, 2022"
Roberto Solis-Oba,https://orcid.org/0000-0002-7518-4161,https://openalex.org/A5017900722,,,,,"2024, 2023, 2022, 2021, 2020, 2019, 2018, 2017, 2016, 2015"
Aaron Fenster,,https://openalex.org/A5045857875,,,,,"2025, 2024, 2023, 2022, 2019, 2018, 2013, 2012, 2011, 2010"
Sarah Armstrong,https://orcid.org/0000-0001-6978-8551,https://openalex.org/A5048492476,,,,,"2025, 2018, 2013, 2009"
Malkanthi Evans,https://orcid.org/0000-0003-0832-677X,https://openalex.org/A5052687197,,,,,"2025, 2024"
George Gadanidis,https://orcid.org/0000-0002-5982-6056,https://openalex.org/A5067645368,,,,,"2024, 2022, 2021, 2020, 2019, 2018, 2017, 2016, 2015, 2014"
Lina Dagnino,https://orcid.org/0000-0003-1483-5159,https://openalex.org/A5086029201,http://www.scopus.com/inward/authorDetails.url?authorID=7003781024&partnerID=MN8TOARS,,,,"2025, 2024, 2023, 2022, 2021, 2020, 2019, 2018, 2017, 2016"
Michael Haan,https://orcid.org/0000-0003-4942-7841,https://openalex.org/A5087397519,,,,,"2025, 2024, 2023, 2022, 2021, 2020, 2019, 2018, 2017"
Mark C. Biesinger,https://orcid.org/0000-0002-5714-4668,https://openalex.org/A5090782898,,,,,"2025, 2024, 2023, 2022, 2021, 2020, 2019, 2018, 2017, 2016"
Guillermo Ortiz,,https://openalex.org/A5109277955,,,,,2024
Carol King,,https://openalex.org/A5015083844,,,,,2024
Alexandre Legros,https://orcid.org/0000-0003-2532-6624,https://openalex.org/A5065798010,,,,,"2024, 2023, 2022, 2020, 2019, 2018, 2017, 2016, 2015, 2014"
Ngianga‐Bakwin Kandala,https://orcid.org/0000-0002-5654-5486,https://openalex.org/A5101424366,,,,,"2024, 2023, 2022"
Timothy K. Nguyen,https://orcid.org/0000-0001-8819-2948,https://openalex.org/A5101921783,,,,,"2025, 2024, 2023, 2022, 2021, 2020, 2017, 2016"
Miodrag Grbić,https://orcid.org/0000-0002-4214-2336,https://openalex.org/A5103207806,,,,,"2024, 2023, 2022, 2021, 2020, 2019, 2018, 2017, 2016, 2015"
Amin S. Rizkalla,https://orcid.org/0000-0003-0548-3817,https://openalex.org/A5000966492,,,,,"2025, 2024, 2023, 2022, 2021, 2020, 2019, 2018, 2017, 2016"
Derek W. Cool,https://orcid.org/0000-0003-1095-3553,https://openalex.org/A5003730977,,,,,"2025, 2024, 2023, 2022, 2021, 2020, 2019, 2018, 2017, 2016"
Dimitre Karamanev,https://orcid.org/0000-0001-6305-790X,https://openalex.org/A5014256849,,,,,"2025, 2024, 2023, 2022, 2021, 2019, 2018, 2017, 2016, 2015"
Zack Taylor,https://orcid.org/0000-0001-9372-2704,https://openalex.org/A5031231053,http://www.scopus.com/inward/authorDetails.url?authorID=36345100000&partnerID=MN8TOARS,,,,"2025, 2024, 2023, 2022, 2021, 2020, 2019, 2018, 2017, 2014"
Rohann Correa,https://orcid.org/0000-0003-0886-1625,https://openalex.org/A5039156745,,,,,"2025, 2024, 2023, 2022, 2020, 2019, 2017, 2016, 2015, 2013"
Paul T. Engels,https://orcid.org/0000-0003-2440-5224,https://openalex.org/A5051956065,,,,,"2025, 2024, 2023, 2022, 2020"
Benjamin Chin‐Yee,https://orcid.org/0000-0003-0737-3603,https://openalex.org/A5057698526,http://www.scopus.com/inward/authorDetails.url?authorID=47060909100&partnerID=MN8TOARS,,,,"2025, 2024, 2023, 2022, 2021, 2020, 2015, 2011"
James Doelman,,https://openalex.org/A5111615483,,,,,"2024, 2022, 2021, 2015, 2014, 2011, 2005"
Timothy E. Ritter,,https://openalex.org/A5112754273,,,,,2024
John WD McDonald,,https://openalex.org/A5112765979,,,,,"2024, 2019, 2017, 2016, 2013, 2010, 2008, 2004, 2003, 2002"
Robert Arntfield,https://orcid.org/0000-0003-4954-487X,https://openalex.org/A5005855973,,,,,"2025, 2024, 2023, 2022, 2021, 2020, 2019, 2018, 2017, 2016"
George K. Dresser,https://orcid.org/0000-0002-3604-6743,https://openalex.org/A5049928575,,,,,"2024, 2023, 2020, 2019, 2018, 2017, 2016, 2015, 2014, 2013"
Ilia G. Polushin,https://orcid.org/0000-0001-6453-4632,https://openalex.org/A5068475847,,,,,"2024, 2023, 2022, 2021, 2020, 2019, 2018, 2017, 2016, 2015"
Veronica Pacini-Ketchabaw,https://orcid.org/0000-0001-9720-2175,https://openalex.org/A5084352024,,,,,"2025, 2024, 2023, 2022, 2021, 2020, 2018, 2017, 2016, 2014"
Jed Long,https://orcid.org/0000-0003-3961-3085,https://openalex.org/A5005987477,,,,,"2025, 2024, 2023, 2022, 2021, 2020, 2019"
Eldon Loh,,https://openalex.org/A5007073108,,,,,"2025, 2024, 2023, 2022, 2021, 2020, 2019, 2018, 2017, 2016"
Cristián Bravo,https://orcid.org/0000-0003-1579-1565,https://openalex.org/A5011142751,http://www.scopus.com/inward/authorDetails.url?authorID=25635388600&partnerID=MN8TOARS,,,,"2024, 2023, 2022, 2021, 2020"
Christopher N. Herndon,https://orcid.org/0000-0001-6004-5655,https://openalex.org/A5019506205,,,,,2024
Shali Chen,,https://openalex.org/A5030733864,,,,,"2025, 2024, 2023, 2022, 2021, 2020, 2019, 2018, 2017, 2015"
Monali S. Malvankar‐Mehta,https://orcid.org/0000-0001-7875-7386,https://openalex.org/A5032475107,,,,,"2025, 2024, 2023, 2022, 2021, 2020, 2019, 2018, 2017, 2016"
Emma Donnelly,,https://openalex.org/A5033576327,,,,,"2025, 2023, 2022"
Alexander V. Khaw,https://orcid.org/0000-0003-2173-5308,https://openalex.org/A5040579278,,,,,"2025, 2024, 2023, 2022, 2021, 2020, 2019, 2017, 2016, 2015"
Justin W. Yan,https://orcid.org/0000-0003-4668-5124,https://openalex.org/A5041742926,,,,,"2025, 2024, 2023, 2022, 2021, 2020, 2019, 2018, 2017, 2016"
O. Remus Tutunea‐Fatan,https://orcid.org/0000-0002-1016-5103,https://openalex.org/A5045606980,http://www.scopus.com/inward/authorDetails.url?authorID=8370448700&partnerID=MN8TOARS,,,,"2025, 2024, 2023, 2022, 2021, 2020, 2019, 2018, 2017, 2016"
Kenneth S. Coley,https://orcid.org/0000-0002-3565-2362,https://openalex.org/A5074405841,,,,,"2025, 2024, 2023, 2022, 2021, 2020, 2019"
Lisa M. Mitchell,https://orcid.org/0000-0002-0599-6543,https://openalex.org/A5081798637,,,,,2025
Rachel Margolis,https://orcid.org/0000-0002-3331-591X,https://openalex.org/A5087739396,http://www.scopus.com/inward/authorDetails.url?authorID=36572106300&partnerID=MN8TOARS,,,,"2025, 2024, 2023, 2022, 2021, 2020, 2019, 2018, 2017, 2016"
Christen Shoesmith,https://orcid.org/0000-0003-2472-3804,https://openalex.org/A5111088928,,,,,"2025, 2024, 2023, 2022, 2021, 2020, 2019, 2018, 2016, 2014"
Krishna P. Singh,https://orcid.org/0000-0003-1909-1320,https://openalex.org/A5006350270,,,,,2024
Marco de Tubino Scanavino,https://orcid.org/0000-0003-3485-3805,https://openalex.org/A5011345457,http://www.scopus.com/inward/authorDetails.url?authorID=15840492300&partnerID=MN8TOARS,,,,"2025, 2024, 2023"
Samantha Joel,https://orcid.org/0000-0001-5919-7408,https://openalex.org/A5012539083,,,,,"2025, 2024, 2023, 2022, 2021, 2020, 2018"
Denise M. Connelly,https://orcid.org/0000-0001-8138-1746,https://openalex.org/A5025452035,,,,,"2024, 2023, 2022, 2021, 2020, 2019, 2018, 2017, 2016, 2015"
Feng Zhan,https://orcid.org/0000-0003-4657-8521,https://openalex.org/A5026546522,,,,,"2025, 2023, 2022, 2021, 2020, 2016, 2015, 2014, 2013, 2012"
James I. McDonald,https://orcid.org/0000-0002-5497-0083,https://openalex.org/A5037708298,,,,,"2024, 2020"
Jonathan F. Vance,,https://openalex.org/A5056813522,,,,,"2024, 2020, 2018, 2016, 2015, 2013, 2010, 2005, 2003, 2001"
Lorna Ferguson,https://orcid.org/0000-0002-4077-9501,https://openalex.org/A5065608962,,,,,"2024, 2023, 2022, 2021, 2020"
Rogemar Mamon,https://orcid.org/0000-0003-0885-7685,https://openalex.org/A5010674696,http://www.scopus.com/inward/authorDetails.url?authorID=57203237130&partnerID=MN8TOARS,,,,"2025, 2024, 2023, 2022, 2021, 2020, 2019, 2018, 2017, 2016"
Katarina Grolinger,https://orcid.org/0000-0003-0062-8212,https://openalex.org/A5012962681,,,,,"2025, 2024, 2023, 2022, 2021, 2020, 2019, 2018, 2017, 2016"
Mehrdad R. Kermani,https://orcid.org/0000-0003-0513-9485,https://openalex.org/A5018767588,,,,,"2025, 2024, 2023, 2022, 2021, 2020, 2019, 2018, 2017, 2016"
Jacobi Elliott,https://orcid.org/0000-0001-8740-4638,https://openalex.org/A5031289584,,,,,"2025, 2024, 2023"
Ali Hage,https://orcid.org/0000-0002-9575-5566,https://openalex.org/A5064888545,,,,,"2025, 2024, 2023, 2022, 2021, 2020, 2019, 2018"
Victor Ng,https://orcid.org/0000-0001-6613-4835,https://openalex.org/A5090012783,,,,,"2024, 2023, 2022, 2021, 2013, 2012, 2010, 2009, 2007, 2005"
Douglas W. Hamilton,https://orcid.org/0000-0002-9798-5197,https://openalex.org/A5014562573,http://www.scopus.com/inward/authorDetails.url?authorID=13407241400&partnerID=MN8TOARS,,,,"2025, 2024, 2023, 2022, 2021, 2020, 2019, 2018, 2016, 2015"
Lisa M. D. Archibald,https://orcid.org/0000-0002-2478-7544,https://openalex.org/A5049963639,,,,,"2024, 2023, 2022, 2021, 2020, 2019, 2018, 2017, 2016, 2015"
Rithwik Ramachandran,https://orcid.org/0000-0001-9557-9905,https://openalex.org/A5056184568,http://www.scopus.com/inward/authorDetails.url?authorID=8720603700&partnerID=MN8TOARS,,,,"2025, 2024, 2023, 2022, 2021, 2020, 2019, 2018, 2017, 2016"
Apurva Narayan,https://orcid.org/0000-0001-7203-8698,https://openalex.org/A5000267964,,,,,"2025, 2024, 2023, 2022"
Lakshman Gunaratnam,https://orcid.org/0000-0002-8845-1126,https://openalex.org/A5014643963,,,,,"2025, 2024, 2023, 2022, 2021, 2020, 2019, 2018, 2016, 2015"
Jacob Van Dyk,https://orcid.org/0000-0003-0304-2647,https://openalex.org/A5027388059,,,,,"2024, 2022, 2020, 2019, 2018, 2017, 2016, 2015, 2014, 2013"
Yuhai Cui,https://orcid.org/0000-0002-3675-3288,https://openalex.org/A5031045790,,,,,"2025, 2024, 2023, 2022, 2021, 2020, 2019, 2018, 2016, 2015"
Gina Martin,https://orcid.org/0000-0001-5295-316X,https://openalex.org/A5033861613,,,,,"2025, 2024, 2023, 2022, 2021, 2020, 2019"
Lyndsay Somerville,https://orcid.org/0000-0002-4455-0368,https://openalex.org/A5073979006,,,,,"2025, 2024, 2023, 2022, 2021, 2020, 2019, 2018, 2017, 2016"
Pamela J. McKenzie,https://orcid.org/0000-0002-5753-4375,https://openalex.org/A5081312406,http://www.scopus.com/inward/authorDetails.url?authorID=7006529890&partnerID=MN8TOARS,,,,"2024, 2022, 2021, 2020, 2019, 2018, 2017, 2016, 2014, 2013"
Junhao Sun,,https://openalex.org/A5104035373,,,,,2025
Cathy Wang,,https://openalex.org/A5111913118,,,,,2024
John Kitchener Sakaluk,https://orcid.org/0000-0002-2515-9822,https://openalex.org/A5001496735,,,,,"2025, 2023, 2022, 2021"
Pavlos Bobos,https://orcid.org/0000-0002-5098-4840,https://openalex.org/A5022756084,http://www.scopus.com/inward/authorDetails.url?authorID=57196045874&partnerID=MN8TOARS,,,,"2025, 2024, 2023, 2022, 2021, 2020, 2019, 2018, 2017, 2016"
John F. Robinson,https://orcid.org/0000-0002-7638-0471,https://openalex.org/A5027983377,,,,,"2025, 2023, 2022, 2020, 2019, 2018, 2017, 2016, 2015, 2014"
George J. Dugbartey,https://orcid.org/0000-0001-8161-7202,https://openalex.org/A5028010297,,,,,"2025, 2024, 2023, 2022, 2021"
Nikolaos Tzemos,,https://openalex.org/A5035715619,,,,,"2025, 2024, 2023, 2022, 2021, 2020, 2019, 2018"
Marie Y. Savundranayagam,https://orcid.org/0000-0002-3911-1854,https://openalex.org/A5035768215,http://www.scopus.com/inward/authorDetails.url?authorID=16639602800&partnerID=MN8TOARS,,,,"2025, 2024, 2023, 2022, 2021, 2020, 2019, 2018, 2017, 2016"
Nirav Mehta,https://orcid.org/0000-0003-1698-836X,https://openalex.org/A5035970729,http://www.scopus.com/inward/authorDetails.url?authorID=56749445100&partnerID=MN8TOARS,,,,"2025, 2024, 2023, 2022, 2020, 2019, 2018, 2017, 2015, 2014"
Brodie Nolan,https://orcid.org/0000-0003-2872-0643,https://openalex.org/A5037136017,http://www.scopus.com/inward/authorDetails.url?authorID=56180790900&partnerID=MN8TOARS,,,,2025
Abouzar Sadrekarimi,https://orcid.org/0000-0001-8766-7120,https://openalex.org/A5043039997,,,,,"2025, 2024, 2023, 2022, 2021, 2020, 2019, 2018, 2017, 2016"
Glen Van Brummelen,https://orcid.org/0000-0002-0082-3379,https://openalex.org/A5074968403,,,,,"2024, 2022, 2021, 2020"
Feipeng Zhao,https://orcid.org/0000-0003-2686-6956,https://openalex.org/A5087765157,http://www.scopus.com/inward/authorDetails.url?authorID=55619467400&partnerID=MN8TOARS,,,,"2025, 2024, 2023, 2022, 2021, 2020, 2019, 2018"
Κ. Hyland,,https://openalex.org/A5114166760,,,,,2024
Ruth McManus,https://orcid.org/0000-0002-1798-2560,https://openalex.org/A5016003658,http://www.scopus.com/inward/authorDetails.url?authorID=28167655000&partnerID=MN8TOARS,,,,"2025, 2005"
Nancy Read,,https://openalex.org/A5032625544,,,,,"2025, 2024, 2023, 2022, 2021, 2020, 2019, 2018, 2016, 2015"
David C. McDonald,https://orcid.org/0000-0001-5923-3659,https://openalex.org/A5038482393,,,,,"2025, 2024"
David R. Edgell,https://orcid.org/0000-0003-3858-6150,https://openalex.org/A5052179215,,,,,"2025, 2024, 2023, 2022, 2021, 2020, 2019, 2018, 2017, 2016"
Lindsay P. Bodell,https://orcid.org/0000-0001-8346-7762,https://openalex.org/A5057097332,,,,,"2025, 2024, 2023, 2022, 2021, 2020, 2019, 2018"
David Sills,https://orcid.org/0000-0003-0508-6862,https://openalex.org/A5065750553,,,,,"2024, 2023, 2022, 2021, 2020, 2019"
Yang Hu,https://orcid.org/0000-0003-2731-335X,https://openalex.org/A5100319524,http://www.scopus.com/inward/authorDetails.url?authorID=57199456050&partnerID=MN8TOARS,,,,"2025, 2024, 2023"
Alexei Ouriadov,https://orcid.org/0000-0002-0920-2528,https://openalex.org/A5001857905,,,,,"2025, 2023, 2022, 2021, 2020, 2019, 2018, 2017, 2016, 2015"
Christopher Licskai,https://orcid.org/0000-0002-1675-657X,https://openalex.org/A5002809439,,,,,"2024, 2023, 2022, 2021, 2020, 2019, 2018, 2017, 2016, 2015"
Zacharias E. Suntres,https://orcid.org/0000-0001-7087-0333,https://openalex.org/A5009514581,,,,,"2024, 2023, 2022, 2021, 1991, 1990"
Homer Yang,https://orcid.org/0000-0003-1943-8857,https://openalex.org/A5016876920,,,,,"2025, 2024, 2021, 2020, 2019, 2018"
Marina Rodríguez‐Calvo‐de‐Mora,https://orcid.org/0000-0002-5513-8790,https://openalex.org/A5023224927,http://www.scopus.com/inward/authorDetails.url?authorID=55535690300&partnerID=MN8TOARS,,,,2025
Lindsay S. Nagamatsu,https://orcid.org/0000-0002-5444-8965,https://openalex.org/A5023524868,,,,,"2025, 2024, 2023, 2022, 2021, 2020, 2019, 2018, 2017, 2016"
Jian Wang,https://orcid.org/0000-0002-5974-2602,https://openalex.org/A5100618270,,,,,"2024, 2002"
Carrie Anne Marshall,https://orcid.org/0000-0002-0592-7716,https://openalex.org/A5012075708,http://www.scopus.com/inward/authorDetails.url?authorID=56489646700&partnerID=MN8TOARS,,,,"2025, 2024, 2023, 2022, 2021, 2020, 2019, 2018"
Nagalingam Rajakumar,https://orcid.org/0000-0002-1432-1345,https://openalex.org/A5013638645,,,,,"2025, 2022, 2021, 2020, 2019, 2018, 2017, 2016, 2015, 2014"
Joseph A. Zurakowski,https://orcid.org/0000-0001-6903-5787,https://openalex.org/A5023524223,,,,,"2025, 2024, 2023"
Luiz F. Ybarra,https://orcid.org/0000-0002-5837-5476,https://openalex.org/A5032990363,http://www.scopus.com/inward/authorDetails.url?authorID=25655495600&partnerID=MN8TOARS,,,,"2025, 2024, 2023, 2022, 2021, 2020, 2019"
Patrick Teefy,,https://openalex.org/A5043426246,,,,,"2025, 2024, 2022, 2020, 2019, 2018, 2017, 2016, 2015, 2014"
Patrick O’Donoghue,https://orcid.org/0000-0002-9500-8640,https://openalex.org/A5070665448,,,,,"2025, 2024, 2023, 2022, 2021, 2020, 2019, 2018, 2017, 2016"
Hafezeh Nabipour,https://orcid.org/0000-0002-3349-0363,https://openalex.org/A5071191522,,,,,"2025, 2024, 2023, 2022"
Sharat Chandra Pani,https://orcid.org/0000-0002-5052-5986,https://openalex.org/A5071298272,http://www.scopus.com/inward/authorDetails.url?authorID=24169392600&partnerID=MN8TOARS,,,,"2024, 2023, 2022, 2021, 2020, 2019"
Anthony S. Burns,https://orcid.org/0000-0002-8679-3958,https://openalex.org/A5091781029,,,,,2024
Ajay P. Sharma,https://orcid.org/0000-0002-2854-7425,https://openalex.org/A5102948427,,,,,"2025, 2024, 2023, 2022, 2021, 2020, 2019, 2018, 2017, 2016"
Jaroslav Hájek,,https://openalex.org/A5109067931,,,,,2024
Edward A. Comor,,https://openalex.org/A5111677829,,,,,"2025, 2022, 2020, 2017, 2015, 2014, 2013, 2012, 2011, 2010"
Samuel F. Asokanthan,https://orcid.org/0000-0001-5917-4353,https://openalex.org/A5016660640,,,,,"2024, 2022, 2021, 2020, 2019, 2018, 2017, 2016, 2014, 2012"
Mary E. Jenkins,https://orcid.org/0000-0003-3368-5731,https://openalex.org/A5038715480,,,,,"2025, 2024, 2023, 2022, 2021, 2020, 2018, 2017, 2016, 2015"
Kate H. Choi,https://orcid.org/0000-0001-6885-6233,https://openalex.org/A5058950824,,,,,"2025, 2024, 2023, 2022, 2021, 2020, 2019, 2018, 2017, 2016"
Stephen J. Renaud,https://orcid.org/0000-0001-7257-5354,https://openalex.org/A5078106567,,,,,"2025, 2024, 2023, 2022, 2021, 2020, 2019, 2017, 2016"
Sameer Elsayed,https://orcid.org/0000-0003-3487-2715,https://openalex.org/A5044656796,,,,,"2025, 2024, 2023, 2022, 2021, 2020, 2018, 2017, 2015, 2014"
Mark Goldszmidt,https://orcid.org/0000-0002-5861-5222,https://openalex.org/A5048198906,,,,,"2025, 2024, 2023, 2022, 2021, 2020, 2019, 2018, 2017, 2016"
Debra Jared,https://orcid.org/0000-0002-5818-4119,https://openalex.org/A5060495066,,,,,"2025, 2024, 2023, 2022, 2021, 2020, 2019, 2017, 2016, 2015"
Cory Yamashita,https://orcid.org/0000-0003-2040-4996,https://openalex.org/A5084169598,,,,,"2025, 2024, 2023, 2022, 2021, 2020, 2019, 2018, 2017, 2016"
John G. Wilson,https://orcid.org/0000-0002-7286-5826,https://openalex.org/A5101953893,,,,,"2025, 2023, 2021, 2020, 2017, 2016, 2015, 2014, 2011, 2010"
Edith Arany,https://orcid.org/0000-0001-9994-8958,https://openalex.org/A5000343189,,,,,"2025, 2024, 2023, 2022, 2021, 2020, 2019, 2018, 2017, 2016"
Douglas Quan,https://orcid.org/0009-0007-4611-1290,https://openalex.org/A5017978628,,,,,"2024, 2023, 2021, 2020, 2019, 2018, 2017, 2016, 2015, 2014"
Aze Wilson,https://orcid.org/0000-0001-6568-1714,https://openalex.org/A5034901503,,,,,"2025, 2024, 2023, 2022, 2021, 2020, 2019, 2018, 2017, 2016"
Geneviève S. Metson,https://orcid.org/0000-0002-8081-2126,https://openalex.org/A5038930823,http://www.scopus.com/inward/authorDetails.url?authorID=55179102200&partnerID=MN8TOARS,,,,"2024, 2023"
Anahita Mohseni Meybodi,https://orcid.org/0000-0001-9049-8057,https://openalex.org/A5046368905,,,,,"2025, 2024, 2023, 2022, 2021"
Mahesh Nagappa,https://orcid.org/0000-0001-8036-3319,https://openalex.org/A5080768708,,,,,"2025, 2024, 2023, 2022, 2021, 2020, 2018, 2017, 2016"
Wenqing He,https://orcid.org/0000-0002-8913-9273,https://openalex.org/A5102906086,,,,,"2025, 2024, 2023, 2022, 2021, 2020, 2019, 2018, 2017, 2016"
Minghai Yao,https://orcid.org/0000-0001-7856-9676,https://openalex.org/A5102910013,,,,,2025
Ngianga‐Bakwin Kandala,https://orcid.org/0000-0001-7920-0627,https://openalex.org/A5004035242,,,,,2025
P. Wilk,https://orcid.org/0000-0001-7217-4163,https://openalex.org/A5021885456,,,,,2025
John J. Kelly,https://orcid.org/0000-0002-3626-8629,https://openalex.org/A5025060388,,,,,"2025, 2024, 2023, 2022, 2021, 2020, 2019, 2018, 2016, 2015"
Zia A. Khan,https://orcid.org/0000-0003-1682-5720,https://openalex.org/A5026817489,,,,,"2025, 2023, 2022, 2020, 2019, 2018, 2017, 2016, 2015, 2014"
Jiandong Ren,https://orcid.org/0000-0002-9910-5368,https://openalex.org/A5028383129,,,,,"2025, 2024, 2023, 2022, 2021, 2020, 2019, 2018, 2017, 2016"
Kevin Johnston,https://orcid.org/0000-0001-9481-6251,https://openalex.org/A5038046503,,,,,"2024, 2023, 2022, 2021, 2020, 2019, 2018, 2017, 2016, 2014"
Herbert H. Tsang,https://orcid.org/0000-0001-8928-7375,https://openalex.org/A5049705327,,,,,"2024, 2023, 2022, 2021, 2020, 2019, 2018, 2017, 2016, 2015"
Ileana Paul,https://orcid.org/0000-0001-7528-0156,https://openalex.org/A5052342830,,,,,"2024, 2023, 2022, 2021, 2020, 2019, 2017, 2015, 2014, 2012"
Angela Schneider,https://orcid.org/0000-0002-7702-0478,https://openalex.org/A5057723817,,,,,"2025, 2024, 2023, 2021, 2020, 2018, 2016, 2013, 2012, 2006"
Terry Ponich,,https://openalex.org/A5058366322,,,,,"2025, 2024, 2023, 2022, 2021, 2020, 2019, 2018, 2017, 2016"
Cal Murgu,https://orcid.org/0000-0002-1784-8767,https://openalex.org/A5061081980,,,,,2024
Penny A. MacDonald,https://orcid.org/0000-0002-1817-2383,https://openalex.org/A5075392187,,,,,"2025, 2024, 2023, 2022, 2021, 2020, 2019, 2018, 2017, 2016"
Hassan Gomaa,https://orcid.org/0000-0002-0761-5177,https://openalex.org/A5089472628,,,,,"2025, 2024, 2023, 2022, 2021, 2020, 2019, 2018, 2017, 2016"
Münir Demir Bajin,https://orcid.org/0000-0003-1088-4367,https://openalex.org/A5091548053,,,,,"2025, 2024"
Patricia L. Corcoran,https://orcid.org/0000-0003-3011-1433,https://openalex.org/A5007602452,,,,,"2024, 2023, 2022, 2021, 2020, 2019, 2018, 2017, 2016, 2015"
Lillian Barra,,https://openalex.org/A5010655048,,,,,"2025, 2024, 2023, 2022, 2021, 2020, 2019, 2018, 2017, 2016"
S. Danielle MacNeil,https://orcid.org/0000-0001-6666-9055,https://openalex.org/A5012480449,,,,,"2025, 2024, 2023, 2022, 2021, 2020, 2019, 2018, 2017, 2016"
Darcy L. Harris,https://orcid.org/0000-0002-3121-2589,https://openalex.org/A5019338730,,,,,"2025, 2023, 2021, 2016, 2011, 2010"
Ralf M. Bader,https://orcid.org/0000-0002-2619-1437,https://openalex.org/A5027020023,,,,,2025
Nuno Filipe Alves Correia de Melo,https://orcid.org/0000-0003-4163-4133,https://openalex.org/A5032316606,http://www.scopus.com/inward/authorDetails.url?authorID=57195471340&partnerID=MN8TOARS,,,,2025
Steven Papp,,https://openalex.org/A5038228063,,,,,2024
Barbra de Vrijer,https://orcid.org/0000-0002-4823-9753,https://openalex.org/A5045323508,,,,,"2025, 2024, 2023, 2022, 2021, 2020, 2019, 2018, 2017, 2016"
Umair Masood,https://orcid.org/0000-0002-1170-405X,https://openalex.org/A5053118016,,,,,2024
Peter Chidiac,https://orcid.org/0000-0001-8365-6109,https://openalex.org/A5083215596,,,,,"2025, 2021, 2019, 2018, 2017, 2016, 2015, 2014, 2013, 2012"
R. Weiner,,https://openalex.org/A5109304026,,,,,2024
Christopher Essex,,https://openalex.org/A5007238192,,,,,"2025, 2024, 2023, 2021, 2020, 2019, 2018, 2017, 2016, 2015"
Julie E. Strychowsky,https://orcid.org/0000-0001-5460-3155,https://openalex.org/A5054399535,,,,,"2025, 2024, 2023, 2022, 2021, 2020, 2019, 2018, 2016, 2015"
Hakan Kayır,https://orcid.org/0000-0002-6423-4207,https://openalex.org/A5060774505,http://www.scopus.com/inward/authorDetails.url?authorID=6602971012&partnerID=MN8TOARS,,,,"2025, 2024, 2023"
Stuart Little,,https://openalex.org/A5110120802,,,,,2024
John A. McLeod,https://orcid.org/0000-0002-2040-7540,https://openalex.org/A5005971930,,,,,"2024, 2023, 2022"
Katreena Scott,https://orcid.org/0000-0002-8521-810X,https://openalex.org/A5009630317,http://www.scopus.com/inward/authorDetails.url?authorID=7402391835&partnerID=MN8TOARS,,,,"2025, 2024, 2023, 2022, 2021, 2015, 2004, 2003, 2001, 2000"
Frederico Pieruccini‐Faria,https://orcid.org/0000-0002-7659-4285,https://openalex.org/A5021437369,http://www.scopus.com/inward/authorDetails.url?authorID=18234050100&partnerID=MN8TOARS,,,,"2025, 2024, 2023, 2022, 2021, 2020, 2019, 2018, 2017"
Georgios C. Anagnostopoulos,https://orcid.org/0009-0005-3475-6054,https://openalex.org/A5025334497,,,,,2025
Laura McDonald,https://orcid.org/0000-0002-7087-6548,https://openalex.org/A5027460834,,,,,2025
Bryan Heit,https://orcid.org/0000-0003-2392-468X,https://openalex.org/A5030248148,http://www.scopus.com/inward/authorDetails.url?authorID=6602245474&partnerID=MN8TOARS,,,,"2025, 2024, 2023, 2022, 2021, 2020, 2019, 2018, 2017, 2016"
Nigel Blamey,,https://openalex.org/A5040155085,,,,,"2024, 2023, 2022, 2021, 2020, 2019, 2018, 2017"
Taylor W. Schmitz,https://orcid.org/0000-0003-0585-7524,https://openalex.org/A5046491732,,,,,"2025, 2024, 2023, 2022, 2021, 2020, 2019"
G. Daniel G. Langohr,https://orcid.org/0000-0001-8164-0605,https://openalex.org/A5048579254,,,,,"2025, 2024, 2023, 2022, 2021, 2020, 2019, 2018, 2017, 2016"
Igor Karp,https://orcid.org/0000-0002-4223-0248,https://openalex.org/A5059182035,,,,,"2025, 2024, 2022, 2021, 2020, 2019, 2018, 2017, 2016, 2015"
Treena Orchard,https://orcid.org/0000-0002-9660-5869,https://openalex.org/A5064830958,,,,,"2025, 2024, 2023, 2022, 2020, 2019, 2018, 2017, 2016, 2015"
Akshya Vasudev,https://orcid.org/0000-0002-0423-4598,https://openalex.org/A5069770468,,,,,"2024, 2022, 2021, 2020, 2019, 2018, 2017, 2016, 2015, 2014"
Ian C. Watson,https://orcid.org/0000-0002-3691-3130,https://openalex.org/A5102762706,,,,,"2025, 2022, 1999, 1996"
Sunita Venkateswaran,,https://openalex.org/A5110904669,,,,,"2025, 2024, 2008"
Sonja M. Reichert,https://orcid.org/0000-0003-3914-7010,https://openalex.org/A5000725900,,,,,"2025, 2024, 2023, 2022, 2021, 2020, 2019, 2018, 2017, 2016"
Martin Horák,https://orcid.org/0000-0001-7580-1011,https://openalex.org/A5003447109,,,,,"2025, 2024, 2023, 2021, 2013, 2012, 2008"
John Basmaji,https://orcid.org/0000-0001-9749-1747,https://openalex.org/A5007375599,,,,,"2025, 2024, 2023, 2022, 2021, 2020, 2019, 2018, 2017, 2013"
Assaf Kadar,https://orcid.org/0000-0002-6806-8138,https://openalex.org/A5008590185,,,,,"2025, 2024, 2023, 2021, 2020"
Ken K.‐C. Yeung,https://orcid.org/0000-0001-6933-2941,https://openalex.org/A5025156520,,,,,"2025, 2024, 2023, 2022, 2021, 2020, 2019, 2018, 2017, 2016"
John Nassichuk,https://orcid.org/0000-0002-9835-3802,https://openalex.org/A5047464052,,,,,"2024, 2023, 2022, 2021, 2020, 2019, 2017, 2016, 2015, 2014"
Chloé Lau,https://orcid.org/0000-0001-6579-8832,https://openalex.org/A5062195935,,,,,"2024, 2023, 2022, 2021, 2020, 2019, 2018, 2017, 1988"
Francesca Vidotto,https://orcid.org/0000-0002-9883-0808,https://openalex.org/A5072852806,,,,,"2025, 2024, 2023, 2022, 2021"
Abdel‐Rahman Lawendy,https://orcid.org/0000-0002-3900-2068,https://openalex.org/A5073575646,,,,,"2025, 2024, 2023, 2022, 2021, 2020, 2019, 2018, 2017, 2016"
Cynthia J. Hines,,https://openalex.org/A5090223982,,,,,2025
Jinhyung Lee,https://orcid.org/0000-0003-1859-3441,https://openalex.org/A5100725773,,,,,"2025, 2024, 2023, 2022, 2021"
Weihan Li,https://orcid.org/0000-0003-0249-9020,https://openalex.org/A5100783456,,,,,"2025, 2024, 2023, 2022, 2021, 2020, 2019, 2018, 2017"
Xiaotao Qu,,https://openalex.org/A5112658748,,,,,"2025, 2024, 2020, 2019"
Shahram Abbassi,https://orcid.org/0000-0003-0428-2140,https://openalex.org/A5010660545,,,,,2024
Kyle M. Gilbert,https://orcid.org/0000-0003-3026-5686,https://openalex.org/A5022494828,http://www.scopus.com/inward/authorDetails.url?authorID=8979899400&partnerID=MN8TOARS,,,,"2025, 2024, 2023, 2022, 2021, 2020, 2019, 2018, 2017, 2015"
Hiran Perinpanayagam,https://orcid.org/0000-0001-6484-5932,https://openalex.org/A5030146262,http://www.scopus.com/inward/authorDetails.url?authorID=57203242705&partnerID=MN8TOARS,,,,"2025, 2024, 2022, 2021, 2020, 2019, 2018, 2017, 2016, 2015"
Amy C. Reichelt,https://orcid.org/0000-0002-0637-0411,https://openalex.org/A5041443865,http://www.scopus.com/inward/authorDetails.url?authorID=55515370300&partnerID=MN8TOARS,,,,"2025, 2024, 2022, 2021, 2020, 2019, 2018"
Jonas Hedberg,,https://openalex.org/A5053971611,,,,,"2024, 2023, 2022, 2021, 2020"
Jacob Davidson,https://orcid.org/0000-0003-1077-1557,https://openalex.org/A5071433051,,,,,"2025, 2024, 2023, 2022, 2021, 2020, 2019, 2018"
Saman Maleki Vareki,https://orcid.org/0000-0002-9615-7779,https://openalex.org/A5084060241,,,,,"2025, 2024, 2023, 2022, 2021, 2020, 2019, 2018, 2016, 2015"
Jerry P. White,,https://openalex.org/A5109831752,,,,,"2024, 2020, 2017, 2016, 2014, 2013, 2012, 2010, 2008, 2007"
Ahmed Hankir,,https://openalex.org/A5110246032,,,,,2024
Susanne E. Kohalmi,https://orcid.org/0000-0002-5852-2771,https://openalex.org/A5002024279,http://www.scopus.com/inward/authorDetails.url?authorID=6603432669&partnerID=MN8TOARS,,,,"2024, 2023, 2022, 2021, 2020, 2019, 2018, 2017, 2016, 2015"
Joseph Coats,,https://openalex.org/A5004541719,,,,,2024
H. J. M. Barnett,https://orcid.org/0000-0002-2261-2281,https://openalex.org/A5010496577,,,,,"2024, 2012, 1995, 1994, 1993, 1987, 1986, 1981, 1978, 1977"
Janice A. Tijssen,https://orcid.org/0000-0003-0630-6169,https://openalex.org/A5011391692,,,,,"2025, 2024, 2023, 2022, 2021, 2020, 2019, 2018, 2017, 2016"
Afshin Vafaei,https://orcid.org/0000-0002-3605-409X,https://openalex.org/A5015593177,,,,,"2025, 2024, 2023"
Phillip S. Blanchette,https://orcid.org/0000-0001-8865-0996,https://openalex.org/A5023042771,,,,,"2025, 2024, 2023, 2022, 2021, 2020, 2019, 2018, 2016"
Jennifer L. Guthrie,https://orcid.org/0000-0001-8565-203X,https://openalex.org/A5024196561,http://www.scopus.com/inward/authorDetails.url?authorID=25641140600&partnerID=MN8TOARS,,,,"2025, 2024, 2023, 2022"
Obidimma Ezezika,https://orcid.org/0000-0001-7832-0483,https://openalex.org/A5038619527,,,,,"2025, 2024, 2023, 2022"
Hélène Berman,,https://openalex.org/A5039891802,,,,,"2024, 2022, 2021, 2020, 2019, 2018, 2016, 2015, 2014, 2013"
Elizabeth A. MacDougall‐Shackleton,https://orcid.org/0000-0002-4138-6398,https://openalex.org/A5044204457,,,,,"2024, 2023, 2022, 2021, 2020, 2019, 2018, 2017, 2016, 2015"
Melba Gomes,https://orcid.org/0009-0001-1825-0310,https://openalex.org/A5048447840,,,,,2024
Rodney P. DeKoter,https://orcid.org/0000-0002-9201-1983,https://openalex.org/A5052010679,http://www.scopus.com/inward/authorDetails.url?authorID=6603485040&partnerID=MN8TOARS,,,,"2024, 2023, 2022, 2021, 2020, 2019, 2018, 2017, 2016, 2015"
Carole Orchard,https://orcid.org/0000-0001-9942-7992,https://openalex.org/A5056339875,,,,,"2025, 2024, 2022, 2021, 2020, 2019, 2018, 2017, 2016, 2015"
Jeffrey Campbell,https://orcid.org/0000-0001-8129-3260,https://openalex.org/A5068976678,,,,,"2024, 2023, 2022, 2021, 2020, 2019, 2018, 2017, 2016, 1992"
Kyla L. Naylor,https://orcid.org/0000-0002-5304-8038,https://openalex.org/A5069950326,,,,,"2025, 2024, 2023, 2022, 2021, 2015, 2014, 2013, 2012"
Yuqing Ye,https://orcid.org/0000-0002-4217-8849,https://openalex.org/A5070256620,,,,,"2025, 2024, 2023, 2022, 2021, 2020"
N. H. Carrier,,https://openalex.org/A5112420920,,,,,2025
Darren Drosdowech,https://orcid.org/0000-0002-7348-1672,https://openalex.org/A5001315958,,,,,"2025, 2024, 2023, 2021, 2020, 2019, 2018, 2017, 2016, 2015"
Catherine Ward‐Griffin,https://orcid.org/0000-0003-2118-952X,https://openalex.org/A5002389441,,,,,"2024, 2023, 2019, 2018, 2017, 2016, 2015, 2014, 2013, 2012"
Audra J. Bowlus,https://orcid.org/0000-0002-7671-2210,https://openalex.org/A5014211326,,,,,"2025, 2022, 2021, 2020, 2019, 2017, 2016, 2013, 2012, 2011"
Samira Jeimy,https://orcid.org/0000-0002-3425-1874,https://openalex.org/A5014797663,,,,,"2025, 2024, 2023, 2022, 2021, 2020, 2019, 2018"
Andrew Leung,https://orcid.org/0000-0003-3349-1574,https://openalex.org/A5018121490,,,,,"2025, 2024, 2023, 2022, 2021, 2020, 2019, 2018, 2017, 2016"
Grace Y. Yi,https://orcid.org/0000-0002-0081-873X,https://openalex.org/A5027599015,,,,,"2025, 2024, 2023, 2022, 2021, 2020, 2019"
Kevin Barr,https://orcid.org/0000-0002-1550-0425,https://openalex.org/A5040525287,,,,,"2024, 2023, 2022, 2021, 2020, 2019, 2018, 2017, 2016, 2015"
Rennian Wang,https://orcid.org/0000-0002-6109-5029,https://openalex.org/A5040917810,,,,,"2025, 2024, 2023, 2022, 2021, 2020, 2019, 2018, 2017, 2016"
Cheryle A. Séguin,https://orcid.org/0000-0001-6503-9107,https://openalex.org/A5042294438,,,,,"2025, 2024, 2023, 2022, 2021, 2020, 2019, 2018, 2017, 2016"
Nuwan D. Nanayakkara,https://orcid.org/0000-0001-7125-4479,https://openalex.org/A5050194946,,,,,"2025, 2024, 2023, 2022, 2021, 2020, 2019, 2009, 2008, 2006"
Geoff Wild,https://orcid.org/0000-0001-7821-7304,https://openalex.org/A5058835268,,,,,"2025, 2024, 2023, 2022, 2021, 2020, 2019, 2018, 2017, 2016"
Lisa Hoffman,https://orcid.org/0000-0003-4409-5120,https://openalex.org/A5103162048,,,,,"2025, 2024, 2023, 2022, 2021, 2019, 2017, 2016, 2015, 2014"
Edmund Lui,,https://openalex.org/A5110348003,,,,,"2024, 2023, 2022, 2021, 2020, 2019, 2018, 2017, 2016, 2014"
Klajdi Puka,https://orcid.org/0000-0001-7763-988X,https://openalex.org/A5004857460,http://www.scopus.com/inward/authorDetails.url?authorID=55372741100&partnerID=MN8TOARS,,,,"2025, 2024, 2023, 2022, 2021, 2020, 2019, 2018, 2017"
Congyang Zhang,https://orcid.org/0000-0003-0572-7260,https://openalex.org/A5011499139,,,,,"2025, 2024, 2023, 2022, 2021, 2020"
Kevin Willits,,https://openalex.org/A5026290960,,,,,"2025, 2024, 2023, 2022, 2021, 2020, 2019, 2018, 2017, 2016"
Dusya Vera,https://orcid.org/0000-0003-0462-2336,https://openalex.org/A5030125765,,,,,"2024, 2023, 2002"
Hamidreza Abdi,https://orcid.org/0000-0001-7291-6139,https://openalex.org/A5041357674,,,,,2025
Krishna Prasad Pant,https://orcid.org/0000-0002-2668-2607,https://openalex.org/A5043579276,,,,,2024
Francisco Perera,,https://openalex.org/A5045767721,,,,,"2024, 2023, 2022, 2021, 2020, 2019, 2018, 2015, 2014, 2013"
J. Bruce Morton,https://orcid.org/0000-0003-1112-0676,https://openalex.org/A5046361437,,,,,"2024, 2023, 2022, 2021, 2020, 2019, 2018, 2017, 2016, 2015"
Stephen R. Hicock,,https://openalex.org/A5053377849,,,,,"2024, 2021, 2016, 2013, 2011, 2009, 2003, 2002, 2001, 2000"
Chandlee C. Dickey,https://orcid.org/0000-0001-5604-9127,https://openalex.org/A5063258187,,,,,"2025, 2023, 2021, 2019"
Jawaid Younus,,https://openalex.org/A5069648360,,,,,"2024, 2023, 2022, 2021, 2020, 2018, 2016, 2015, 2014, 2013"
Tanya D. Ivanova,https://orcid.org/0000-0002-1017-3787,https://openalex.org/A5113595291,,,,,"2025, 2023, 2022, 2021, 2019, 2018, 2017, 2010, 2009, 2008"
Clare Mitchell,https://orcid.org/0000-0002-0346-3620,https://openalex.org/A5009041166,,,,,"2024, 2018"
Kalin Penev,https://orcid.org/0000-0002-1182-4414,https://openalex.org/A5011837763,http://www.scopus.com/inward/authorDetails.url?authorID=55912977200&partnerID=MN8TOARS,,,,"2025, 2023, 2022, 2021, 2020, 2019, 2018, 2017, 2016, 2015"
Ava Behnia,https://orcid.org/0000-0002-5198-1764,https://openalex.org/A5018543451,http://www.scopus.com/inward/authorDetails.url?authorID=57190872715&partnerID=MN8TOARS,,,,"2024, 2020, 2019, 2018, 2017, 2016"
Scott Ernst,https://orcid.org/0000-0001-6810-9270,https://openalex.org/A5031998614,,,,,"2024, 2023, 2022, 2021, 2020, 2019, 2017, 2016, 2014, 2013"
Jean-François Roux,https://orcid.org/0000-0001-7810-1678,https://openalex.org/A5056358850,http://www.scopus.com/inward/authorDetails.url?authorID=37068005900&partnerID=MN8TOARS,,,,2024
Ngianga-Bakwin Kandala,https://orcid.org/0000-0002-6251-8062,https://openalex.org/A5061329094,http://www.scopus.com/authid/detail.url?authorId=21834203800,,,,"2025, 2024, 2023, 2022"
Dervla M. Connaughton,https://orcid.org/0000-0003-3466-6305,https://openalex.org/A5062538098,,,,,"2025, 2024, 2023, 2022, 2021, 2020"
Hong Zheng,https://orcid.org/0000-0001-7386-7084,https://openalex.org/A5085760877,,,,,2025
Xin Zheng,https://orcid.org/0000-0003-2239-4410,https://openalex.org/A5086877723,,,,,2025
Adrian M. Owen,,https://openalex.org/A5109244583,,,,,"2025, 2024, 2023, 2022, 2021, 2020, 2019, 2018, 2017, 2016"
Nusha Keyghobadi,,https://openalex.org/A5010350798,,,,,"2024, 2023, 2022, 2020, 2019, 2018, 2017, 2016, 2015, 2014"
Mia J. Biondi,https://orcid.org/0000-0002-1409-9908,https://openalex.org/A5033835093,,,,,"2025, 2024, 2023, 2022, 2021, 2020, 2019, 2018, 2015, 2013"
Victoria L. Rubin,https://orcid.org/0000-0003-3610-9967,https://openalex.org/A5040583544,http://www.scopus.com/inward/authorDetails.url?authorID=35724638200&partnerID=MN8TOARS,,,,"2024, 2023, 2022, 2020, 2019, 2018, 2016, 2015, 2014, 2013"
Sarah Kuruvilla,,https://openalex.org/A5067110552,,,,,2024
Jacqueline Specht,https://orcid.org/0000-0002-6536-1232,https://openalex.org/A5074183839,,,,,"2025, 2024, 2023, 2022, 2021, 2020, 2019, 2018, 2017, 2016"
Mehmet A. Begen,https://orcid.org/0000-0001-7573-0882,https://openalex.org/A5075520985,,,,,"2025, 2024, 2023, 2022, 2021, 2020, 2019, 2018, 2017, 2016"
Patrick Schmidt,https://orcid.org/0000-0001-9576-2988,https://openalex.org/A5079328641,,,,,"2024, 2023, 2021, 2020, 2019, 2018, 2017, 2015"
Andrea Andrade,https://orcid.org/0000-0002-2735-7558,https://openalex.org/A5102966377,,,,,"2025, 2024, 2023, 2022, 2021, 2020, 2019, 2018, 2017, 2016"
E. G. McQueen,,https://openalex.org/A5111939696,,,,,"2024, 2023"
Liliana Alvarez,https://orcid.org/0000-0001-9934-3414,https://openalex.org/A5001505257,,,,,"2025, 2024, 2022, 2021, 2020, 2019, 2018, 2017, 2016, 2015"
Carol Chunfeng Wang,https://orcid.org/0000-0002-6672-7187,https://openalex.org/A5011916579,,,,,"2024, 2023, 2021"
Marko Mrkobrada,https://orcid.org/0000-0002-8349-4696,https://openalex.org/A5023204713,,,,,"2025, 2024, 2023, 2022, 2021, 2020, 2018, 2017, 2016, 2015"
Tomonori Kaneko,https://orcid.org/0000-0001-5448-9639,https://openalex.org/A5024267978,,,,,"2024, 2023, 2022, 2021, 2018, 2017, 2016, 2015, 2013, 2012"
Thomas R. Jenkyn,,https://openalex.org/A5029776786,,,,,"2024, 2023, 2022, 2021, 2020, 2019, 2016, 2015, 2014, 2013"
Anna Garnett,https://orcid.org/0000-0001-7111-8602,https://openalex.org/A5041232122,,,,,"2025, 2024, 2023, 2022, 2021, 2020"
Kenneth McIsaac,https://orcid.org/0000-0001-7583-0496,https://openalex.org/A5052527510,,,,,"2025, 2023, 2022, 2021, 2020, 2019, 2018, 2017, 2016, 2014"
Jiamin Fu,https://orcid.org/0000-0002-1874-111X,https://openalex.org/A5061882657,,,,,"2025, 2024, 2023, 2022, 2021, 2020"
Bryan E. G. Lucier,https://orcid.org/0000-0002-9682-4324,https://openalex.org/A5067850882,,,,,"2025, 2024, 2023, 2022, 2020, 2019, 2018, 2017, 2016, 2015"
Denise Horoky,,https://openalex.org/A5075779754,,,,,2024
Michael Sanatani,https://orcid.org/0000-0002-2423-7171,https://openalex.org/A5079422897,,,,,"2025, 2024, 2023, 2022, 2020, 2017, 2016, 2015, 2014, 2013"
Kimia Honarmand,https://orcid.org/0000-0002-7583-1445,https://openalex.org/A5089376665,,,,,"2025, 2023, 2022, 2021, 2020, 2019, 2017"
Narayan Prasad,,https://openalex.org/A5108253939,,,,,"2024, 2016"
David Heap,https://orcid.org/0000-0003-1583-5759,https://openalex.org/A5007667223,,,,,"2024, 2021, 2017, 2014, 2013, 2010, 2006, 2003, 2002, 2000"
Jessica L. Prodger,https://orcid.org/0000-0003-0805-4196,https://openalex.org/A5011196747,,,,,"2025, 2024, 2023, 2022, 2021, 2020, 2019, 2018"
Maritza Quintero,https://orcid.org/0000-0001-8879-7867,https://openalex.org/A5021660649,,,,,2025
Arthur Wang,https://orcid.org/0009-0007-4396-2516,https://openalex.org/A5050995193,,,,,2025
Martin L. Duennwald,https://orcid.org/0000-0002-9136-4592,https://openalex.org/A5057540389,,,,,"2025, 2024, 2022, 2021, 2020, 2019, 2018, 2017, 2016, 2015"
Caroline Schild‐Poulter,https://orcid.org/0000-0001-9943-9942,https://openalex.org/A5069115231,,,,,"2025, 2024, 2023, 2022, 2021, 2019, 2018, 2017, 2016, 2015"
Jaron Chong,https://orcid.org/0000-0002-7416-6105,https://openalex.org/A5075528447,,,,,"2025, 2024, 2023, 2022, 2021, 2020, 2011, 2010, 2009"
Gregory M. Kelly,https://orcid.org/0000-0001-8612-364X,https://openalex.org/A5077743415,,,,,"2024, 2022, 2021, 2020, 2019, 2018, 2017, 2016, 2015, 2014"
Tina Mele,https://orcid.org/0000-0002-6617-9790,https://openalex.org/A5088470964,,,,,"2025, 2024, 2023, 2022, 2021, 2020, 2019, 2018, 2017, 2015"
David J. Allison,https://orcid.org/0000-0003-3602-236X,https://openalex.org/A5101972177,,,,,"2025, 2024"
Joanna Laba,,https://openalex.org/A5110727219,,,,,"2025, 2024, 2023, 2022, 2021, 2020, 2019, 2018, 2016"
Misa Tanaka,,https://openalex.org/A5112603051,,,,,2024
Dana Ryan,https://orcid.org/0000-0001-7949-8849,https://openalex.org/A5007386654,,,,,"2025, 2024, 2023, 2022"
Daniel Breadner,https://orcid.org/0000-0001-5379-7621,https://openalex.org/A5009558205,,,,,"2025, 2024, 2023, 2022, 2021, 2020, 2019, 2018, 2017, 2016"
Sung Ouk Kim,https://orcid.org/0000-0002-0282-6661,https://openalex.org/A5011414937,,,,,"2024, 2023, 2021, 2019, 2018, 2017, 2016, 2015, 2014, 2013"
Maryam Farzad,https://orcid.org/0000-0002-5470-5319,https://openalex.org/A5012496907,http://www.scopus.com/inward/authorDetails.url?authorID=56416267900&partnerID=MN8TOARS,,,,"2025, 2024, 2023, 2022, 2021, 2020"
Clive Patience,,https://openalex.org/A5018261622,,,,,2024
Nicole Redvers,https://orcid.org/0000-0001-8521-2130,https://openalex.org/A5028603614,http://www.scopus.com/inward/authorDetails.url?authorID=57205747188&partnerID=MN8TOARS,,,,"2025, 2024, 2023, 2022"
Donna Kotsopoulos,https://orcid.org/0000-0002-0497-2064,https://openalex.org/A5030060375,,,,,"2024, 2023, 2022, 2021, 2020, 2019, 2018, 2005"
Thomas G. W. Telfer,https://orcid.org/0009-0005-6130-8783,https://openalex.org/A5049331122,,,,,"2024, 2023, 2022, 2021, 2020, 2017, 2008, 2003"
Sandra Regan,https://orcid.org/0000-0002-9675-0054,https://openalex.org/A5050011152,,,,,"2025, 2024, 2021, 2020, 2019, 2018, 2017, 2016, 2015, 2014"
Anne Xuan-Lan Nguyen,https://orcid.org/0000-0002-3999-946X,https://openalex.org/A5053785450,,,,,"2025, 2022"
Rocío Sedaño,https://orcid.org/0000-0002-3311-638X,https://openalex.org/A5061970933,http://www.scopus.com/inward/authorDetails.url?authorID=57205224547&partnerID=MN8TOARS,,,,"2025, 2024, 2023, 2022, 2021, 2020"
Bret Wehrli,https://orcid.org/0000-0001-8816-6053,https://openalex.org/A5068771602,,,,,"2025, 2024, 2023, 2022, 2021, 2020, 2019, 2018, 2017, 2016"
Hisham Hafez,https://orcid.org/0000-0003-2007-4421,https://openalex.org/A5073580977,http://www.scopus.com/inward/authorDetails.url?authorID=30467746200&partnerID=MN8TOARS,,,,"2024, 2021, 2018, 2017, 2016, 2015, 2014, 2011, 2010, 2009"
Savita Dhanvantari,https://orcid.org/0000-0001-6453-1386,https://openalex.org/A5080632341,,,,,"2025, 2024, 2022, 2021, 2020, 2019, 2018, 2017, 2016, 2014"
Ava John‐Baptiste,https://orcid.org/0000-0001-6108-1105,https://openalex.org/A5086725104,,,,,"2025, 2024, 2023, 2022, 2021, 2020, 2019, 2018, 2016, 2014"
Ashraf El Damatty,,https://openalex.org/A5112725510,,,,,"2025, 2024, 2023, 2022, 2021, 2020, 2019, 2018, 2017, 2016"
Michael Buzzelli,,https://openalex.org/A5001213082,,,,,"2025, 2024, 2023, 2022, 2019, 2018, 2017, 2016, 2015, 2014"
Ian M. Scott,https://orcid.org/0000-0002-1972-6616,https://openalex.org/A5021161918,http://www.scopus.com/inward/authorDetails.url?authorID=15726772200&partnerID=MN8TOARS,,,,"2024, 2017"
R. Greg Thorn,https://orcid.org/0000-0002-7199-6226,https://openalex.org/A5050566691,,,,,"2024, 2023, 2022, 2021, 2020, 2019, 2018, 2017, 2016, 2015"
C. Yong Kang,,https://openalex.org/A5076503094,,,,,"2024, 2023, 2021, 2015, 2003, 2002, 1997, 1994"
Emily S. Nichols,https://orcid.org/0000-0003-0541-9233,https://openalex.org/A5085339207,,,,,"2025, 2024, 2023, 2022, 2021, 2020, 2019, 2018, 2017, 2016"
Nancy MacKay,,https://openalex.org/A5112257361,,,,,2025
Sheri Molnar,https://orcid.org/0000-0002-7391-9806,https://openalex.org/A5002305801,,,,,"2025, 2024, 2023, 2022, 2021, 2020, 2019, 2018, 2017"
Chantel Cacciotti,https://orcid.org/0000-0002-4968-8956,https://openalex.org/A5015824841,,,,,"2025, 2024, 2023, 2022, 2021"
Brian Feagan,,https://openalex.org/A5017351016,,,,,"2024, 2021, 2019, 2016, 2015, 2014, 2011, 2009, 2008, 2002"
Varan Govind,https://orcid.org/0000-0002-1205-5194,https://openalex.org/A5021726068,http://www.scopus.com/inward/authorDetails.url?authorID=7006413178&partnerID=MN8TOARS,,,,2024
Kathryn Hibbert,https://orcid.org/0000-0003-1825-6832,https://openalex.org/A5033153118,http://www.scopus.com/inward/authorDetails.url?authorID=6508311152&partnerID=MN8TOARS,,,,"2024, 2023, 2022, 2020, 2019, 2018, 2017, 2016, 2015, 2014"
Xi Yu,https://orcid.org/0000-0002-2029-1680,https://openalex.org/A5034749314,,,,,"2025, 2023, 2022"
Kimberley T. Jackson,https://orcid.org/0000-0002-6541-6213,https://openalex.org/A5043234732,,,,,"2025, 2024, 2023, 2022, 2021, 2020, 2019, 2018, 2016"
Micol Romano,https://orcid.org/0000-0001-7823-2563,https://openalex.org/A5043887994,,,,,"2025, 2024, 2023, 2022, 2021, 2020, 2019"
William Z. Xu,https://orcid.org/0000-0002-3460-8474,https://openalex.org/A5050242004,,,,,"2025, 2024, 2023, 2022, 2020, 2019, 2018, 2017, 2016, 2015"
Michael E. Raynor,,https://openalex.org/A5054281315,,,,,2025
Ivan S. Klyuzhin,https://orcid.org/0000-0003-0141-7628,https://openalex.org/A5062612986,,,,,2024
Bogumil J. Karas,https://orcid.org/0000-0002-1199-4245,https://openalex.org/A5070285273,,,,,"2025, 2024, 2023, 2022, 2021, 2020, 2019, 2018, 2011, 2009"
Dave Nagpal,https://orcid.org/0000-0003-0446-2192,https://openalex.org/A5071709490,,,,,"2025, 2024, 2023, 2022, 2021, 2020, 2019, 2018, 2017, 2016"
Carri Hand,https://orcid.org/0000-0001-7661-8083,https://openalex.org/A5072830741,,,,,"2025, 2024, 2023, 2022, 2021, 2020, 2019, 2018, 2017, 2016"
Jianfeng Zhao,https://orcid.org/0000-0002-0618-431X,https://openalex.org/A5076542619,,,,,"2025, 2023, 2022, 2021"
Michael E. Silverman,https://orcid.org/0000-0002-0128-5795,https://openalex.org/A5102855452,,,,,2025
Samir Kharbanda,,https://openalex.org/A5109211703,,,,,2024
Varagur Venkatesan,,https://openalex.org/A5109892990,,,,,"2025, 2024, 2022, 2020, 2019, 2017, 2016, 2013, 2012, 2011"
Aleksandra Zecevic,https://orcid.org/0000-0002-5116-0464,https://openalex.org/A5008011146,,,,,"2024, 2022, 2021, 2020, 2019, 2018, 2017, 2016, 2015, 2014"
Alex J. Veinot,https://orcid.org/0000-0002-2685-5790,https://openalex.org/A5013894972,,,,,"2025, 2023"
Tara Mantler,https://orcid.org/0000-0003-0348-7726,https://openalex.org/A5022896582,,,,,"2025, 2024, 2023, 2022, 2021, 2020, 2019, 2018, 2016, 2014"
William K. Milne,,https://openalex.org/A5035543126,,,,,"2025, 2024, 2023, 2022, 2021, 2020, 2019, 2018, 2017, 2016"
Francisco Idalsoaga,https://orcid.org/0000-0001-5607-0698,https://openalex.org/A5040861714,,,,,"2025, 2024"
Derek Debicki,https://orcid.org/0000-0001-6010-5689,https://openalex.org/A5048686585,,,,,"2025, 2024, 2023, 2022, 2021, 2020, 2019, 2017, 2016, 2015"
M. J. Toswell,,https://openalex.org/A5050272984,,,,,"2024, 2023, 2020, 2019, 2018, 2016, 2015, 2014, 2010, 2009"
Jacquelyn D. Marsh,https://orcid.org/0000-0002-5334-1453,https://openalex.org/A5053843728,,,,,"2025, 2024, 2023, 2022, 2021, 2020, 2019, 2018, 2017, 2016"
Amauri J. Paula,https://orcid.org/0000-0002-3113-2597,https://openalex.org/A5058666577,,,,,2025
Taryn Taylor,https://orcid.org/0000-0003-0562-5045,https://openalex.org/A5068752468,,,,,"2025, 2024, 2023, 2022, 2021, 2020, 2019, 2018, 2017, 2016"
Ryan M. Troyer,https://orcid.org/0000-0001-8908-5853,https://openalex.org/A5079955467,,,,,"2025, 2024, 2023, 2022, 2021, 2019, 2018"
José E. Herrera,https://orcid.org/0000-0003-3027-0979,https://openalex.org/A5090103442,,,,,"2025, 2024, 2023, 2022, 2021, 2020, 2019, 2018, 2017, 2015"
R. Terry Thompson,,https://openalex.org/A5091275373,,,,,"2024, 2023, 2015, 2012, 2011, 2007, 2006, 2005, 2002, 1999"
Carole Creuzenet,https://orcid.org/0000-0002-7435-5862,https://openalex.org/A5091533484,,,,,"2025, 2024, 2021, 2020, 2019, 2015, 2013, 2012, 2011, 2009"
Beverly Leipert,,https://openalex.org/A5110225495,,,,,"2024, 2021, 2019, 2018, 2017, 2016, 2015, 2014, 2013, 2012"
Janis Oram Cardy,https://orcid.org/0000-0002-7170-6145,https://openalex.org/A5014000547,,,,,"2024, 2023, 2022, 2021, 2020, 2019, 2018, 2017, 2016, 2015"
Fei Huo,https://orcid.org/0000-0002-4135-795X,https://openalex.org/A5023955681,,,,,2024
Joshua Wiener,https://orcid.org/0000-0002-4559-4098,https://openalex.org/A5045610236,http://www.scopus.com/inward/authorDetails.url?authorID=57202506555&partnerID=MN8TOARS,,,,"2024, 2023, 2022, 2020, 2019"
Tamie L. Poepping,https://orcid.org/0000-0002-4953-5204,https://openalex.org/A5059501251,,,,,"2025, 2024, 2021, 2019, 2018, 2017, 2016, 2015, 2014, 2013"
Shirley Liu,https://orcid.org/0000-0003-4777-6917,https://openalex.org/A5062697407,,,,,"2024, 2023, 2021, 2020, 2019"
John Drew,https://orcid.org/0000-0002-2214-3112,https://openalex.org/A5066463416,,,,,"2024, 2023, 2022"
Orlando da Silva,https://orcid.org/0000-0001-5006-537X,https://openalex.org/A5069534601,,,,,"2024, 2022, 2021, 2020, 2018, 2016, 2015, 2012, 2011, 2009"
Sarah Blissett,https://orcid.org/0000-0002-2465-1487,https://openalex.org/A5079544710,,,,,"2025, 2024, 2023, 2022, 2021, 2020, 2018, 2017, 2015, 2014"
Yipeng Sun,,https://openalex.org/A5102358530,,,,,"2024, 2023, 2022, 2021, 2020, 2019, 2018, 2017"
Juan Manuel Díaz,,https://openalex.org/A5108110861,,,,,2025
Scott Adams,https://orcid.org/0000-0001-9370-6798,https://openalex.org/A5008965899,,,,,"2025, 2024, 2023, 2021, 2020, 2019, 2018, 2016, 2015, 2014"
Janice Kay,,https://openalex.org/A5010140569,,,,,2025
Yi Luo,https://orcid.org/0000-0001-6123-9363,https://openalex.org/A5033086323,,,,,"2024, 2022, 2020"
Michael J. Schmalz,https://orcid.org/0000-0001-8608-5006,https://openalex.org/A5033712489,,,,,2024
Arlene G. MacDougall,,https://openalex.org/A5055961927,,,,,"2025, 2024, 2023, 2022, 2021, 2020, 2019, 2018, 2017, 2016"
Arash Reyhani-Masoleh,https://orcid.org/0000-0001-9743-6975,https://openalex.org/A5073730333,,,,,"2025, 2021, 2019, 2018, 2017, 2016, 2015, 2014, 2013, 2012"
Hamidreza Abdolvand,https://orcid.org/0000-0003-4384-111X,https://openalex.org/A5078608214,http://www.scopus.com/inward/authorDetails.url?authorID=38861034800&partnerID=MN8TOARS,,,,"2025, 2024, 2023, 2022, 2021, 2020, 2019, 2018, 2016"
Zhengyu Deng,https://orcid.org/0000-0002-7186-7491,https://openalex.org/A5081236249,http://www.scopus.com/inward/authorDetails.url?authorID=57190870244&partnerID=MN8TOARS,,,,"2025, 2024, 2023, 2022"
Cameron D. Anderson,https://orcid.org/0000-0002-4334-5696,https://openalex.org/A5083036029,,,,,"2025, 2024, 2023, 2022, 2021, 2020, 2018, 2017, 2015, 2014"
Abolfazl Avan,https://orcid.org/0000-0002-5537-6385,https://openalex.org/A5101889689,,,,,"2025, 2024, 2023"
Christina A. Castellani,https://orcid.org/0000-0003-2737-0549,https://openalex.org/A5000576501,,,,,"2025, 2024, 2023, 2022, 2021, 2020, 2017, 2016, 2015, 2014"
Lianne Barnieh,https://orcid.org/0000-0003-2403-2392,https://openalex.org/A5000682358,,,,,"2025, 2020, 2019, 2018, 2017"
Ewa Cairns,https://orcid.org/0000-0003-2748-3076,https://openalex.org/A5001944753,,,,,"2025, 2023, 2022, 2021, 2020, 2017, 2014, 2013, 2011, 2010"
Jamie M. Kramer,https://orcid.org/0000-0002-0924-1279,https://openalex.org/A5014291283,,,,,"2025, 2023, 2020, 2019, 2018, 2017, 2016, 2015, 2014"
Bruno Bonfá-Araújo,https://orcid.org/0000-0003-0702-9992,https://openalex.org/A5018836060,http://www.scopus.com/inward/authorDetails.url?authorID=57218829401&partnerID=MN8TOARS,,,,"2025, 2024, 2023"
Immaculate Kizito Namukasa,https://orcid.org/0000-0001-7231-0671,https://openalex.org/A5021345790,,,,,"2024, 2023, 2022, 2021, 2020, 2019, 2018, 2017, 2016, 2012"
Tuğçe B. Balcı,https://orcid.org/0000-0002-5409-8387,https://openalex.org/A5024042256,,,,,"2025, 2024, 2023, 2022, 2021, 2020"
Alex Nelson,,https://openalex.org/A5049722542,,,,,"2024, 2020"
Walter J. Rushlow,,https://openalex.org/A5049959484,,,,,"2025, 2024, 2023, 2022, 2021, 2020, 2019, 2018, 2017, 2016"
Gabrielle T. Lee,https://orcid.org/0000-0002-9560-8080,https://openalex.org/A5051867560,,,,,"2025, 2024, 2023, 2022, 2021, 2020, 2019, 2018"
Seth Climans,https://orcid.org/0000-0002-4961-237X,https://openalex.org/A5071620252,,,,,"2024, 2023, 2022, 2020, 2019, 2018, 2017, 2015"
Sheila Moodie,https://orcid.org/0000-0001-8092-4294,https://openalex.org/A5088184161,,,,,"2025, 2024, 2023, 2021, 2020, 2019, 2018, 2017, 2016, 2015"
Andrea L. Waters‐Rist,https://orcid.org/0000-0003-1807-3171,https://openalex.org/A5088503100,http://www.scopus.com/inward/authorDetails.url?authorID=36028760700&partnerID=MN8TOARS,,,,"2025, 2024, 2023, 2022, 2021, 2020, 2019, 2018, 2017"
Shariq Najeeb,https://orcid.org/0000-0002-3803-6055,https://openalex.org/A5089849951,http://www.scopus.com/inward/authorDetails.url?authorID=56549865300&partnerID=MN8TOARS,,,,"2024, 2023, 2022, 2021, 2020"
Xianren Wu,,https://openalex.org/A5100955490,,,,,2024
Junmin Liu,,https://openalex.org/A5101495479,,,,,"2024, 2022, 2019, 2018, 2016, 2015, 2014, 2012, 2010, 2009"
B. Feagan,,https://openalex.org/A5112689165,,,,,"2025, 2024, 2021, 2019, 2017, 2016, 2014, 2009, 2007, 1998"
Pranav Kulkarni,https://orcid.org/0000-0001-5291-2202,https://openalex.org/A5008593115,,,,,2025
Jason Black,https://orcid.org/0000-0002-3762-3231,https://openalex.org/A5009760461,,,,,"2025, 2023, 2022, 2021, 2020, 2018"
Mathieu Turgeon,https://orcid.org/0000-0003-0134-4027,https://openalex.org/A5011284092,http://www.scopus.com/inward/authorDetails.url?authorID=6603559510&partnerID=MN8TOARS,,,,"2025, 2024, 2023, 2022, 2021, 2020, 2019, 2018"
Michael S. Kovacs,https://orcid.org/0000-0003-0123-1356,https://openalex.org/A5014897253,,,,,"2025, 2024, 2022, 2021, 2020, 2019, 2018, 2017, 2016, 2011"
Abdelkader Ouda,https://orcid.org/0000-0003-3882-1763,https://openalex.org/A5037757429,,,,,"2024, 2023, 2022, 2021, 2020, 2019, 2018, 2017, 2016, 2015"
Emily Stephenson,https://orcid.org/0000-0002-4244-4019,https://openalex.org/A5040820265,,,,,"2025, 2024"
P. Tran,https://orcid.org/0000-0003-2932-292X,https://openalex.org/A5048334565,,,,,"2025, 1993"
Ricardo Viana,https://orcid.org/0000-0002-0520-2352,https://openalex.org/A5053087591,,,,,"2024, 2023, 2022, 2021, 2020, 2019, 2018, 2017, 2016, 2015"
Murad Husein,https://orcid.org/0000-0002-0805-2644,https://openalex.org/A5055036235,,,,,"2025, 2024, 2023, 2022, 2021, 2020, 2019, 2018, 2017, 2016"
Giuseppe Guaiana,https://orcid.org/0000-0003-1054-2201,https://openalex.org/A5058223086,http://www.scopus.com/inward/authorDetails.url?authorID=56087100100&partnerID=MN8TOARS,,,,"2025, 2024, 2023, 2022, 2020, 2019, 2018, 2017, 2016, 2015"
Luisa Helena Bartocci Liboni,https://orcid.org/0000-0002-1753-1081,https://openalex.org/A5078269845,http://www.scopus.com/inward/authorDetails.url?authorID=57191227809&partnerID=MN8TOARS,,,,"2025, 2024, 2023, 2022"
Grace Scott,https://orcid.org/0000-0001-7905-798X,https://openalex.org/A5078959751,,,,,"2025, 2018, 2017, 2016, 2015, 2014"
Matthew S. Fox,https://orcid.org/0000-0002-5121-4661,https://openalex.org/A5079233646,,,,,"2025, 2023, 2022, 2020, 2019, 2018, 2016, 2015, 2014, 2013"
G. Janssen,https://orcid.org/0000-0003-3063-8200,https://openalex.org/A5004650340,,,,,"2024, 2022, 2021"
I. Barker,https://orcid.org/0000-0001-9525-6946,https://openalex.org/A5012478179,,,,,"2024, 2023, 2022, 2021, 2020, 2019, 2018, 2017, 2016, 2015"
Lori Harwood,https://orcid.org/0000-0001-9612-1605,https://openalex.org/A5020278461,,,,,"2024, 2022, 2016, 2014, 2013, 2012"
Simon J. Bonner,https://orcid.org/0000-0003-2063-4572,https://openalex.org/A5044369724,,,,,"2025, 2024, 2023, 2022, 2021, 2020, 2019, 2018, 2015"
Keith W. MacDougall,https://orcid.org/0000-0001-9374-3089,https://openalex.org/A5058136634,,,,,"2025, 2024, 2023, 2022, 2021, 2020, 2019, 2018, 2017, 2016"
Shahzad Barghi,,https://openalex.org/A5083300913,,,,,"2025, 2024, 2023, 2022, 2021, 2020, 2019, 2018, 2017, 2016"
Ewan A. Macpherson,https://orcid.org/0000-0002-6926-1888,https://openalex.org/A5084012345,,,,,"2025, 2024, 2023, 2021, 2020, 2019, 2018, 2017, 2016, 2015"
Wenxuan Wang,https://orcid.org/0009-0009-8575-5210,https://openalex.org/A5100755192,,,,,"2025, 2024, 2023, 2022, 2021"
Ying Yu,https://orcid.org/0000-0003-1472-7035,https://openalex.org/A5102013792,,,,,2025
Amardeep Thind,,https://openalex.org/A5103408220,,,,,"2025, 2024, 2022, 2020, 2019, 2018, 2017, 2016, 2013, 2012"
Richard Chan,,https://openalex.org/A5108538150,,,,,"2025, 2018, 2014, 2013, 2011, 2008, 2006, 2004"
Jennie Wells,,https://openalex.org/A5111876041,,,,,"2025, 2024, 2020, 2018, 2017, 2016, 2015, 2014, 2013, 2012"
Adrian Mendez,,https://openalex.org/A5112782960,,,,,"2025, 2024, 2023, 2022, 2021, 2020"
Michael Clinchy,https://orcid.org/0000-0003-4691-3879,https://openalex.org/A5003457547,,,,,"2024, 2023, 2022, 2021, 2020, 2019, 2017, 2016, 2012, 2005"
Umair Rehman,https://orcid.org/0000-0001-7716-6509,https://openalex.org/A5011435694,,,,,"2025, 2024, 2023"
J. Daniel Christensen,https://orcid.org/0000-0003-2444-3183,https://openalex.org/A5040441491,,,,,"2024, 2023, 2022, 2021, 2020, 2019, 2017, 2016, 2015, 2014"
Justin W. Hicks,https://orcid.org/0000-0003-0269-9364,https://openalex.org/A5067114921,http://www.scopus.com/inward/authorDetails.url?authorID=25947455500&partnerID=MN8TOARS,,,,"2025, 2024, 2023, 2022, 2021, 2020"
Maria Jacinta Moraes Coelho Santos,https://orcid.org/0000-0001-8942-7091,https://openalex.org/A5079103193,,,,,"2025, 2024, 2023, 2022, 2021, 2018, 2017, 2015, 2014, 2013"
Joe Naoum‐Sawaya,https://orcid.org/0000-0002-4908-225X,https://openalex.org/A5080364245,,,,,"2024, 2023, 2022, 2020, 2018, 2017, 2016, 2015"
Rita Kothari,https://orcid.org/0009-0001-8719-3743,https://openalex.org/A5091883890,,,,,2024
Lauren Elliott,https://orcid.org/0000-0003-1120-1492,https://openalex.org/A5101883708,,,,,"2025, 2024"
Michelle Jones,,https://openalex.org/A5103517654,,,,,2024
Peter YF. Zeng,https://orcid.org/0000-0002-6818-8236,https://openalex.org/A5000956537,,,,,"2025, 2024, 2023, 2022, 2021, 2020"
Tisha Joy,,https://openalex.org/A5015773345,,,,,"2025, 2023, 2022, 2019, 2018, 2017, 2016, 2014, 2013, 2012"
Daniel Thompsen Passos,https://orcid.org/0000-0002-3530-2821,https://openalex.org/A5018273101,,,,,"2024, 2023, 2022, 2019, 2018, 2017, 2016, 2015, 2014, 2009"
Andrew C. Warner,https://orcid.org/0000-0001-6023-1423,https://openalex.org/A5037323622,,,,,2025
Joshua Pemberton,https://orcid.org/0000-0002-1492-1471,https://openalex.org/A5037864615,http://www.scopus.com/inward/authorDetails.url?authorID=45261452900&partnerID=MN8TOARS,,,,"2025, 2024"
Gildo Coelho Santos,https://orcid.org/0000-0001-9876-3898,https://openalex.org/A5041369991,http://www.scopus.com/inward/authorDetails.url?authorID=7102014723&partnerID=MN8TOARS,,,,"2024, 2023, 2021, 2018, 2017, 2016, 2015, 2014, 2013, 2012"
Peng You,https://orcid.org/0000-0001-6573-5735,https://openalex.org/A5052539636,,,,,"2025, 2024, 2023, 2022, 2021, 2020, 2019, 2018, 2017"
Blake E. Butler,https://orcid.org/0000-0001-5287-3450,https://openalex.org/A5053572496,,,,,"2025, 2024, 2023, 2022, 2021, 2020, 2019, 2018, 2017, 2016"
Katia Dyrda,,https://openalex.org/A5055529355,,,,,2024
Jamie Gregor,,https://openalex.org/A5072959327,,,,,"2024, 2023, 2022, 2021, 2020, 2019, 2018, 2017, 2016, 2015"
Amanda Friesen,https://orcid.org/0000-0002-9743-5742,https://openalex.org/A5077541055,http://www.scopus.com/inward/authorDetails.url?authorID=55326782300&partnerID=MN8TOARS,,,,"2025, 2023, 2022, 2021"
Li Chun,https://orcid.org/0000-0002-2301-0610,https://openalex.org/A5100371565,,,,,"2025, 2024"
David Weng,,https://openalex.org/A5110133665,,,,,2025
Yolanda Babenko‐Mould,,https://openalex.org/A5005111753,,,,,"2025, 2024, 2023, 2022, 2021, 2020, 2018, 2017, 2016, 2015"
Katherine E. Willmore,https://orcid.org/0000-0002-8563-3354,https://openalex.org/A5013859038,,,,,"2025, 2024, 2023, 2022, 2021, 2020, 2019, 2018, 2017, 2016"
Julie Dumont,https://orcid.org/0000-0002-6009-0111,https://openalex.org/A5032004971,http://www.scopus.com/inward/authorDetails.url?authorID=20336773100&partnerID=MN8TOARS,,,,2024
Paul S. Gill,https://orcid.org/0000-0001-9792-539X,https://openalex.org/A5055939293,,,,,"2025, 2024, 2023, 2022"
Auriane Egal,https://orcid.org/0000-0002-9572-1200,https://openalex.org/A5058955292,,,,,"2024, 2023, 2022, 2021, 2020, 2019, 2018"
Mahmoud R. El-Sakka,https://orcid.org/0000-0002-7877-8280,https://openalex.org/A5059318314,,,,,"2024, 2021, 2020, 2019, 2018, 2017, 2016, 2015, 2014, 2013"
Lulu Bursztyn,https://orcid.org/0000-0002-4937-2687,https://openalex.org/A5068463137,,,,,"2024, 2023, 2022, 2021, 2020, 2019, 2018, 2017, 2016, 2015"
Camila P. E. de Souza,https://orcid.org/0000-0002-4465-5792,https://openalex.org/A5075502624,,,,,"2025, 2024, 2023, 2022, 2021, 2020, 2019, 2018"
Lucas Monzani,https://orcid.org/0000-0002-3375-068X,https://openalex.org/A5077648028,http://www.scopus.com/inward/authorDetails.url?authorID=56013336900&partnerID=MN8TOARS,,,,"2025, 2024, 2023, 2022, 2021, 2020, 2019, 2018, 2017, 2016"
Bobby Stojanoski,https://orcid.org/0000-0001-8595-7634,https://openalex.org/A5084412210,,,,,"2024, 2023, 2022, 2021, 2020, 2019, 2018, 2017, 2016, 2015"
Douglas A. Hoover,https://orcid.org/0000-0003-0923-6354,https://openalex.org/A5087888046,,,,,"2024, 2023, 2022, 2021, 2020, 2018, 2017, 2016, 2015, 2014"
Paul E. Cooper,,https://openalex.org/A5091293514,,,,,"2024, 2020, 2015, 2013, 2012, 2010, 2009, 1988"
Vaibhav Gupta,https://orcid.org/0000-0003-4568-121X,https://openalex.org/A5101913153,,,,,2024
Aaron Haig,,https://openalex.org/A5110449948,,,,,"2025, 2024, 2023, 2022, 2021, 2019, 2018, 2017, 2016, 2015"
G. D. Thorn,,https://openalex.org/A5112269784,,,,,"2025, 2023, 2017, 2013, 2008, 2004"
Xiaoye Wang,,https://openalex.org/A5115694933,,,,,"2025, 2024"
Yi Luo,https://orcid.org/0000-0002-6343-4127,https://openalex.org/A5004999466,,,,,2024
Vicente Raja,https://orcid.org/0000-0001-5780-9052,https://openalex.org/A5010859654,http://www.scopus.com/inward/authorDetails.url?authorID=57192573316&partnerID=MN8TOARS,,,,"2025, 2024, 2023, 2022, 2021, 2020, 2019"
Colleen McGrath,https://orcid.org/0000-0003-0032-8092,https://openalex.org/A5032490746,,,,,"2025, 2024, 2023, 2022, 2021, 2020, 2019, 2018, 2017, 2016"
Jennifer Bjazevic,https://orcid.org/0000-0002-1749-4874,https://openalex.org/A5038225981,,,,,"2025, 2024, 2023, 2022, 2021, 2020, 2019, 2018"
Catherine M. Ivy,https://orcid.org/0000-0002-4713-4423,https://openalex.org/A5042785646,,,,,"2025, 2024, 2023, 2022"
Benjamin D. Hedley,https://orcid.org/0000-0002-3751-0851,https://openalex.org/A5050081321,,,,,"2025, 2022, 2021, 2020, 2011, 2010, 2008, 2006, 2004"
Amol Mujoomdar,https://orcid.org/0000-0002-4012-6068,https://openalex.org/A5067681040,,,,,"2025, 2024, 2023, 2022, 2021, 2020, 2019, 2018, 2017, 2016"
Kendra L. Rieger,https://orcid.org/0000-0002-4864-2833,https://openalex.org/A5068887741,http://www.scopus.com/inward/authorDetails.url?authorID=55770191400&partnerID=MN8TOARS,,,,"2025, 2024, 2023, 2022, 2021, 2020"
Anita T. Coté,https://orcid.org/0000-0003-3838-5893,https://openalex.org/A5072214202,,,,,"2025, 2024, 2023, 2022, 2021, 2018, 2017"
Marc Mitchell,https://orcid.org/0000-0002-2772-9614,https://openalex.org/A5088901010,,,,,"2025, 2024, 2023, 2022, 2021, 2020, 2019, 2018"
Rachel Figueiredo,,https://openalex.org/A5103859547,,,,,"2024, 2020"
Tony Weis,,https://openalex.org/A5002709479,,,,,"2024, 2023, 2022, 2021, 2020, 2019, 2018, 2016, 2015, 2012"
René Figueredo,,https://openalex.org/A5011809763,,,,,"2024, 2023, 2022, 2021, 2020, 2019, 2018, 2016, 2015, 2014"
Anat Kornecki,https://orcid.org/0000-0001-6098-2091,https://openalex.org/A5021262127,,,,,"2024, 2023, 2022, 2021, 2020, 2019, 2016, 2010, 2009, 2008"
Gail Teachman,https://orcid.org/0000-0003-1892-5792,https://openalex.org/A5024396099,http://www.scopus.com/inward/authorDetails.url?authorID=24491203400&partnerID=MN8TOARS,,,,"2025, 2024, 2023, 2022, 2021, 2020, 2019"
Lily Park,https://orcid.org/0000-0002-0372-3525,https://openalex.org/A5026147363,,,,,2025
Jinka Sathya,,https://openalex.org/A5034519936,,,,,"2025, 2022, 2021, 2020, 1996"
Mushfiq Hassan Shaikh,https://orcid.org/0000-0001-9953-3939,https://openalex.org/A5041911479,,,,,"2025, 2024, 2023, 2022, 2021, 2020"
Joyce Bruhn de Garavito,https://orcid.org/0000-0003-3402-0803,https://openalex.org/A5053478785,,,,,"2024, 2019, 2016, 2014, 2013, 2011, 2010, 2008, 2006, 2004"
Sherry Rohekar,https://orcid.org/0000-0001-8949-4198,https://openalex.org/A5060365844,,,,,"2025, 2024, 2022, 2021, 2020, 2018, 2017, 2016, 2015, 2014"
Steven M. Kerfoot,https://orcid.org/0000-0002-5401-0373,https://openalex.org/A5063577714,http://www.scopus.com/inward/authorDetails.url?authorID=6507909835&partnerID=MN8TOARS,,,,"2025, 2024, 2023, 2022, 2021, 2020, 2019, 2018, 2017, 2016"
Gord Sinnamon,,https://openalex.org/A5064288579,,,,,"2024, 2023, 2020, 2017, 2016, 2015, 2009, 2007, 2006, 2005"
Nawar A. Alkhamesi,https://orcid.org/0000-0001-6217-6253,https://openalex.org/A5074168676,,,,,"2025, 2024, 2023, 2022, 2021, 2020, 2019, 2018, 2017, 2016"
Mélanie Racine,https://orcid.org/0000-0002-3650-0862,https://openalex.org/A5080828528,http://www.scopus.com/inward/authorDetails.url?authorID=36867952000&partnerID=MN8TOARS,,,,"2024, 2021, 2020, 2019, 2018, 2017, 2016, 2015, 2014"
Barbara Jane Cunningham,https://orcid.org/0000-0002-2032-4999,https://openalex.org/A5085052515,,,,,"2025, 2024, 2023, 2022, 2021, 2020, 2019, 2018"
Michael Katchabaw,https://orcid.org/0000-0001-6215-242X,https://openalex.org/A5111941572,,,,,"2025, 2023, 2022, 2021, 2019, 2018, 2016, 2015, 2014, 2013"
Brendan F. Brown,,https://openalex.org/A5014051497,,,,,2025
Weifeng Sun,https://orcid.org/0000-0001-9727-729X,https://openalex.org/A5014949321,,,,,2025
Vijayalakshmi Easwar,https://orcid.org/0000-0001-7944-3012,https://openalex.org/A5021453248,,,,,"2024, 2022, 2021, 2020, 2019, 2018, 2017, 2016, 2015, 2014"
Daryl Gray,https://orcid.org/0000-0001-9773-4075,https://openalex.org/A5024222407,,,,,"2025, 2024, 2023, 2021, 2020, 2019, 2018, 2017, 2016, 2015"
Lewis Williams,https://orcid.org/0000-0002-1876-7352,https://openalex.org/A5035130008,,,,,"2024, 2023"
Christopher T. DeGroot,https://orcid.org/0000-0002-2069-8253,https://openalex.org/A5043724136,http://www.scopus.com/inward/authorDetails.url?authorID=26867589800&partnerID=MN8TOARS,,,,"2025, 2024, 2023, 2022, 2021, 2020, 2019, 2018, 2017, 2016"
Janelle Unger,https://orcid.org/0000-0001-6731-2728,https://openalex.org/A5046752413,,,,,"2025, 2024, 2023, 2022, 2021"
Graham Denham,,https://openalex.org/A5055862912,,,,,"2024, 2022, 2021, 2019, 2018, 2017, 2016, 2015, 2014, 2013"
Adam Mutsaers,https://orcid.org/0000-0002-2185-6874,https://openalex.org/A5057979170,,,,,"2025, 2024, 2023, 2022, 2019"
Daniel Rayner,https://orcid.org/0000-0001-6699-3090,https://openalex.org/A5060727785,,,,,2025
Gilles Arsenault,,https://openalex.org/A5066531506,,,,,"2025, 1987"
Christopher Harle,https://orcid.org/0000-0003-2784-3924,https://openalex.org/A5071768963,,,,,"2025, 2024, 2023, 2020, 2019, 2018, 2017, 2016, 2015, 2014"
Bissan Ghaddar,https://orcid.org/0000-0003-4695-200X,https://openalex.org/A5084563518,,,,,"2025, 2024, 2023, 2022, 2021, 2020, 2018, 2017"
Richard M. Gibson,https://orcid.org/0000-0002-9569-2366,https://openalex.org/A5085430078,,,,,"2024, 2023, 2022, 2021, 2020, 2019, 2018, 2017, 2016"
Yang Li,https://orcid.org/0000-0002-8381-7272,https://openalex.org/A5100421644,,,,,"2025, 2023, 2022, 2020"
Angela Coates,,https://openalex.org/A5110199281,,,,,2024
Shyam Gajavelli,https://orcid.org/0000-0002-5947-6973,https://openalex.org/A5003328254,,,,,2024
Amanda J. Moehring,https://orcid.org/0000-0002-8088-4007,https://openalex.org/A5005069025,,,,,"2024, 2022, 2021, 2020, 2019, 2018, 2017, 2016, 2015, 2014"
Pamela Block,https://orcid.org/0000-0003-1481-0314,https://openalex.org/A5007599091,,,,,"2024, 2023, 2022, 2021, 2019"
Kathryn Nicholson,https://orcid.org/0000-0002-9534-4724,https://openalex.org/A5012203909,,,,,"2025, 2024, 2023, 2022, 2021, 2020, 2019, 2018, 2017, 2015"
Asma Naqvi,,https://openalex.org/A5021225128,,,,,"2025, 2024"
Armin Zare,https://orcid.org/0000-0002-3532-5767,https://openalex.org/A5035198573,http://www.scopus.com/inward/authorDetails.url?authorID=55604959200&partnerID=MN8TOARS,,,,2025
Benjamin Hill,https://orcid.org/0000-0002-5458-0106,https://openalex.org/A5036172589,http://www.scopus.com/inward/authorDetails.url?authorID=37561254000&partnerID=MN8TOARS,,,,"2024, 2023, 2022, 2021, 2020, 2019, 2018, 2016, 2013, 2012"
George Athanassakos,https://orcid.org/0000-0002-8075-2936,https://openalex.org/A5036574808,,,,,"2024, 2021, 2019, 2015, 2014, 2013, 2012, 2011, 2010, 2009"
Douglas G. Woolford,,https://openalex.org/A5036712923,,,,,"2025, 2024, 2023, 2022, 2021, 2020, 2019, 2018, 2015, 2013"
Ross Prager,https://orcid.org/0000-0001-8145-8141,https://openalex.org/A5037407528,,,,,"2025, 2024, 2023, 2022"
Vivian Tan,https://orcid.org/0000-0001-9086-220X,https://openalex.org/A5041284541,,,,,"2025, 2024, 2023, 2022, 2018, 2017, 2016"
Farahnaz Faez,https://orcid.org/0000-0002-2823-9684,https://openalex.org/A5075278642,,,,,"2024, 2023, 2020, 2019, 2018, 2017, 2012, 2011"
Dmitrij Zagidulin,,https://openalex.org/A5082641497,,,,,"2025, 2024, 2023, 2022, 2021, 2020, 2018, 2017, 2016, 2015"
Chantelle Richmond,https://orcid.org/0000-0002-8944-9669,https://openalex.org/A5090154806,,,,,"2024, 2023, 2022, 2021, 2020, 2019, 2018, 2017, 2016, 2014"
Li Jun,https://orcid.org/0000-0002-4443-4551,https://openalex.org/A5100760726,,,,,"2024, 2023, 2020, 2019"
Jifu Jiang,,https://openalex.org/A5103400872,,,,,"2024, 2022, 2017, 2016, 2011, 2010, 2008, 2007, 2006, 2004"
Eva Honsová,,https://openalex.org/A5105521085,,,,,2024
David J. Haile,,https://openalex.org/A5108471719,,,,,2024
Kirsty Robertson,https://orcid.org/0000-0002-3518-9267,https://openalex.org/A5000080510,,,,,"2024, 2023, 2022, 2020, 2019, 2018, 2013, 2011, 2010, 2008"
Sebastián Fridman,https://orcid.org/0000-0002-1165-040X,https://openalex.org/A5002082628,,,,,"2025, 2024, 2023, 2022, 2021, 2020, 2019, 2018, 2017"
Ankush Agarwal,https://orcid.org/0000-0001-7826-9665,https://openalex.org/A5002964350,http://www.scopus.com/inward/authorDetails.url?authorID=55757918600&partnerID=MN8TOARS,,,,2025
Robert K. Barney,,https://openalex.org/A5021795794,,,,,"2024, 2017, 2016, 2015, 2014, 2011, 2009, 1996, 1995, 1991"
Aashish Goela,https://orcid.org/0000-0001-9373-1475,https://openalex.org/A5022143082,,,,,"2025, 2024, 2023, 2022, 2021, 2020, 2018, 2016, 2015, 2014"
Sabastine Ezugwu,https://orcid.org/0000-0002-9755-6456,https://openalex.org/A5035604819,,,,,"2024, 2023, 2022, 2021, 2020, 2019, 2018, 2017, 2016, 2015"
Adam Górski,https://orcid.org/0009-0004-4429-8256,https://openalex.org/A5043085467,,,,,"2025, 2023"
Sarah A. Mattonen,https://orcid.org/0000-0002-8172-1074,https://openalex.org/A5047863717,,,,,"2025, 2024, 2023, 2022, 2021, 2020, 2016, 2015, 2014, 2013"
Sangeeta Dhaubhadel,https://orcid.org/0000-0003-2582-5503,https://openalex.org/A5049689605,,,,,"2025, 2024, 2023, 2022, 2021, 2020, 2019, 2018, 2017, 2016"
Ahmad Elnahas,https://orcid.org/0000-0001-5910-5374,https://openalex.org/A5050752038,,,,,"2025, 2024, 2023, 2022, 2021, 2020, 2019, 2018"
Mike Szekeres,https://orcid.org/0000-0003-0338-0718,https://openalex.org/A5051295237,http://www.scopus.com/inward/authorDetails.url?authorID=7003480169&partnerID=MN8TOARS,,,,"2025, 2024, 2023, 2020, 2019, 2018, 2017, 2016, 2015, 2014"
Ousseynou Sarr,https://orcid.org/0000-0002-5847-4984,https://openalex.org/A5053029225,,,,,"2025, 2024, 2023, 2022, 2021, 2020, 2019, 2017, 2015, 2014"
Leslie Meredith,https://orcid.org/0009-0007-1338-6474,https://openalex.org/A5059293269,,,,,"2025, 2024, 2023, 2022, 2021, 2010, 2001, 2000"
Amir Rezaeı Ardanı,https://orcid.org/0000-0002-8495-1086,https://openalex.org/A5060999804,http://www.scopus.com/inward/authorDetails.url?authorID=55573201600&partnerID=MN8TOARS,,,,"2024, 2023"
Karim Qumosani,,https://openalex.org/A5090315596,,,,,"2025, 2024, 2023, 2022, 2021, 2020, 2019, 2018, 2015, 2013"
Christopher Power,https://orcid.org/0000-0003-2389-4214,https://openalex.org/A5101661187,http://www.scopus.com/inward/authorDetails.url?authorID=56169814100&partnerID=MN8TOARS,,,,"2025, 2024, 2023, 2022, 2021, 2019, 2014, 2013, 2012, 2009"
Danielle MacNeil,,https://openalex.org/A5112701844,,,,,"2024, 2023, 2022, 2021, 2020, 2019, 2018, 2017, 2016, 2014"
Hossein Khalili,https://orcid.org/0000-0002-4443-2417,https://openalex.org/A5011254218,,,,,"2025, 2024, 2023, 2021, 2020, 2016, 2015"
Janet Madill,https://orcid.org/0000-0001-5387-2329,https://openalex.org/A5017315432,,,,,"2025, 2024, 2022, 2021, 2020, 2019, 2018, 2017, 2016, 2015"
Rahel Eynan,https://orcid.org/0000-0002-0078-8462,https://openalex.org/A5033317572,,,,,"2024, 2021, 2020, 2019, 2018, 2017, 2016, 2015, 2014, 2013"
Bruna de Souza Moraes,https://orcid.org/0000-0003-4305-7608,https://openalex.org/A5053116837,,,,,2024
Erin Miller,https://orcid.org/0000-0002-3416-5634,https://openalex.org/A5054087015,,,,,2024
Harpinder Kaur,https://orcid.org/0000-0002-6553-9993,https://openalex.org/A5065604270,,,,,2024
Jared Silver,https://orcid.org/0000-0002-7838-0985,https://openalex.org/A5066051565,,,,,2025
Ruediger Noppens,https://orcid.org/0000-0003-0069-579X,https://openalex.org/A5075378286,,,,,"2024, 2023, 2021, 2020, 2019, 2018, 2017, 2016"
Ronald S. Flannagan,https://orcid.org/0000-0002-3263-2227,https://openalex.org/A5079488466,http://www.scopus.com/inward/authorDetails.url?authorID=6506411678&partnerID=MN8TOARS,,,,"2024, 2023, 2022, 2021, 2020, 2019, 2018, 2016, 2015, 2014"
C.W. James Melling,https://orcid.org/0000-0002-7474-1886,https://openalex.org/A5089609036,,,,,"2025, 2024, 2023, 2022, 2021, 2020, 2018, 2017, 2016, 2014"
Corey C. Moore,https://orcid.org/0000-0001-7726-7465,https://openalex.org/A5102999800,,,,,"2025, 2024, 2023, 2022, 2021, 2020, 2019, 2018, 2016, 2014"
Keith Kwan,,https://openalex.org/A5112124376,,,,,"2025, 2024, 2023, 2022, 2021, 2020, 2019, 2018, 2017, 2016"
Hubert Pun,https://orcid.org/0000-0002-9462-170X,https://openalex.org/A5007700693,,,,,"2024, 2023, 2022, 2021, 2020, 2019, 2018, 2017, 2016, 2015"
Saptharishi Lalgudi Ganesan,https://orcid.org/0000-0002-2599-9119,https://openalex.org/A5011793249,http://www.scopus.com/inward/authorDetails.url?authorID=56347309400&partnerID=MN8TOARS,,,,"2024, 2023, 2022, 2021, 2020, 2019"
Melissa Huynh,https://orcid.org/0000-0002-1279-9599,https://openalex.org/A5020844592,,,,,"2025, 2024, 2023, 2022, 2021, 2018, 2017, 2016, 2015, 2014"
Isha DeCoito,https://orcid.org/0000-0002-8315-9150,https://openalex.org/A5026240075,,,,,"2025, 2024, 2023, 2022, 2021, 2020, 2018, 2017, 2016, 2015"
Matthew O. Hebb,https://orcid.org/0000-0002-9582-4314,https://openalex.org/A5050923743,,,,,"2025, 2023, 2022, 2021, 2020, 2019, 2018, 2017, 2016, 2015"
Simon Chiu,https://orcid.org/0000-0001-5026-9524,https://openalex.org/A5057564438,,,,,"2024, 2023, 2022, 2021, 2020, 2019, 2018, 2017, 2016, 2015"
Yun Mui Yiu,https://orcid.org/0000-0003-1247-7044,https://openalex.org/A5060184125,,,,,"2025, 2023, 2022, 2021, 2020, 2019, 2018, 2017, 2016, 2015"
Greydon Gilmore,https://orcid.org/0000-0001-7523-5734,https://openalex.org/A5070122328,,,,,"2025, 2024, 2023, 2022, 2021, 2020, 2019, 2018, 2017, 2016"
Julie Theurer,https://orcid.org/0000-0001-9790-680X,https://openalex.org/A5071605897,,,,,"2025, 2024, 2023, 2022, 2021, 2020, 2019, 2018, 2017, 2015"
Kamila Kolpashnikova,https://orcid.org/0000-0001-6338-0977,https://openalex.org/A5072686822,http://www.scopus.com/inward/authorDetails.url?authorID=57188716350&partnerID=MN8TOARS,,,,2024
C. Yong Kang,https://orcid.org/0000-0003-1759-6173,https://openalex.org/A5072699056,,,,,"2025, 2023, 2022, 2021, 2020, 2019, 2017, 2016, 2012, 2010"
Laura Béres,https://orcid.org/0000-0001-6926-0562,https://openalex.org/A5085633482,,,,,"2024, 2023, 2019, 2018, 2017, 2012"
Ilka U. Heinemann,https://orcid.org/0000-0003-1721-1667,https://openalex.org/A5086977810,,,,,"2025, 2024, 2023, 2022, 2021, 2020, 2019, 2018, 2017, 2016"
Mingu Kim,https://orcid.org/0000-0003-2984-762X,https://openalex.org/A5100735293,,,,,"2024, 2023, 2022, 2021, 2020, 2019, 2018, 2017, 2016, 2015"
Conor J. Wild,https://orcid.org/0000-0002-4303-3537,https://openalex.org/A5102878747,http://www.scopus.com/inward/authorDetails.url?authorID=57213392288&partnerID=MN8TOARS,,,,"2025, 2024, 2023, 2022, 2021, 2020, 2019, 2018, 2017, 2015"
Éliane Wolff,,https://openalex.org/A5111821298,,,,,2024
Dalilah Fortin,,https://openalex.org/A5112247218,,,,,"2025, 2024, 2023, 2022, 2021, 2020, 2018, 2017, 2016, 2013"
Armen Parsyan,https://orcid.org/0000-0003-0084-8733,https://openalex.org/A5001716985,,,,,"2025, 2024, 2022, 2021, 2020"
Victoria Smye,https://orcid.org/0000-0001-6588-4925,https://openalex.org/A5015143498,,,,,"2025, 2024, 2023, 2021, 2020, 2019, 2018, 2017"
Gürkan Ünsal,https://orcid.org/0000-0001-7832-4249,https://openalex.org/A5015579240,http://www.scopus.com/inward/authorDetails.url?authorID=56845771300&partnerID=MN8TOARS,,,,"2025, 2024"
Jenny J. W. Liu,https://orcid.org/0000-0003-2213-1346,https://openalex.org/A5027959051,,,,,"2025, 2024, 2023, 2022, 2021"
Sue Peters,https://orcid.org/0009-0004-8245-5558,https://openalex.org/A5030681115,,,,,"2025, 2024, 2023, 2022, 2021"
Bipasha Baruah,,https://openalex.org/A5035609531,,,,,"2025, 2024, 2023, 2021, 2020, 2019, 2017, 2016, 2015"
Zhu‐Xu Zhang,https://orcid.org/0000-0002-8335-3738,https://openalex.org/A5037082551,,,,,"2024, 2022, 2021, 2019, 2018, 2017, 2016, 2015, 2014, 2012"
Laura Batterink,https://orcid.org/0000-0002-6879-4666,https://openalex.org/A5038328507,,,,,"2025, 2024, 2023, 2022, 2021, 2020, 2019"
Ian Cheong,https://orcid.org/0000-0002-3062-6878,https://openalex.org/A5046392457,,,,,"2025, 2022, 2021"
Andrew R. Krause,https://orcid.org/0000-0003-2585-7185,https://openalex.org/A5047028086,,,,,"2025, 2023, 2020"
Michael J. Shkrum,https://orcid.org/0000-0003-1124-0125,https://openalex.org/A5047719021,,,,,"2024, 2022, 2021, 2020, 2019, 2018, 2017, 2016, 2015, 2014"
Agnieszka Leszczynski,https://orcid.org/0000-0002-5167-0499,https://openalex.org/A5049725151,http://www.scopus.com/inward/authorDetails.url?authorID=15021016400&partnerID=MN8TOARS,,,,"2025, 2024, 2022, 2021, 2020, 2019, 2018"
Luke Stark,https://orcid.org/0000-0002-2537-846X,https://openalex.org/A5055485772,,,,,"2024, 2023, 2022, 2021, 2020, 2015"
Anouar Teriaky,https://orcid.org/0000-0002-5785-0415,https://openalex.org/A5060710581,,,,,"2025, 2024, 2023, 2022, 2021, 2020, 2019, 2018, 2017, 2016"
Robert Sibbald,https://orcid.org/0000-0002-7372-4793,https://openalex.org/A5062130360,,,,,"2024, 2021, 2020, 2019, 2018, 2015, 2014, 2012, 2011, 2010"
Gianni M. Di Guglielmo,https://orcid.org/0000-0002-2439-2737,https://openalex.org/A5082744927,,,,,"2024, 2023, 2022, 2021, 2020, 2017, 2016, 2014, 2013, 2012"
Janice M. Polgar,,https://openalex.org/A5086311852,,,,,"2024, 2020, 2017, 2016, 2014, 2011, 2009, 2007"
Hristo S. Sendov,https://orcid.org/0000-0002-0908-1535,https://openalex.org/A5087539510,,,,,"2024, 2023, 2022, 2021, 2020, 2019, 2018, 2017, 2015, 2014"
Soume Bhattacharya,https://orcid.org/0000-0003-3715-8066,https://openalex.org/A5090968025,,,,,"2025, 2024, 2023, 2022, 2021, 2020, 2019, 2018"
M. Hill,,https://openalex.org/A5108896619,,,,,2024
Kevin Coughlin,,https://openalex.org/A5109045603,,,,,"2025, 2024, 2023, 2022, 2021, 2019, 2018, 2017, 2014, 2011"
Kristi Thompson,https://orcid.org/0000-0002-4152-0075,https://openalex.org/A5006963009,,,,,"2025, 2024, 2022, 2021, 2020"
Patrick Lajoie,https://orcid.org/0000-0002-1614-176X,https://openalex.org/A5008573382,,,,,"2024, 2023, 2022, 2021, 2020, 2019, 2018, 2016, 2014"
Piya Sen Gupta,https://orcid.org/0000-0002-2800-7365,https://openalex.org/A5013219584,,,,,"2025, 2024"
Aaron So,https://orcid.org/0000-0001-9293-158X,https://openalex.org/A5013826365,,,,,"2024, 2022, 2021, 2020, 2019, 2018, 2016, 2013, 2011, 2009"
Sandro D. P. Vitenti,https://orcid.org/0000-0002-4587-7178,https://openalex.org/A5014314137,http://www.scopus.com/inward/authorDetails.url?authorID=14521646400&partnerID=MN8TOARS,,,,2024
Flávio H. Beraldo,https://orcid.org/0000-0001-7638-2007,https://openalex.org/A5022917803,,,,,"2024, 2023, 2022, 2021, 2020, 2019, 2018, 2017, 2016, 2015"
Amrit Kirpalani,https://orcid.org/0000-0001-7567-9052,https://openalex.org/A5031533773,,,,,"2025, 2024, 2023, 2022, 2021, 2020, 2019, 2017, 2016, 2015"
Fanqi Wu,https://orcid.org/0000-0001-8232-4794,https://openalex.org/A5061720393,,,,,"2025, 2024"
Lesley Gittings,https://orcid.org/0000-0002-0463-0478,https://openalex.org/A5062453714,,,,,"2025, 2024, 2023, 2022"
Robert C. Litchfield,https://orcid.org/0000-0002-3410-8189,https://openalex.org/A5066177168,,,,,2025
Daniel R. Clark,https://orcid.org/0000-0003-1645-4667,https://openalex.org/A5077777239,http://www.scopus.com/inward/authorDetails.url?authorID=57195732382&partnerID=MN8TOARS,,,,"2024, 2023, 2022, 2021"
Steven Aung,,https://openalex.org/A5081008505,,,,,"2024, 2023, 2022, 2021"
Vipul Jairath,https://orcid.org/0000-0003-1590-0338,https://openalex.org/A5101456326,,,,,"2025, 2024, 2021, 2020, 2019, 2018, 2017"
Ryan Kim,https://orcid.org/0000-0002-3762-5974,https://openalex.org/A5102012109,,,,,2025
Moshmi Bhattacharya,https://orcid.org/0000-0002-9191-9877,https://openalex.org/A5111851529,,,,,"2025, 2018, 2017, 2016, 2015, 2014, 2013, 2012, 2011, 2010"
Christopher B. Goodman,https://orcid.org/0000-0002-8565-9714,https://openalex.org/A5002201882,,,,,2025
Çiğdem Akincioğlu,https://orcid.org/0000-0003-3356-6492,https://openalex.org/A5011936645,,,,,"2024, 2023, 2022, 2021, 2020, 2018, 2016, 2015, 2007"
Michael S. H. Boutilier,https://orcid.org/0000-0001-6309-2318,https://openalex.org/A5012602685,,,,,"2025, 2024, 2023, 2022, 2021, 2020"
Hadi Ghofrani,https://orcid.org/0000-0003-0609-3976,https://openalex.org/A5015598158,,,,,"2025, 2023, 2022, 2021, 2020, 2019, 2018, 2017, 2016, 2015"
David J. Good,https://orcid.org/0000-0001-8602-7586,https://openalex.org/A5018929375,,,,,"2025, 2022, 2021, 2020, 2019, 2018, 2017, 2016, 2015"
Flory T. Muanda,https://orcid.org/0000-0003-4682-6564,https://openalex.org/A5031930231,,,,,"2025, 2024, 2023, 2022, 2021, 2020, 2019"
Elizabeth Linkewich,https://orcid.org/0000-0002-6327-3693,https://openalex.org/A5040505598,,,,,2025
Farhang Aliakbari,https://orcid.org/0000-0002-0928-3743,https://openalex.org/A5046997588,http://www.scopus.com/inward/authorDetails.url?authorID=23033479800&partnerID=MN8TOARS,,,,"2025, 2024, 2023, 2022"
Marlene Bagatto,https://orcid.org/0000-0002-1234-3233,https://openalex.org/A5057265677,,,,,"2025, 2024, 2023, 2022, 2021, 2020, 2019, 2017, 2016, 2013"
Anwar Abo-Amer,https://orcid.org/0000-0002-4878-1913,https://openalex.org/A5068166759,,,,,"2024, 2022, 2021, 2020, 2017, 2015, 2014, 2013, 2012, 2010"
Selina L. Liu,https://orcid.org/0000-0002-0261-0385,https://openalex.org/A5083127338,,,,,"2025, 2023, 2022, 2021, 2020, 2019, 2017, 2016, 2012, 2003"
Supriya Singh,https://orcid.org/0000-0001-8063-3040,https://openalex.org/A5085039338,,,,,"2025, 2023, 2022, 2021, 2019, 2018, 2014, 2012"
Ricardo Fernandes,https://orcid.org/0000-0002-7195-8246,https://openalex.org/A5101404820,,,,,"2024, 2023, 2022, 2021, 2020, 2019, 2018"
Ken Leslie,,https://openalex.org/A5101712564,,,,,"2024, 2022, 2021, 2020, 2019, 2018, 2017, 2016, 2015, 2014"
Hong Ko,,https://openalex.org/A5112627854,,,,,"2024, 2023, 2022, 2021"
Robert Gratton,,https://openalex.org/A5113781870,,,,,"2025, 2024, 2023, 2019, 2018, 2016, 2015, 2013, 2010, 2009"
Lalit Saini,https://orcid.org/0000-0003-3104-106X,https://openalex.org/A5007194601,,,,,"2025, 2024, 2022, 2020, 2019, 1999"
Nicole Haggerty,https://orcid.org/0000-0003-3671-9140,https://openalex.org/A5011082898,,,,,"2024, 2023, 2021, 2019, 2018, 2015, 2012, 2011, 2010, 2009"
Karen J. Bosma,https://orcid.org/0000-0003-0423-7286,https://openalex.org/A5011665597,,,,,"2025, 2024, 2023, 2022, 2021, 2020, 2019, 2018, 2016, 2014"
Nica M. Borradaile,https://orcid.org/0000-0001-6677-2175,https://openalex.org/A5012248268,,,,,"2025, 2024, 2022, 2021, 2020, 2019, 2018, 2017, 2016, 2015"
Kevin Armstrong,https://orcid.org/0000-0003-3929-028X,https://openalex.org/A5021086646,,,,,"2024, 2021, 2020, 2017, 2016, 2015, 2013, 2012, 2010, 2009"
Angela Mandich,,https://openalex.org/A5021918320,,,,,"2024, 2018, 2015, 2014, 2011, 2010, 2009, 2007, 2006, 2005"
Thomas A. Drysdale,https://orcid.org/0000-0002-7254-2189,https://openalex.org/A5022364005,,,,,"2025, 2023, 2021, 2019, 2018, 2016, 2015, 2013, 2011, 2010"
Maxime Coulombe,https://orcid.org/0000-0001-5449-4577,https://openalex.org/A5022936125,,,,,2024
Inderdeep Dhaliwal,https://orcid.org/0000-0003-1795-3855,https://openalex.org/A5040955026,,,,,"2025, 2024, 2023, 2022, 2021, 2020, 2019, 2016"
Alexander M. Matheson,https://orcid.org/0000-0002-6022-9507,https://openalex.org/A5043197283,,,,,"2025, 2024, 2023, 2022, 2021, 2020, 2019"
Howard Plotkin,,https://openalex.org/A5048732428,,,,,"2024, 2014, 2012, 2011, 2010, 2009, 2008, 2007, 2006, 2005"
Anibal M. Medina-Mardones,https://orcid.org/0000-0002-0905-262X,https://openalex.org/A5051432248,,,,,"2025, 2024, 2023"
Carrie L. Branch,https://orcid.org/0000-0002-4671-2420,https://openalex.org/A5055797741,,,,,"2025, 2024, 2023, 2022"
Yudith Ramos-Valdes,,https://openalex.org/A5063609478,,,,,"2024, 2013, 2011, 2008"
Kathryn Volkening,https://orcid.org/0000-0002-7601-4869,https://openalex.org/A5077281610,,,,,"2025, 2024, 2023, 2021, 2020, 2019, 2018, 2017, 2014, 2013"
Vaughan S. Radcliffe,https://orcid.org/0000-0003-4882-1484,https://openalex.org/A5086443796,,,,,"2025, 2022, 2021, 2020, 2019, 2018, 2017, 2016, 2015, 2014"
Gary Joubert,https://orcid.org/0000-0001-6612-6421,https://openalex.org/A5102756845,,,,,"2024, 2022, 2020, 2019, 2018, 2017, 2016, 2015, 2014, 2011"
Cynthia G. Sawyez,,https://openalex.org/A5113811191,,,,,"2024, 2022, 2021, 2020, 2019, 2018, 2017, 2016, 2015, 2014"
William B. Handler,https://orcid.org/0000-0002-1722-5850,https://openalex.org/A5000571094,,,,,"2024, 2022, 2020, 2019, 2018, 2017, 2014, 2013, 2012, 2011"
D. G. Stephens,,https://openalex.org/A5008210777,,,,,"2025, 2018"
S. B. Kalia,,https://openalex.org/A5013823755,,,,,2024
Jiujiang Wu,https://orcid.org/0000-0001-5624-5064,https://openalex.org/A5018832829,,,,,"2025, 2024, 2022, 2020, 2019"
Haoran Wei,https://orcid.org/0000-0002-0666-5551,https://openalex.org/A5019789898,,,,,2025
Erin A. Heerey,https://orcid.org/0000-0001-6558-9563,https://openalex.org/A5020817133,,,,,"2024, 2022, 2021, 2020, 2019, 2018, 2017, 2016, 2015"
Kristyn M. Leitch,https://orcid.org/0000-0003-1244-5130,https://openalex.org/A5024351775,,,,,"2025, 2024, 2022, 2021, 2020, 2019, 2018, 2017, 2016, 2015"
Christina Ziebart,https://orcid.org/0000-0002-3667-4133,https://openalex.org/A5031491875,,,,,"2025, 2024, 2023, 2022, 2021, 2020, 2019"
Natasha J. McIntyre,,https://openalex.org/A5034192762,,,,,"2025, 2024, 2023, 2022"
Miguel Arango,,https://openalex.org/A5046634728,,,,,"2025, 2018, 2017, 2016, 2015, 2014, 2013, 2012, 2011, 2009"
Ruth Compton Brouwer,,https://openalex.org/A5064494000,,,,,"2025, 2022, 2014, 2011, 2009, 2003"
Genevieve Eastabrook,https://orcid.org/0000-0001-9184-2796,https://openalex.org/A5067026934,,,,,"2025, 2024, 2023, 2022, 2021, 2020, 2019, 2018, 2017, 2016"
Reza Rahimi,https://orcid.org/0000-0002-9762-1967,https://openalex.org/A5068985397,,,,,"2024, 2003"
Kathryn Roth,https://orcid.org/0000-0002-1389-2576,https://openalex.org/A5072208188,,,,,"2025, 2024, 2023, 2021, 2020, 2019, 2018, 2017, 2016, 2015"
Brandon Schaufele,https://orcid.org/0000-0003-1281-141X,https://openalex.org/A5075118752,,,,,"2024, 2023, 2022, 2021, 2020, 2018, 2017, 2016, 2015, 2014"
Edward Bell,,https://openalex.org/A5080485772,,,,,"2025, 2023, 2021, 2020, 2019, 2018, 2016, 2015, 2014, 2012"
Tom Malleson,https://orcid.org/0000-0003-3708-7907,https://openalex.org/A5082067850,,,,,"2025, 2024, 2023, 2022, 2021, 2020, 2018, 2017, 2016, 2015"
C. L. Johnson,,https://openalex.org/A5089499735,,,,,"2024, 2017, 2012, 2011, 2010, 2009, 2007, 2004, 2001"
Ziad Solh,https://orcid.org/0000-0002-1518-1831,https://openalex.org/A5009969222,,,,,"2024, 2022, 2021, 2020, 2019, 2018"
Bryna Warshawsky,https://orcid.org/0000-0001-9870-1531,https://openalex.org/A5016498505,,,,,"2025, 2024, 2023, 2021, 2020, 2019, 2018, 2017, 2009, 2000"
Tongtong Yan,https://orcid.org/0000-0002-3757-0889,https://openalex.org/A5017840210,,,,,2024
Kait F. Al,https://orcid.org/0000-0002-5905-6581,https://openalex.org/A5019318821,,,,,"2025, 2024, 2023, 2022, 2021, 2020, 2019, 2017"
Amanda M. Hamilton,https://orcid.org/0000-0002-2960-9771,https://openalex.org/A5032516524,,,,,"2024, 2021, 2020, 2019, 2018, 2016, 2015, 2013, 2011, 2010"
Sarah E.K. Smith,https://orcid.org/0000-0002-3405-0079,https://openalex.org/A5037696763,http://www.scopus.com/inward/authorDetails.url?authorID=56134297900&partnerID=MN8TOARS,,,,"2025, 2023"
Philip Mills Jones,https://orcid.org/0000-0002-2511-4608,https://openalex.org/A5057225301,,,,,"2025, 2018, 2015"
Verena R. Juncal,,https://openalex.org/A5075828982,,,,,"2025, 2024, 2023, 2022"
Perry D. Klein,https://orcid.org/0000-0001-6740-4737,https://openalex.org/A5079742279,,,,,"2024, 2022, 2021, 2019, 2017, 2016, 2015, 2014, 2011, 2010"
Sara Kuruvilla,,https://openalex.org/A5109545071,,,,,"2025, 2024, 2022, 2021, 2020, 2019, 2018, 2015, 2014, 2013"
S. Renaud,,https://openalex.org/A5111304004,,,,,2024
Raja W. Abdul‐Karim,,https://openalex.org/A5111734451,,,,,2024
Tanya Charyk Stewart,,https://openalex.org/A5112769066,,,,,"2024, 2023, 2022, 2021, 2020, 2018, 2016, 2015, 2014, 2013"
Oana Birceanu,https://orcid.org/0000-0002-3345-8769,https://openalex.org/A5003273858,http://www.scopus.com/inward/authorDetails.url?authorID=24758063100&partnerID=MN8TOARS,,,,"2025, 2024, 2023, 2022, 2021"
Ana Elisa Lohmann,https://orcid.org/0000-0003-0669-2389,https://openalex.org/A5003825543,,,,,"2025, 2024, 2023, 2022, 2021, 2020"
Pejman Habibie,https://orcid.org/0000-0003-2702-7759,https://openalex.org/A5007128197,,,,,"2025, 2024, 2023, 2022, 2021, 2018, 2016, 2015, 2014"
Jason Bertram,https://orcid.org/0000-0001-5374-6912,https://openalex.org/A5011867234,,,,,"2025, 2023, 2022"
David B. Haniford,,https://openalex.org/A5016460834,,,,,"2024, 2019, 2017, 2016, 2015, 2014, 2013, 2012, 2011, 2010"
Susan M. Hunter,https://orcid.org/0000-0001-8844-6848,https://openalex.org/A5019267430,,,,,"2025, 2022, 2021, 2018"
Neil Gelman,,https://openalex.org/A5029743775,,,,,"2025, 2024, 2023, 2022, 2019, 2018, 2016, 2015, 2014, 2012"
Eunice Y. S. Chan,https://orcid.org/0000-0002-7506-6966,https://openalex.org/A5037569052,,,,,"2024, 2023, 2022, 2021, 2020, 2018, 2017"
Tommy Lik Hang Chan,https://orcid.org/0000-0003-0252-7757,https://openalex.org/A5040114634,,,,,"2024, 2023, 2022, 2021, 2020, 2019, 2018, 2017"
Ropo Ebenezer Ogunsakin,https://orcid.org/0000-0003-3853-3382,https://openalex.org/A5041948298,,,,,"2025, 2024"
Ana Cabrera,https://orcid.org/0000-0003-2246-3471,https://openalex.org/A5044724847,,,,,"2025, 2024, 2023, 2022, 2021, 2019"
Rebecca Rodrigues,https://orcid.org/0000-0001-7120-6071,https://openalex.org/A5047396434,,,,,"2025, 2024, 2023, 2022, 2021, 2020, 2019, 2018, 2017, 2016"
Laura Brunton,https://orcid.org/0000-0002-0890-7040,https://openalex.org/A5050212729,http://www.scopus.com/inward/authorDetails.url?authorID=34976303500&partnerID=MN8TOARS,,,,"2025, 2024, 2023, 2022, 2021, 2020, 2019, 2018, 2015, 2013"
Richard J. Moll,https://orcid.org/0000-0002-8288-6305,https://openalex.org/A5053762648,,,,,"2025, 2022, 2021, 2020, 2018, 2017, 2014, 2013, 2009"
Saurav Verma,https://orcid.org/0000-0002-8841-9820,https://openalex.org/A5064332332,,,,,"2025, 2024, 2023"
Jean M. Macklaim,,https://openalex.org/A5065283682,,,,,"2025, 2024, 2019, 2018, 2017, 2015, 2014, 2013, 2012, 2011"
Paul Tarc,https://orcid.org/0000-0001-8526-343X,https://openalex.org/A5085595520,,,,,"2024, 2023, 2022, 2021, 2020, 2019, 2018, 2017, 2016, 2014"
Maryam Nabavi Nouri,https://orcid.org/0000-0001-6317-4890,https://openalex.org/A5088697266,http://www.scopus.com/inward/authorDetails.url?authorID=57218577978&partnerID=MN8TOARS,,,,"2025, 2024, 2023, 2022, 2021, 2020"
Chris Watling,,https://openalex.org/A5111653427,,,,,"2024, 2023, 2022, 2021, 2020, 2019, 2018, 2017, 2016, 2015"
Don Kerr,https://orcid.org/0009-0001-9145-3114,https://openalex.org/A5011343331,,,,,"2024, 2021, 2020, 2019, 2017, 2015, 2014, 2011, 2010, 2007"
Michael J. Knauer,https://orcid.org/0000-0002-2240-4730,https://openalex.org/A5012520211,http://www.scopus.com/inward/authorDetails.url?authorID=36891521800&partnerID=MN8TOARS,,,,"2025, 2024, 2023, 2022, 2021, 2020, 2019, 2017, 2014, 2013"
Jenny Ho,https://orcid.org/0009-0002-8969-2893,https://openalex.org/A5014738261,,,,,"2025, 2024, 2023, 2022, 2021, 2020"
C. Susana Caxaj,https://orcid.org/0000-0002-5393-6406,https://openalex.org/A5024677463,,,,,"2024, 2023, 2022, 2021, 2020, 2019, 2012, 2010"
Christopher Liang,https://orcid.org/0000-0001-9081-294X,https://openalex.org/A5028697498,,,,,2025
Ehsan Binaeian,https://orcid.org/0000-0002-8742-0598,https://openalex.org/A5034754375,,,,,"2024, 2023"
J. Alexander Fraser,https://orcid.org/0000-0001-5484-6501,https://openalex.org/A5051413198,,,,,"2025, 2024, 2023, 2021, 2020, 2018, 2017, 2016, 2015, 2014"
Jury Gualandris,https://orcid.org/0000-0003-4866-7050,https://openalex.org/A5056207297,http://www.scopus.com/inward/authorDetails.url?authorID=55776724000&partnerID=MN8TOARS,,,,"2024, 2023, 2022, 2021, 2020, 2018, 2017"
Geraint Harvey,https://orcid.org/0000-0001-8442-7527,https://openalex.org/A5058064919,,,,,"2025, 2024, 2023, 2020, 1987, 1982"
Martha Dagnew,https://orcid.org/0000-0002-7998-1096,https://openalex.org/A5061264584,,,,,"2024, 2023, 2022, 2020, 2019"
Axel Noblet,https://orcid.org/0000-0002-9687-1585,https://openalex.org/A5068482441,,,,,"2025, 2024, 2023, 2022"
Lisa Schielicke,https://orcid.org/0000-0001-9083-4591,https://openalex.org/A5070012488,,,,,"2025, 2024"
Anthony Sebba,,https://openalex.org/A5071934885,,,,,2024
Mostafa Milani,https://orcid.org/0000-0002-3386-7079,https://openalex.org/A5072207353,,,,,"2024, 2023, 2022, 2021, 2020"
Goli Rezai-Rashti,https://orcid.org/0000-0003-2931-2385,https://openalex.org/A5072947631,,,,,"2024, 2022, 2021, 2020, 2017, 2016, 2015, 2013, 2011, 2010"
Emilie Jaune,https://orcid.org/0000-0002-5787-0803,https://openalex.org/A5085216597,,,,,"2024, 2023, 2022"
Latifeh Ahmadi,https://orcid.org/0000-0001-9164-5055,https://openalex.org/A5088179413,,,,,"2025, 2023, 2019, 2018, 2017, 2016, 2015"
David S. Li,https://orcid.org/0000-0003-4323-9321,https://openalex.org/A5102927580,,,,,2025
Lynda McCaig,,https://openalex.org/A5110558516,,,,,"2024, 2023, 2022, 2021, 2020, 2018, 2016, 2013, 2012, 2010"
Tayyab Khan,https://orcid.org/0000-0002-1713-8781,https://openalex.org/A5113956166,,,,,"2025, 2024, 2023, 2022, 2021, 2020, 2015"
Jamie L. Fleet,https://orcid.org/0000-0002-9468-0697,https://openalex.org/A5000432740,,,,,"2025, 2024, 2023, 2021, 2020, 2019, 2016, 2015, 2014, 2013"
Leena N. Shoemaker,https://orcid.org/0000-0003-3924-0717,https://openalex.org/A5003555300,,,,,"2025, 2024, 2023, 2022, 2021, 2018, 2017"
Lisa Cameron,https://orcid.org/0000-0002-2108-8414,https://openalex.org/A5004694787,,,,,"2024, 2023, 2022, 2021, 2020, 2019, 2018, 2017, 2016, 2015"
Fenbao Zhang,,https://openalex.org/A5005198701,,,,,"2024, 2017, 2011, 2007, 2006, 2005, 2004"
Alexandria Ratzki‐Leewing,https://orcid.org/0000-0002-9474-7900,https://openalex.org/A5006856960,,,,,"2025, 2024, 2023, 2022, 2021, 2020, 2019, 2018"
Hatim Fakir,https://orcid.org/0000-0003-1058-4364,https://openalex.org/A5007414043,,,,,"2025, 2024, 2022, 2021, 2018, 2012"
Uday Deotare,https://orcid.org/0000-0001-9391-4204,https://openalex.org/A5020992549,,,,,"2025, 2024, 2023, 2022, 2021, 2020, 2019"
Nail Kashaev,https://orcid.org/0000-0002-2326-7352,https://openalex.org/A5031170473,,,,,"2024, 2023, 2022, 2021, 2020, 2019, 2018, 2017, 2016"
Daniel D. Palmer,https://orcid.org/0000-0002-3419-8647,https://openalex.org/A5040517337,,,,,"2025, 2024, 2022, 2021, 2019, 2018, 2012"
Melody Viczko,https://orcid.org/0000-0002-7113-9224,https://openalex.org/A5054617485,,,,,"2025, 2024, 2023, 2022, 2021, 2019, 2016, 2015, 2014"
Timothy P. Carey,,https://openalex.org/A5061674775,,,,,"2025, 2024, 2021, 2019, 2016, 2012, 2000, 1996"
Peter Wang,https://orcid.org/0000-0002-9533-5748,https://openalex.org/A5065909802,,,,,"2025, 2024, 2023, 2022, 2021, 2020, 2019, 2018"
Noha Gomaa,https://orcid.org/0000-0002-7351-9036,https://openalex.org/A5066433600,,,,,"2025, 2024, 2023, 2022, 2021, 2020"
Jennifer L. Robertson,https://orcid.org/0000-0001-9402-9629,https://openalex.org/A5068013594,,,,,"2025, 2023, 2022, 2020, 2019, 2018, 2017, 2014, 2013"
Jeffrey D. Henderson,https://orcid.org/0000-0001-7415-756X,https://openalex.org/A5073531656,http://www.scopus.com/inward/authorDetails.url?authorID=56849835300&partnerID=MN8TOARS,,,,"2025, 2024, 2023, 2022, 2021, 2020, 2019, 2018, 2017, 2016"
Andrew Simpson,https://orcid.org/0000-0002-9704-3263,https://openalex.org/A5090626475,,,,,"2024, 2023, 2022, 2021, 2020"
Yoko Yoshida,https://orcid.org/0000-0001-8202-6068,https://openalex.org/A5101677091,,,,,"2024, 2022"
Xiaoyun Xu,https://orcid.org/0000-0002-9470-0299,https://openalex.org/A5101824179,,,,,"2025, 2021, 2009"
Stephen Lownie,,https://openalex.org/A5104055984,,,,,"2024, 2015, 2010, 2005, 2001, 2000"
Sean P. Cregan,,https://openalex.org/A5108565071,,,,,"2025, 2024, 2020, 2019, 2018, 2017, 2015, 2014, 2013, 2012"
Janine R. Hutson,,https://openalex.org/A5112074058,,,,,"2025, 2023, 2022, 2021, 2020"
Tatiana Nevskaya,,https://openalex.org/A5002867301,,,,,"2025, 2024, 2023, 2022, 2021, 2020, 2019, 2018, 2016"
Jennifer C. D. MacGregor,https://orcid.org/0000-0001-5908-9108,https://openalex.org/A5008903733,,,,,"2025, 2024, 2023, 2022, 2021, 2020, 2019, 2018, 2017, 2016"
Jennifer Lam,https://orcid.org/0000-0003-2431-0858,https://openalex.org/A5014263854,,,,,"2025, 2024, 2023, 2020, 2016, 2015"
Barbara Astle,https://orcid.org/0000-0003-1257-2615,https://openalex.org/A5015597283,,,,,"2024, 2023, 2022, 2021, 2020, 2019, 2018, 2017, 2016, 2014"
Robert MacDougall,https://orcid.org/0000-0002-3362-5942,https://openalex.org/A5025943568,,,,,"2024, 2019, 2015, 2014, 2010, 2006, 2005"
L Mcdonald,https://orcid.org/0009-0009-1546-9307,https://openalex.org/A5026367050,,,,,2025
E. Mark Hanson,https://orcid.org/0000-0002-0221-2512,https://openalex.org/A5029015067,http://www.scopus.com/inward/authorDetails.url?authorID=55764852700&partnerID=MN8TOARS,,,,2024
Tamara Spaic,https://orcid.org/0000-0002-7161-1752,https://openalex.org/A5032122546,,,,,"2025, 2024, 2023, 2021, 2020, 2019, 2017, 2016, 2013"
Susan Webster-Bogaert,https://orcid.org/0000-0001-9938-7492,https://openalex.org/A5039659238,,,,,"2024, 2022, 2021, 2020, 2019, 2017, 2015, 2014, 2013, 2008"
Dan Shrubsole,,https://openalex.org/A5041836856,,,,,"2024, 2022, 2021, 2019, 2018, 2016, 2015, 2014, 2013, 2007"
Kristen I. Barton,https://orcid.org/0000-0002-5143-7822,https://openalex.org/A5047630131,,,,,"2025, 2024, 2023, 2020"
Melfort Boulton,https://orcid.org/0000-0001-7246-4531,https://openalex.org/A5049015693,,,,,"2025, 2024, 2022, 2021, 2019, 2017, 2015, 2014"
Jin Wang,https://orcid.org/0000-0001-9536-6432,https://openalex.org/A5072315434,http://www.scopus.com/inward/authorDetails.url?authorID=55955851900&partnerID=MN8TOARS,,,,"2024, 2021, 2020"
J. Alex Hammond,,https://openalex.org/A5112199459,,,,,"2025, 2024, 2022, 2021, 2019, 2018, 2016, 2015, 2013, 2011"
Ahmed Hegazy,https://orcid.org/0000-0001-9998-8968,https://openalex.org/A5001195659,,,,,"2025, 2024, 2023, 2022, 2021, 2020, 2019, 2018, 2017, 2015"
Roberto A. Gulli,https://orcid.org/0000-0001-5983-0672,https://openalex.org/A5003983580,,,,,"2025, 2024, 2020, 2019, 2018, 2017, 2016"
Lisa Shepherd,https://orcid.org/0000-0001-9551-4546,https://openalex.org/A5020477407,,,,,"2025, 2023, 2022, 2021, 2020, 2019, 2018, 2016"
J. Sebastiaan Souer,https://orcid.org/0000-0002-8953-8098,https://openalex.org/A5031413701,,,,,2024
Kaitlin M. Zaki-Metias,https://orcid.org/0000-0003-0098-2422,https://openalex.org/A5044853364,,,,,"2025, 2024"
Stephen Pautler,,https://openalex.org/A5048665338,,,,,"2025, 2018, 2017, 2015, 2014, 2013"
Janett Prehl,https://orcid.org/0000-0002-8463-4611,https://openalex.org/A5052033297,http://www.scopus.com/inward/authorDetails.url?authorID=22954060700&partnerID=MN8TOARS,,,,2025
Laura Stephenson,,https://openalex.org/A5055901329,,,,,"2025, 2021"
Craig Campbell,https://orcid.org/0000-0001-9339-3410,https://openalex.org/A5056346347,,,,,"2025, 2020, 2013"
Shelley K. Taylor,https://orcid.org/0000-0001-9387-0424,https://openalex.org/A5058248560,,,,,"2024, 2023, 2022, 2021, 2018, 2015, 2014, 2013, 2012, 2011"
Ravi Taneja,https://orcid.org/0000-0002-5361-9208,https://openalex.org/A5058478113,,,,,"2025, 2021, 2020, 2018, 2015, 2014, 2013, 2011, 2010, 2009"
Eric H. Ball,https://orcid.org/0000-0003-2542-9156,https://openalex.org/A5059246968,,,,,"2024, 2022, 2011, 2003, 2001, 2000, 1997, 1995, 1994, 1991"
Roberto C. Budzinski,https://orcid.org/0000-0002-5189-2059,https://openalex.org/A5063353998,http://www.scopus.com/inward/authorDetails.url?authorID=57195321526&partnerID=MN8TOARS,,,,"2025, 2024, 2023, 2022, 2021"
Tim Noblet,https://orcid.org/0000-0002-7032-9966,https://openalex.org/A5076410748,,,,,"2025, 2024, 2023"
George Nakhla,,https://openalex.org/A5076631929,,,,,"2024, 2023, 2022, 2021, 2014, 2012, 2009, 2006, 2002"
Chadron M. Friesen,https://orcid.org/0000-0001-9955-5695,https://openalex.org/A5077643655,,,,,"2025, 2024, 2022, 2021, 2020, 2019, 2018, 2015, 2014, 2012"
Hugo G. Castelán‐Sánchez,https://orcid.org/0000-0002-4763-0267,https://openalex.org/A5083697243,http://www.scopus.com/inward/authorDetails.url?authorID=57194466574&partnerID=MN8TOARS,,,,"2025, 2024"
Caroline O’Neil,,https://openalex.org/A5084367723,,,,,"2024, 2023, 2022, 2021, 2020, 2019, 2018, 2017, 2016, 2015"
Wuyou Sui,https://orcid.org/0000-0002-2171-7989,https://openalex.org/A5084488094,,,,,"2025, 2024, 2023, 2022, 2021, 2020, 2019, 2018, 2017"
Emma A. Bateman,https://orcid.org/0000-0002-5069-3058,https://openalex.org/A5090908867,http://www.scopus.com/inward/authorDetails.url?authorID=57190965601&partnerID=MN8TOARS,,,,"2025, 2024, 2023, 2022, 2021, 2020, 2019, 2018, 2016"
Anand Prakash,https://orcid.org/0000-0001-5384-0108,https://openalex.org/A5100695612,,,,,"2025, 2024, 2023, 2021, 2020, 2019, 2018, 2017, 2013, 2011"
Chao Lu,https://orcid.org/0000-0002-7858-7927,https://openalex.org/A5102006752,,,,,"2025, 2024, 2023, 2022, 2021, 2020"
Jie Mei,https://orcid.org/0000-0002-2834-8346,https://openalex.org/A5005471471,,,,,"2024, 2023, 2022, 2021, 2020, 2018"
Douglas C. Ross,https://orcid.org/0000-0001-9535-7464,https://openalex.org/A5019840592,,,,,"2025, 2024, 2023, 2022, 2021, 2020, 2019, 2018, 2016, 2015"
Derrick J. Neufeld,https://orcid.org/0000-0002-5455-0687,https://openalex.org/A5025735796,,,,,"2025, 2023, 2021, 2017, 2015, 2012, 2011, 2010, 2009, 2008"
Julie Genereaux,,https://openalex.org/A5026215636,,,,,"2024, 2023, 2022, 2021, 2020, 2019, 2018, 2017, 2016, 2013"
Kevin G. Young,https://orcid.org/0000-0002-9950-7068,https://openalex.org/A5032625926,,,,,"2025, 2024, 2023, 2022, 2021, 2020"
Scott J Dos Santos,https://orcid.org/0000-0001-7793-3501,https://openalex.org/A5033714353,http://www.scopus.com/inward/authorDetails.url?authorID=56216019100&partnerID=MN8TOARS,,,,2024
Kamini Vasudev,https://orcid.org/0000-0002-1832-0008,https://openalex.org/A5039513115,,,,,"2025, 2023, 2020, 2018, 2017, 2016, 2015, 2014, 2013, 2012"
Abbas Jessani,https://orcid.org/0000-0001-7728-2067,https://openalex.org/A5039840511,,,,,"2025, 2024, 2023, 2022, 2021, 2020"
Meredith A. Borman,https://orcid.org/0000-0003-3376-7200,https://openalex.org/A5047845653,,,,,2025
Juan Glinka,https://orcid.org/0000-0003-4373-965X,https://openalex.org/A5049133758,,,,,"2024, 2023, 2022, 2021"
Charles Z. Zheng,https://orcid.org/0000-0001-8900-9471,https://openalex.org/A5053494356,,,,,"2024, 2022, 2019, 2018, 2016, 2014, 2012, 2006"
Scott Connors,https://orcid.org/0000-0002-9076-9221,https://openalex.org/A5054293220,,,,,"2024, 2021, 2020"
Khadry Galil,,https://openalex.org/A5063541493,,,,,"2024, 2023, 2020, 2019, 2018, 2017, 2016, 2015, 2014, 2013"
Sarah McLean,https://orcid.org/0000-0001-8521-8591,https://openalex.org/A5066751894,,,,,"2025, 2023, 2022, 2021, 2020, 2018, 2016, 2014, 2013, 2012"
Stephen D. Barr,https://orcid.org/0000-0002-0028-7430,https://openalex.org/A5076797875,,,,,"2025, 2023, 2022, 2021, 2020, 2019, 2018, 2017, 2014, 2012"
W. Glenn Rowe,https://orcid.org/0000-0001-5086-7348,https://openalex.org/A5082863242,,,,,"2025, 2021, 2020, 2018, 2016, 2014, 2013, 2012, 2011, 2010"
Ryan Davey,https://orcid.org/0000-0001-7203-8209,https://openalex.org/A5086953073,,,,,"2024, 2023, 2021, 2020, 2018, 2017"
Jane Seeley,https://orcid.org/0000-0002-8111-9358,https://openalex.org/A5103117415,,,,,"2025, 2024, 2021, 2020, 2019, 2018, 2017, 2016, 2015, 2014"
Xiaohong Tracey Gan,,https://openalex.org/A5111973512,,,,,"2024, 2023, 2020, 2018, 2016, 2015, 2014, 2013, 2012, 2011"
Michael Godfrey,https://orcid.org/0000-0002-0166-9510,https://openalex.org/A5001587307,,,,,2025
Danielle Johnston,https://orcid.org/0000-0001-7491-1518,https://openalex.org/A5011542293,,,,,"2025, 2024, 2023, 2022, 2021, 2020, 2019, 2018, 2008, 2006"
Nicole Neil,https://orcid.org/0000-0001-5906-3880,https://openalex.org/A5014605868,http://www.scopus.com/inward/authorDetails.url?authorID=56003010600&partnerID=MN8TOARS,,,,"2024, 2022, 2021, 2020, 2019, 2018"
Andrea Daley,https://orcid.org/0000-0002-7136-064X,https://openalex.org/A5022048388,,,,,2024
Ali Khadir,https://orcid.org/0000-0002-8535-5024,https://openalex.org/A5023127489,,,,,"2024, 2022"
Stephanie L. Baird,https://orcid.org/0000-0002-5979-2300,https://openalex.org/A5023561553,,,,,"2024, 2023, 2022, 2021, 2020, 2019"
Amir H. Karimi,https://orcid.org/0000-0003-3560-9433,https://openalex.org/A5023634466,,,,,2025
Jeffrey Weiler,https://orcid.org/0000-0002-4756-7624,https://openalex.org/A5035350092,,,,,"2024, 2022, 2021, 2020, 2019, 2018, 2017, 2016, 2015, 2014"
Marie‐Eve LeBel,https://orcid.org/0000-0001-6122-679X,https://openalex.org/A5036835191,,,,,"2025, 2023, 2022, 2021, 2020, 2018, 2017, 2016, 2015, 2014"
Angela Mendelovici,https://orcid.org/0000-0002-5496-0141,https://openalex.org/A5039376483,,,,,"2025, 2024, 2023, 2022, 2021, 2020, 2019, 2018, 2016, 2014"
Neil Merritt,https://orcid.org/0000-0003-1310-6114,https://openalex.org/A5046882349,,,,,"2025, 2022, 2020, 2019, 2018, 2017, 2016, 2015, 2014, 2013"
Mehdi Mohebbi‐Fani,https://orcid.org/0000-0002-7726-1255,https://openalex.org/A5048738280,http://www.scopus.com/inward/authorDetails.url?authorID=56338243000&partnerID=MN8TOARS,,,,2025
Sami Çoksan,https://orcid.org/0000-0003-2942-1506,https://openalex.org/A5054938659,,,,,"2025, 2024, 2023"
Jane C. Lin,https://orcid.org/0000-0001-6290-1494,https://openalex.org/A5057804797,,,,,2025
Deanna C. Friesen,https://orcid.org/0000-0002-1510-6102,https://openalex.org/A5058825751,,,,,"2024, 2023, 2022, 2021, 2019, 2018, 2014, 2011, 2010, 2007"
Colleen O’Connor,https://orcid.org/0009-0000-0208-8139,https://openalex.org/A5059259910,,,,,"2025, 2022, 2021, 2020, 2019, 2018, 2016"
Russell J. Duvernoy,https://orcid.org/0000-0001-5512-1238,https://openalex.org/A5063733123,,,,,"2025, 2022, 2021"
Matthew D. Berg,https://orcid.org/0000-0002-7924-9241,https://openalex.org/A5086149558,,,,,"2024, 2022, 2021, 2020, 2019, 2018, 2017, 2016"
Xu Wang,https://orcid.org/0000-0002-5024-6805,https://openalex.org/A5100407877,,,,,"2025, 2016"
Juan Manuel Garrido Díaz,https://orcid.org/0000-0003-4652-4152,https://openalex.org/A5101588363,,,,,"2024, 2023"
Peter C. Lightfoot,https://orcid.org/0000-0003-3940-8946,https://openalex.org/A5103009056,,,,,"2024, 2023, 2022, 2021, 2020, 2019, 2018, 2016"
Fadi Hage,https://orcid.org/0000-0002-1870-0123,https://openalex.org/A5103153877,,,,,"2025, 2024, 2022, 2021, 2020, 2019"
Timothy J. Bussey,https://orcid.org/0000-0002-3180-3709,https://openalex.org/A5103252266,,,,,"2025, 2024, 2023, 2022, 2021, 2020, 2019, 2018"
Jane H.-C. Lin,,https://openalex.org/A5111452099,,,,,"2024, 1998"
B G Feagan,,https://openalex.org/A5112892742,,,,,"2025, 2024, 2023, 2022, 2021, 2020, 2018, 2015, 2014, 2012"
Mariamma Joseph,,https://openalex.org/A5113439136,,,,,"2024, 2022, 2021, 2020, 2019, 2018, 2017, 2016, 2015, 2013"
Barbara Fenesi,https://orcid.org/0000-0003-2670-4551,https://openalex.org/A5000981251,,,,,"2025, 2024, 2023, 2022, 2021, 2020, 2019"
Jacob Shelley,https://orcid.org/0000-0003-2432-9874,https://openalex.org/A5007111141,,,,,"2025, 2024, 2023, 2022, 2021, 2020, 2019, 2018, 2017"
Tomomichi Oya,https://orcid.org/0000-0003-1233-6356,https://openalex.org/A5010051616,,,,,"2025, 2024, 2023, 2022"
Adebowale I. Adebiyi,https://orcid.org/0000-0003-4229-5065,https://openalex.org/A5012619058,http://www.scopus.com/inward/authorDetails.url?authorID=57200276336&partnerID=MN8TOARS,,,,2024
Kamila Premji,https://orcid.org/0000-0001-7992-3323,https://openalex.org/A5019269117,,,,,"2025, 2024, 2023, 2022, 2021, 2019, 2018, 2017, 2005"
Herman Sehmbi,https://orcid.org/0000-0002-3558-8962,https://openalex.org/A5019776029,,,,,"2024, 2023, 2022, 2021, 2020, 2019, 2017"
Alessia Romani,https://orcid.org/0000-0001-8602-0974,https://openalex.org/A5020923722,http://www.scopus.com/inward/authorDetails.url?authorID=57218687288&partnerID=MN8TOARS,,,,"2025, 2024, 2023"
Robert W. Buchkowski,https://orcid.org/0000-0001-6381-8609,https://openalex.org/A5042399707,,,,,"2025, 2024, 2023, 2022, 2021, 2020"
Minsi Li,https://orcid.org/0009-0003-5771-4557,https://openalex.org/A5043896567,,,,,"2024, 2023, 2022, 2021, 2020, 2019, 2018, 2017"
Amanda J. Berberich,https://orcid.org/0000-0002-9461-9036,https://openalex.org/A5045385684,,,,,"2024, 2023, 2022, 2021, 2020, 2019, 2018, 2017"
Natasha Mhatre,https://orcid.org/0000-0002-3618-306X,https://openalex.org/A5049592416,http://www.scopus.com/inward/authorDetails.url?authorID=15045209800&partnerID=MN8TOARS,,,,"2024, 2023, 2022, 2021, 2020, 2019, 2018"
Daniel Amoak,https://orcid.org/0000-0002-3879-7233,https://openalex.org/A5051824749,,,,,"2025, 2024, 2023, 2022, 2021"
Brianne A. Bruijns,https://orcid.org/0000-0003-0110-1674,https://openalex.org/A5052202158,,,,,"2025, 2024, 2023, 2022, 2021, 2020, 2019, 2018"
Sondos Zayed,https://orcid.org/0000-0002-3525-7469,https://openalex.org/A5052241197,,,,,"2025, 2022, 2021, 2019"
Luo Yu,https://orcid.org/0000-0001-8586-5887,https://openalex.org/A5053754639,,,,,2025
H.K. Kooner,https://orcid.org/0000-0003-4040-4977,https://openalex.org/A5056001460,,,,,"2025, 2024, 2023, 2022, 2021"
Kevin Bax,https://orcid.org/0000-0002-5775-2356,https://openalex.org/A5058329093,,,,,"2024, 2023, 2021, 2020, 2019, 2018, 2017, 2015, 2014"
Nandita Biswas Mellamphy,https://orcid.org/0000-0002-3576-1841,https://openalex.org/A5066003047,,,,,"2024, 2023, 2022, 2021, 2020, 2016, 2015, 2013, 2012, 2011"
Karin Schwerdtner,,https://openalex.org/A5069131108,,,,,"2024, 2022, 2021, 2020, 2019, 2018, 2014, 2013, 2007"
Eric Johlin,https://orcid.org/0000-0002-2463-6252,https://openalex.org/A5075233227,http://www.scopus.com/inward/authorDetails.url?authorID=55053538300&partnerID=MN8TOARS,,,,"2025, 2024, 2022, 2021, 2019, 2018"
Jarosław Leszczyszyn,https://orcid.org/0000-0001-9134-2070,https://openalex.org/A5077779248,,,,,2024
Ashrafur Rahman,https://orcid.org/0000-0001-5846-7138,https://openalex.org/A5080323534,,,,,"2024, 2022, 2021, 2019, 2018, 2016, 2015, 2014, 2011"
Alan Chalil,https://orcid.org/0000-0002-7840-6591,https://openalex.org/A5087529082,,,,,"2025, 2024, 2023, 2022, 2021, 2020"
Joy Dunmore‐Buyze,,https://openalex.org/A5088644805,,,,,"2024, 2023, 2018, 2013, 2012, 2005, 2001, 2000, 1999, 1997"
Melissa Adler,https://orcid.org/0000-0002-2867-4600,https://openalex.org/A5090974834,http://www.scopus.com/inward/authorDetails.url?authorID=35217499500&partnerID=MN8TOARS,,,,"2024, 2023, 2022"
Ahmed Abbas,https://orcid.org/0000-0001-5107-5924,https://openalex.org/A5100617336,,,,,"2024, 2018, 2016"
Dimitrios Michael Manias,https://orcid.org/0000-0003-4390-3093,https://openalex.org/A5003885484,,,,,"2025, 2024, 2023, 2022, 2021, 2020, 2019"
April Price,https://orcid.org/0000-0001-7994-8715,https://openalex.org/A5004715603,,,,,"2024, 2023, 2021, 2020, 2019, 2016, 2015, 2014, 2013, 2007"
Wendy E. Ellis,https://orcid.org/0000-0002-5323-640X,https://openalex.org/A5005979074,,,,,"2025, 2022, 2021, 2020, 2018, 2017, 2016, 2014, 2012, 2011"
Joanna C. Walsh,https://orcid.org/0000-0002-5435-5646,https://openalex.org/A5012787059,,,,,"2025, 2024, 2023, 2022, 2021, 2020, 2019, 2018, 2017, 2016"
Roderick E. White,https://orcid.org/0000-0001-5288-8257,https://openalex.org/A5014356752,,,,,"2025, 2021, 2020, 2015, 2014, 2011, 2009, 2008, 2007, 2006"
Cristiana Iosef,https://orcid.org/0000-0002-0535-8605,https://openalex.org/A5017972167,,,,,"2024, 2022, 2014, 2010, 2008, 2007, 2006, 2005, 2003"
Kevin Armstrong,,https://openalex.org/A5022936693,,,,,"2025, 2020"
Lloy Wylie,https://orcid.org/0000-0001-6571-4045,https://openalex.org/A5023319739,,,,,"2025, 2024, 2023, 2022, 2021, 2020, 2019, 2018, 2016"
Courtney Voss,https://orcid.org/0000-0002-9460-9866,https://openalex.org/A5025074515,,,,,"2024, 2023, 2022, 2021, 2020, 2019, 2018, 2017, 2016, 2015"
Heather Hill,https://orcid.org/0000-0001-7698-3662,https://openalex.org/A5026987474,,,,,"2024, 2023, 2022, 2021, 2020, 2019, 2017, 2015, 2014, 2013"
Charles Yin,https://orcid.org/0000-0003-0322-5240,https://openalex.org/A5030960342,,,,,"2025, 2021, 2020, 2019, 2018, 2017, 2016, 2015"
Morgan L. Gustison,https://orcid.org/0000-0002-1162-8966,https://openalex.org/A5032077987,,,,,"2024, 2023"
C. J. Callahan,,https://openalex.org/A5032096164,,,,,2025
Enrico Caruso,https://orcid.org/0000-0002-6031-2976,https://openalex.org/A5040642126,,,,,2024
Jonathan R. Adsetts,https://orcid.org/0000-0002-2775-1555,https://openalex.org/A5040812109,,,,,"2025, 2023, 2022, 2021, 2020, 2018, 2017"
Juan Manuel Racosta,https://orcid.org/0000-0003-3637-2829,https://openalex.org/A5041235988,,,,,"2024, 2023, 2022, 2021, 2018, 2017, 2016, 2015, 2014"
Allison R. Bechard,,https://openalex.org/A5041621297,,,,,2024
Allyson N. May,,https://openalex.org/A5045031358,,,,,"2024, 2022, 2018, 2017, 2013, 2005"
Guerman Popov,https://orcid.org/0009-0005-3233-5328,https://openalex.org/A5048030668,,,,,"2024, 2023"
Laila C. Schenkel,https://orcid.org/0000-0002-4980-7484,https://openalex.org/A5052955146,,,,,"2025, 2023, 2022, 2021, 2018, 2017, 2016"
Marco Emanuele,https://orcid.org/0000-0002-4263-7566,https://openalex.org/A5063731194,,,,,"2025, 2023"
Robert C. Cumming,https://orcid.org/0000-0001-6821-7060,https://openalex.org/A5071774128,,,,,"2024, 2023, 2022, 2020, 2019, 2018, 2017, 2016, 2014, 2013"
Naomi B. Klinghoffer,https://orcid.org/0000-0002-2358-1931,https://openalex.org/A5075994360,,,,,"2024, 2023, 2022, 2021, 2020"
Lee-Cyn Ang,,https://openalex.org/A5079562310,,,,,"2024, 2023, 2022, 2021, 2020, 2019, 2018, 2017, 2015, 2014"
Danielle Glista,https://orcid.org/0000-0002-1953-3312,https://openalex.org/A5080538630,,,,,"2025, 2024, 2023, 2022, 2021, 2020, 2019, 2018, 2017, 2014"
Pavan Mandapati,https://orcid.org/0000-0002-3686-4850,https://openalex.org/A5089934431,,,,,"2025, 2024"
B Morrison,https://orcid.org/0000-0003-1648-4495,https://openalex.org/A5003767681,,,,,"2025, 2024, 2023, 2022"
Sarah Singh,https://orcid.org/0000-0002-4595-0021,https://openalex.org/A5005378783,,,,,"2024, 2023, 2021, 2020, 2019, 2018, 2017"
Taciano Rocha,https://orcid.org/0000-0001-6190-1425,https://openalex.org/A5006498684,,,,,"2025, 2024, 2023, 2022, 2021"
Vasudeva Bhat,https://orcid.org/0000-0003-2228-6217,https://openalex.org/A5023600203,,,,,"2025, 2024, 2023, 2022, 2021, 2020"
Kayla M. Fewster,,https://openalex.org/A5024448335,,,,,2025
Cody Trowbridge,,https://openalex.org/A5032955400,,,,,2024
Anurag Bhalla,https://orcid.org/0000-0003-0613-0546,https://openalex.org/A5043239148,,,,,"2025, 2024, 2023, 2022, 2019, 2017"
Michael Silverman,https://orcid.org/0000-0001-8061-6419,https://openalex.org/A5048598581,,,,,"2025, 2024, 2021, 2020, 2019, 2017, 2016"
Maha Saleh,https://orcid.org/0000-0003-0371-8539,https://openalex.org/A5050315399,,,,,"2025, 2024, 2023, 2022, 2021, 2020"
Taylor Brysiewicz,https://orcid.org/0000-0003-4272-5934,https://openalex.org/A5053589483,,,,,"2024, 2023, 2022"
Dozie Okoye,https://orcid.org/0000-0003-0545-1786,https://openalex.org/A5065554072,http://www.scopus.com/inward/authorDetails.url?authorID=54382084900&partnerID=MN8TOARS,,,,2024
Shirley Huang,https://orcid.org/0000-0001-8196-911X,https://openalex.org/A5076116251,,,,,2025
Mark Vandenbosch,,https://openalex.org/A5077566064,,,,,"2024, 2021, 2020, 2018, 2016, 2014, 2013, 2012, 2007, 2001"
Corby Fink,https://orcid.org/0000-0002-6186-879X,https://openalex.org/A5082943682,,,,,"2025, 2024, 2023, 2022, 2021, 2020, 2019, 2018, 2013"
Androu Abdalmalak,https://orcid.org/0000-0003-4765-1858,https://openalex.org/A5086334856,,,,,"2025, 2024, 2023, 2022, 2021, 2020, 2019, 2018, 2017, 2016"
Daniele Wiseman,https://orcid.org/0000-0002-9370-4159,https://openalex.org/A5087160907,,,,,"2024, 2023, 2021, 2020, 2019, 2018, 2017, 2016, 2015, 2014"
Patrick Denice,https://orcid.org/0000-0002-7997-8313,https://openalex.org/A5091372746,,,,,"2024, 2023, 2022, 2021, 2020, 2019, 2018"
Jung Tae Kim,https://orcid.org/0000-0001-9852-0044,https://openalex.org/A5103057160,,,,,"2025, 2024, 2023, 2022"
Michael R. Miller,https://orcid.org/0000-0002-8891-9032,https://openalex.org/A5103819152,,,,,"2025, 2024, 2023, 2022, 2021, 2020, 2019, 2018, 2017"
Lorne Parnes,,https://openalex.org/A5108095369,,,,,"2024, 2022, 2021, 2020, 2019, 2018, 2013, 2010, 2009, 1997"
Mayur Sawant,https://orcid.org/0000-0003-2932-7771,https://openalex.org/A5108642407,,,,,"2024, 2023, 2022"
Linrui Guo,,https://openalex.org/A5109388656,,,,,"2025, 2024, 2022, 2021, 2020, 2019, 2018, 2017, 2016, 2015"
A C Thai,,https://openalex.org/A5110218953,,,,,2025
Shawn Hendrikx,https://orcid.org/0000-0001-7438-9440,https://openalex.org/A5001160523,http://www.scopus.com/inward/authorDetails.url?authorID=57193704975&partnerID=MN8TOARS,,,,"2024, 2023, 2022, 2021, 2020, 2019, 2018, 2017, 2016"
Michael S. Fulton,https://orcid.org/0000-0001-8650-2260,https://openalex.org/A5007020302,,,,,2025
Katja Klein,https://orcid.org/0000-0002-6479-4597,https://openalex.org/A5008200610,,,,,"2025, 2024, 2020, 2018, 2017, 2016, 2015"
Rogelio Luna,https://orcid.org/0000-0003-0711-7562,https://openalex.org/A5008291690,,,,,"2025, 2024, 2023, 2022, 2021, 2020, 2019, 2018"
Oleksa Drachewych,https://orcid.org/0000-0003-3147-7920,https://openalex.org/A5011973605,,,,,"2025, 2024, 2023, 2021, 2019"
Anne F. Simon,https://orcid.org/0000-0002-6509-4541,https://openalex.org/A5016888778,,,,,"2025, 2024, 2023, 2022, 2021, 2020, 2019, 2018, 2017, 2015"
Sandra Smeltzer,,https://openalex.org/A5018136392,,,,,"2024, 2023, 2022, 2021, 2020, 2018, 2017, 2016, 2015, 2014"
Erica Lawson,https://orcid.org/0000-0003-3110-143X,https://openalex.org/A5019881374,,,,,"2025, 2024, 2023, 2022, 2021, 2020, 2018, 2014, 2013, 2012"
Dhandapani Ashok,https://orcid.org/0000-0001-9195-3621,https://openalex.org/A5020565905,,,,,"2025, 2024, 2023, 2021, 2020, 2019, 2018, 2017"
Jafar Mohammadi,https://orcid.org/0000-0002-3520-6418,https://openalex.org/A5037743635,http://www.scopus.com/inward/authorDetails.url?authorID=55935421100&partnerID=MN8TOARS,,,,"2025, 2020, 2019, 2018, 2017"
Alexander I. Aspinall,https://orcid.org/0000-0001-5534-6146,https://openalex.org/A5043704775,,,,,2025
Greg Reid,,https://openalex.org/A5044156631,,,,,"2024, 2021, 2017, 2016, 2014, 2013, 2012, 2009, 2008, 2007"
Gyeongjo Min,https://orcid.org/0000-0002-9788-8506,https://openalex.org/A5048740636,,,,,2025
Firouz Badrkhani Ajaei,https://orcid.org/0000-0002-2635-4128,https://openalex.org/A5051907334,,,,,"2024, 2023, 2022, 2021, 2020, 2019, 2018"
Timothy Wu,https://orcid.org/0000-0001-5296-2023,https://openalex.org/A5053465701,,,,,"2025, 2024"
Ethan Allen,https://orcid.org/0000-0003-2375-3905,https://openalex.org/A5057456803,http://www.scopus.com/inward/authorDetails.url?authorID=35228742300&partnerID=MN8TOARS,,,,"2024, 2023, 2022"
Matthew Valdis,,https://openalex.org/A5066108614,,,,,"2025, 2024, 2023, 2022, 2021, 2020, 2019, 2017, 2016, 2015"
Michele D. Calder,https://orcid.org/0000-0002-7977-5479,https://openalex.org/A5070488433,,,,,"2025, 2022, 2021, 2020, 2019, 2017, 2016, 2013, 2011, 2009"
Sasha Reschechtko,https://orcid.org/0000-0003-1025-4533,https://openalex.org/A5072233683,,,,,"2025, 2024, 2023, 2022, 2021, 2020, 2019"
Anna Gunz,https://orcid.org/0000-0003-2824-2274,https://openalex.org/A5076721467,,,,,"2025, 2024, 2023, 2022, 2021, 2020, 2018, 2016, 2014"
Saleema Allana,https://orcid.org/0000-0002-8052-8299,https://openalex.org/A5081757382,,,,,"2025, 2024, 2023"
Alap Ali Zahid,https://orcid.org/0000-0001-8037-4480,https://openalex.org/A5085515375,http://www.scopus.com/inward/authorDetails.url?authorID=57203782540&partnerID=MN8TOARS,,,,"2025, 2024, 2023, 2022"
Aliyu Lawan,https://orcid.org/0000-0002-5942-7864,https://openalex.org/A5103230624,,,,,"2025, 2024, 2022, 2021, 2020"
Robert Y. McMurtry,,https://openalex.org/A5110051157,,,,,"2024, 2023, 2021, 2020, 2018, 2016, 2015, 2014, 2013, 2010"
Mary Seabrook,,https://openalex.org/A5110173199,,,,,2025
Karim Karimi,,https://openalex.org/A5110463006,,,,,"2025, 2023"
David Tessier,,https://openalex.org/A5002088215,,,,,"2025, 2023"
Sylvia Mitchell,https://orcid.org/0000-0001-8701-6731,https://openalex.org/A5006949202,http://www.scopus.com/inward/authorDetails.url?authorID=7402392514&partnerID=MN8TOARS,,,,2024
Danielle S. Battram,,https://openalex.org/A5010926400,,,,,"2025, 2023, 2022, 2021, 2020, 2019, 2008"
Vera Tai,https://orcid.org/0000-0002-0228-5762,https://openalex.org/A5011080535,,,,,"2024, 2023, 2022, 2021, 2019, 2017"
Jacob M. Reeves,https://orcid.org/0000-0002-3389-355X,https://openalex.org/A5015560152,,,,,"2025, 2024, 2023, 2022, 2021, 2020, 2019, 2018, 2017, 2016"
Rahul Nayak,https://orcid.org/0000-0003-1652-0417,https://openalex.org/A5016451353,http://www.scopus.com/inward/authorDetails.url?authorID=39861857700&partnerID=MN8TOARS,,,,"2025, 2024, 2023, 2022, 2021"
Les Kalman,https://orcid.org/0000-0002-0939-5673,https://openalex.org/A5037932060,,,,,"2025, 2024, 2023, 2022, 2021, 2020, 2019, 2018, 2017, 2015"
Maya Roth,https://orcid.org/0000-0002-3668-6361,https://openalex.org/A5042121669,,,,,"2025, 2024, 2021"
Sophie Pâquet,,https://openalex.org/A5050648100,,,,,2025
Fredrik Ødegaard,https://orcid.org/0000-0002-6013-9480,https://openalex.org/A5052822310,,,,,"2024, 2023, 2022, 2021, 2019, 2018, 2017, 2016, 2015, 2014"
David C. Carter,https://orcid.org/0000-0002-8102-7795,https://openalex.org/A5052903896,,,,,2025
Ivan Stevic,https://orcid.org/0000-0002-4066-216X,https://openalex.org/A5055696031,,,,,"2025, 2024, 2023, 2022, 2021, 2020"
Andrew Firth,https://orcid.org/0000-0002-8502-6204,https://openalex.org/A5070556545,http://www.scopus.com/inward/authorDetails.url?authorID=57193058430&partnerID=MN8TOARS,,,,"2024, 2023, 2022, 2021, 2020, 2019, 2016"
Nicole M. Schneider,https://orcid.org/0000-0002-2723-9690,https://openalex.org/A5071746440,,,,,"2025, 2022, 2021, 2020"
Frank Myslik,https://orcid.org/0000-0002-2471-592X,https://openalex.org/A5079780242,,,,,"2025, 2024, 2023, 2022, 2021, 2020, 2019, 2018, 2017, 2016"
Chai W. Phua,https://orcid.org/0000-0002-3311-9169,https://openalex.org/A5081612424,,,,,"2025, 2024, 2023, 2022, 2021, 2020, 2019, 2018"
Jonathan De Souza,https://orcid.org/0000-0001-9505-7234,https://openalex.org/A5091130345,,,,,"2025, 2024, 2023, 2021, 2020, 2018"
Michael L. Anderson,https://orcid.org/0000-0002-3298-8418,https://openalex.org/A5101423585,,,,,2024
Christopher W Selby Smith,https://orcid.org/0009-0003-1270-809X,https://openalex.org/A5101513770,,,,,"2024, 2022, 2021"
Jeffrey Minuk,,https://openalex.org/A5109163095,,,,,2025
M Vicuña,,https://openalex.org/A5111117409,,,,,2025
Sharon Griffin,,https://openalex.org/A5113557039,,,,,"2025, 2023, 2022, 2020, 2018, 2013, 2012, 2008, 2007, 2005"
Mohamed Adil Shah Khoodoruth,https://orcid.org/0000-0003-3104-7525,https://openalex.org/A5012279793,,,,,"2025, 2024"
Tianqi Xie,https://orcid.org/0000-0003-3706-6583,https://openalex.org/A5016087317,,,,,"2025, 2023, 2022, 2021, 2020, 2019, 2016, 2015"
Rod Duclos,https://orcid.org/0000-0002-5947-8768,https://openalex.org/A5019647277,,,,,"2024, 2021, 2020, 2019"
Brooke A. Kennedy,,https://openalex.org/A5022683383,,,,,"2024, 2021, 2018, 2014, 2011, 2010, 2009, 2008"
Rabindra N. Bhattacharjee,,https://openalex.org/A5022991088,,,,,"2024, 2022, 2021, 2019, 2018, 2014, 2013, 2012, 2010, 2009"
Jae-Hon Lee,https://orcid.org/0000-0002-9490-2050,https://openalex.org/A5026268092,,,,,"2025, 2024, 2023, 2022"
Stephanie Milkovich,https://orcid.org/0009-0002-8813-2085,https://openalex.org/A5028856981,,,,,"2024, 2022, 2021, 2020, 2019, 2018, 2017, 2014, 2012, 2011"
Laszlo Gyenis,https://orcid.org/0000-0003-4689-9480,https://openalex.org/A5029407130,,,,,"2024, 2023, 2022, 2021, 2020, 2019, 2016, 2015, 2014, 2013"
Adian McFarlane,https://orcid.org/0000-0001-6495-6237,https://openalex.org/A5032481371,,,,,"2025, 2024, 2023, 2022, 2021, 2020, 2019, 2018"
Sophie Molloy,,https://openalex.org/A5037586028,,,,,2025
Ruslan Suvorov,https://orcid.org/0000-0003-2736-5205,https://openalex.org/A5042779026,,,,,"2025, 2024, 2023, 2022, 2021"
Sara L. Pearson,,https://openalex.org/A5049212346,,,,,"2025, 2024, 2023, 2021, 2020, 2019, 2018, 2017, 2015"
Michael Mayich,,https://openalex.org/A5053370313,,,,,"2025, 2024, 2023, 2022, 2021, 2020, 2019, 2017"
Sami A. Khoury,https://orcid.org/0000-0002-7174-116X,https://openalex.org/A5057753620,,,,,"2025, 2024"
John Lenehan,https://orcid.org/0000-0002-6225-3973,https://openalex.org/A5058320099,,,,,"2025, 2024, 2023, 2022, 2021, 2020, 2018, 2017, 2015, 2012"
Sarah Shalhoub,https://orcid.org/0000-0001-6988-4367,https://openalex.org/A5060777000,,,,,"2025, 2023, 2022, 2021, 2020, 2019, 2018"
Alireza Akbari,https://orcid.org/0000-0001-7915-3605,https://openalex.org/A5064904285,,,,,"2025, 2024, 2023, 2022, 2021, 2020"
Rookaya Mather,,https://openalex.org/A5065250879,,,,,"2024, 2022, 2020, 2019, 2018, 2017, 2016, 2014, 2012, 2010"
Marina Ybarra,https://orcid.org/0000-0001-7697-2218,https://openalex.org/A5069422412,,,,,"2025, 2024"
Soumitra Tole,https://orcid.org/0000-0001-5804-3116,https://openalex.org/A5079103617,http://www.scopus.com/inward/authorDetails.url?authorID=35390329900&partnerID=MN8TOARS,,,,"2025, 2024, 2023, 2022, 2021, 2020"
Eugène Tuyishime,https://orcid.org/0000-0001-9178-096X,https://openalex.org/A5080593457,,,,,"2025, 2024, 2023"
Debbie Chiodo,https://orcid.org/0000-0002-4179-2871,https://openalex.org/A5082600001,,,,,"2024, 2023, 2022, 2019, 2013, 2012, 2007, 2005, 2004, 2003"
Christine Le,https://orcid.org/0000-0002-6419-4137,https://openalex.org/A5085570502,,,,,"2024, 2021, 2019, 2017"
Junfeng Xiao,https://orcid.org/0000-0003-0760-6972,https://openalex.org/A5088867894,,,,,"2024, 2023, 2022, 2021, 2020, 2019, 2018, 2017"
Adam Bell,https://orcid.org/0000-0003-0214-6866,https://openalex.org/A5101708110,,,,,2024
Lin Zhao,https://orcid.org/0000-0002-1533-8456,https://openalex.org/A5102864993,,,,,"2025, 2024, 2023, 2017"
Marilyn Evans,,https://openalex.org/A5103491472,,,,,"2024, 2023, 2022, 2021, 2020, 2019, 2018, 2017, 2016, 2015"
Andrés Rodrı́guez,,https://openalex.org/A5103716543,,,,,2025
Selay Lam,,https://openalex.org/A5109169016,,,,,"2025, 2023, 2022, 2021, 2020, 2019, 2018, 2015, 2010, 2004"
Mojtaba Sharafkhah,https://orcid.org/0000-0002-5800-2565,https://openalex.org/A5009965696,http://www.scopus.com/inward/authorDetails.url?authorID=56120219500&partnerID=MN8TOARS,,,,2024
Sachin Ranade,https://orcid.org/0000-0002-5150-5776,https://openalex.org/A5010316542,http://www.scopus.com/inward/authorDetails.url?authorID=23390667900&partnerID=MN8TOARS,,,,2024
Matthew Zheng,https://orcid.org/0000-0002-7005-2522,https://openalex.org/A5012313498,http://www.scopus.com/inward/authorDetails.url?authorID=57203914227&partnerID=MN8TOARS,,,,"2025, 2024, 2023, 2022, 2021, 2020, 2019, 2018"
Thin Xuan Vo,https://orcid.org/0000-0002-2131-5701,https://openalex.org/A5016150721,http://www.scopus.com/inward/authorDetails.url?authorID=57203270147&partnerID=MN8TOARS,,,,"2025, 2019, 2014, 2013, 2012"
Paul S. Rowe,https://orcid.org/0000-0002-2630-5879,https://openalex.org/A5020040141,,,,,"2025, 2022, 2020, 2019, 2017, 2014, 2010, 2007"
Olga Trichtchenko,https://orcid.org/0000-0001-6721-7130,https://openalex.org/A5024313031,,,,,"2024, 2022, 2021, 2019, 2018"
Suzanne T. Witt,https://orcid.org/0000-0002-5530-0807,https://openalex.org/A5028309567,http://www.scopus.com/inward/authorDetails.url?authorID=16023695900&partnerID=MN8TOARS,,,,"2024, 2023, 2022, 2021, 2020, 2019"
Koami Soulemane Hayibo,https://orcid.org/0000-0003-1106-2007,https://openalex.org/A5031179823,,,,,"2024, 2023, 2022"
William K. Milne,,https://openalex.org/A5038066360,,,,,"2025, 2024, 2023, 2022, 2021, 2020, 2019, 2018, 2015, 2010"
Marco A.B. Zanoni,https://orcid.org/0000-0001-7682-9016,https://openalex.org/A5039338543,http://www.scopus.com/inward/authorDetails.url?authorID=57194598709&partnerID=MN8TOARS,,,,"2024, 2023, 2022, 2021, 2020, 2019, 2018, 2017, 2016, 2012"
Kathryne Van Hedger,https://orcid.org/0000-0002-3797-3434,https://openalex.org/A5042118896,,,,,"2024, 2023, 2022, 2021, 2020, 2019"
Natalya Karp,https://orcid.org/0000-0002-7847-2273,https://openalex.org/A5055993825,,,,,"2024, 2023, 2022, 2021, 2020, 2019, 2018, 2015"
Armaghan Dabbagh,https://orcid.org/0000-0001-6581-2980,https://openalex.org/A5061464341,,,,,"2025, 2024, 2023, 2022, 2021, 2020"
Seemantini Pathak,https://orcid.org/0000-0003-4225-1724,https://openalex.org/A5062153840,,,,,2025
Morgan Black,https://orcid.org/0000-0002-7087-7727,https://openalex.org/A5064201320,,,,,"2025, 2024, 2023, 2022, 2020, 2019, 2016"
Chris Zajner,,https://openalex.org/A5064899806,,,,,"2025, 2024, 2023, 2022"
Jonathan A. Michaels,https://orcid.org/0000-0002-5179-3181,https://openalex.org/A5065364473,,,,,"2025, 2024, 2023, 2020, 2019"
Lisa Fischer,https://orcid.org/0000-0001-5992-0176,https://openalex.org/A5065450397,http://www.scopus.com/inward/authorDetails.url?authorID=56262439400&partnerID=MN8TOARS,,,,"2025, 2024, 2023, 2022, 2021, 2020, 2019, 2018, 2017, 2016"
Dominic A. Alaazi,https://orcid.org/0000-0001-5513-2551,https://openalex.org/A5071803036,,,,,"2025, 2024"
Seyyed Mohammad Hassan Haddad,https://orcid.org/0000-0002-4566-341X,https://openalex.org/A5073890309,,,,,"2025, 2024, 2023, 2022, 2021, 2020, 2019, 2018, 2017, 2016"
Kristina P. Sendova,https://orcid.org/0000-0001-7367-1911,https://openalex.org/A5074624998,http://www.scopus.com/inward/authorDetails.url?authorID=18042918600&partnerID=MN8TOARS,,,,"2024, 2023, 2022, 2019, 2018, 2017, 2016, 2014, 2013, 2012"
Joanna Redden,https://orcid.org/0000-0002-9480-0951,https://openalex.org/A5075367010,,,,,"2025, 2024"
Samantha Bruzzone,,https://openalex.org/A5077971161,,,,,2024
Glen R. Belfry,https://orcid.org/0000-0002-8831-2652,https://openalex.org/A5078566046,,,,,"2025, 2024, 2023, 2022, 2021, 2020, 2019, 2018, 2017, 2016"
Katherine Quesnel,https://orcid.org/0000-0002-0842-6589,https://openalex.org/A5082313638,,,,,"2024, 2021, 2020, 2019, 2016"
Parisa Shooshtari,https://orcid.org/0000-0003-2273-1034,https://openalex.org/A5082317014,,,,,"2025, 2024, 2023, 2022, 2021, 2020"
Ana Marissa Lagman‐Bartolome,https://orcid.org/0000-0002-4859-6216,https://openalex.org/A5084155960,,,,,"2024, 2023"
David Li,,https://openalex.org/A5088443988,,,,,"2025, 2024"
Christine Brown,,https://openalex.org/A5101123315,,,,,"2025, 2024, 2023, 2021, 2014, 2011, 2005"
Liuqing Yang,https://orcid.org/0000-0002-9608-0652,https://openalex.org/A5101744867,,,,,"2024, 2022, 2018"
Wandong Zhang,https://orcid.org/0000-0002-5083-5052,https://openalex.org/A5103018207,,,,,"2025, 2024, 2023, 2022"
Le Gui,,https://openalex.org/A5109345849,,,,,"2024, 2018, 2017, 2016"
Qingming Ding,,https://openalex.org/A5110123870,,,,,"2024, 2016, 2014, 2011, 2009, 2007, 2006, 2005"
Jonathan Dreyer,,https://openalex.org/A5110192776,,,,,"2024, 2020, 2019, 2015, 2014, 2011, 2010, 2009, 2008, 2004"
W. Robert Leeper,,https://openalex.org/A5112729812,,,,,"2025, 2024, 2023, 2022, 2021, 2019, 2018, 2017, 2016, 2015"
Dalwinder Singh,https://orcid.org/0000-0002-8076-4435,https://openalex.org/A5001119081,http://www.scopus.com/inward/authorDetails.url?authorID=24722131300&partnerID=MN8TOARS,,,,"2025, 2024"
Laurie Kocher,https://orcid.org/0000-0002-3550-6779,https://openalex.org/A5009263467,,,,,"2024, 2016"
Samantha Michelle Gateman,https://orcid.org/0000-0002-3889-9926,https://openalex.org/A5013568552,,,,,"2025, 2024, 2023, 2022"
Seema Nair Parvathy,https://orcid.org/0000-0001-6738-000X,https://openalex.org/A5014271373,,,,,"2025, 2024, 2023, 2022, 2021"
Caroline Nettekoven,https://orcid.org/0000-0001-5427-2907,https://openalex.org/A5015821091,,,,,"2025, 2024, 2023"
Jessica Polzer,,https://openalex.org/A5019422896,,,,,"2024, 2023, 2022, 2021, 2020, 2019, 2018, 2015, 2014, 2012"
Heather M. MacKenzie,https://orcid.org/0000-0001-7939-6412,https://openalex.org/A5019722058,,,,,"2024, 2023, 2022, 2021, 2020, 2019, 2016, 2015, 2014, 2013"
Stephen A. O’Barr,,https://openalex.org/A5020624931,,,,,2024
Lara B. Russell,https://orcid.org/0000-0003-1163-2989,https://openalex.org/A5025436135,,,,,"2024, 2023, 2022, 2020"
Egide Kalisa,https://orcid.org/0000-0001-9906-583X,https://openalex.org/A5027181729,http://www.scopus.com/inward/authorDetails.url?authorID=57203688324&partnerID=MN8TOARS,,,,"2025, 2024"
Roula Kteily-Hawa,https://orcid.org/0000-0001-5581-0017,https://openalex.org/A5035001962,,,,,"2025, 2024, 2023, 2022, 2021"
Di Yang,https://orcid.org/0000-0001-6445-4632,https://openalex.org/A5035835874,,,,,2025
Fatemeh Ahmadi,https://orcid.org/0000-0001-5425-4557,https://openalex.org/A5039058390,,,,,"2025, 2024, 2023, 2022, 2021"
Angela Wolff,https://orcid.org/0000-0003-3857-0706,https://openalex.org/A5039555930,,,,,"2025, 2024, 2023, 2022, 2021"
Hooman Ganjavi,,https://openalex.org/A5042055198,,,,,"2025, 2024, 2023, 2020, 2019, 2018, 2014, 2013, 2012"
Samar Sayedyahossein,https://orcid.org/0000-0003-1773-4740,https://openalex.org/A5042369001,http://www.scopus.com/inward/authorDetails.url?authorID=24172106800&partnerID=MN8TOARS,,,,"2025, 2024, 2023, 2022, 2021, 2020, 2019, 2018, 2015, 2014"
Kersi D. Antia,https://orcid.org/0000-0002-4831-4653,https://openalex.org/A5044462414,,,,,"2024, 2023, 2021, 2019, 2017, 2016, 2013, 2011, 2007, 2006"
Benjamin Corrigan,https://orcid.org/0000-0003-2630-7919,https://openalex.org/A5044949563,http://www.scopus.com/inward/authorDetails.url?authorID=55702173400&partnerID=MN8TOARS,,,,"2025, 2024, 2023, 2022, 2021, 2020, 2019, 2018, 2017"
Jane E. Sanders,https://orcid.org/0000-0002-9039-5805,https://openalex.org/A5046297878,,,,,"2025, 2024, 2023, 2022, 2021, 2020"
Julian C. Brimelow,https://orcid.org/0000-0002-1812-965X,https://openalex.org/A5047376298,,,,,"2024, 2023"
Angélica Moresco,https://orcid.org/0000-0002-8827-6196,https://openalex.org/A5065031103,http://www.scopus.com/inward/authorDetails.url?authorID=55831791000&partnerID=MN8TOARS,,,,"2025, 2024"
Elaine Zibrowski,https://orcid.org/0000-0002-5653-3303,https://openalex.org/A5071837482,http://www.scopus.com/inward/authorDetails.url?authorID=6507035557&partnerID=MN8TOARS,,,,"2025, 2024, 2022, 2018, 2016, 2014, 2012, 2011, 2010, 2009"
Kristen Reilly,https://orcid.org/0000-0001-7312-5777,https://openalex.org/A5083031399,,,,,"2024, 2023, 2022, 2021, 2020, 2019, 2018, 2015"
Andrew Kanawati,https://orcid.org/0000-0002-6696-764X,https://openalex.org/A5088919485,,,,,"2025, 2022, 2021, 2020"
Mohamad Abbass,https://orcid.org/0000-0003-1899-2696,https://openalex.org/A5089490114,,,,,"2025, 2024, 2023, 2022, 2021, 2020, 2019, 2018, 2017"
Douglas Gregory,,https://openalex.org/A5108630553,,,,,2025
K. Mansour,,https://openalex.org/A5109009648,,,,,2024
Adam Rahman,,https://openalex.org/A5109417691,,,,,"2024, 2022, 2020, 2019, 2016, 2015, 2014, 2013"
Ephraim Tang,https://orcid.org/0000-0001-9774-7992,https://openalex.org/A5109555866,,,,,"2024, 2023, 2022, 2021, 2019, 2018"
Daniel Chaves,,https://openalex.org/A5001728113,,,,,"2025, 2019"
Yili Tang,https://orcid.org/0000-0002-5343-6823,https://openalex.org/A5010829576,http://www.scopus.com/inward/authorDetails.url?authorID=57201337535&partnerID=MN8TOARS,,,,"2025, 2024, 2023"
Senanu Kwasi Kutor,https://orcid.org/0000-0002-2637-4823,https://openalex.org/A5015593151,,,,,"2025, 2024, 2023, 2022, 2021"
Amrita Sarpal,https://orcid.org/0000-0001-7965-6624,https://openalex.org/A5016386529,,,,,"2024, 2020, 2019, 2018, 2017, 2016, 2015"
Andrea E. Willson,,https://openalex.org/A5020421093,,,,,"2024, 2023, 2021, 2020, 2019, 2018, 2017, 2016, 2015, 2014"
Jim Karagiannis,https://orcid.org/0000-0002-7901-1815,https://openalex.org/A5023901377,,,,,"2025, 2022, 2020, 2018, 2017, 2016, 2014, 2013, 2012, 2011"
Hanna J. Szkudlarek,https://orcid.org/0000-0003-4709-5513,https://openalex.org/A5024329187,,,,,"2025, 2024, 2023, 2022, 2021, 2020, 2019, 2018, 2017, 2016"
Vidhya Ganesh Rangarajan,https://orcid.org/0000-0003-3694-7696,https://openalex.org/A5027863744,,,,,"2024, 2023, 2022, 2021, 2020"
Rochelle Furtado,https://orcid.org/0000-0002-9186-9785,https://openalex.org/A5033384824,,,,,"2025, 2024, 2023, 2022, 2020, 2019, 2018"
Aimable Nkurunziza,https://orcid.org/0000-0001-5052-6172,https://openalex.org/A5034223697,,,,,"2025, 2024, 2023, 2022, 2021, 2020"
Alina Shchepetkina,https://orcid.org/0000-0002-9873-2650,https://openalex.org/A5045675020,http://www.scopus.com/inward/authorDetails.url?authorID=56989938500&partnerID=MN8TOARS,,,,"2025, 2024"
Xinchi Hou,https://orcid.org/0000-0002-0337-2702,https://openalex.org/A5047403049,,,,,2024
James J. Armstrong,https://orcid.org/0000-0002-0848-7496,https://openalex.org/A5048766674,,,,,"2025, 2024, 2023, 2022, 2021, 2020, 2019, 2018, 2017, 2016"
Elizabeth Riddell‐Dixon,https://orcid.org/0009-0004-5272-9642,https://openalex.org/A5057196534,,,,,"2024, 2014, 2011, 2008, 2004, 1997, 1995, 1992, 1991, 1989"
Patricia Mockler,https://orcid.org/0000-0001-6216-5335,https://openalex.org/A5060811646,,,,,2024
Vitor Breda,https://orcid.org/0000-0002-1349-5220,https://openalex.org/A5061239502,,,,,"2025, 2024"
Teresa Abada,,https://openalex.org/A5062449239,,,,,"2025, 2024, 2017, 2016, 2015, 2014, 2013, 2012, 2009, 2008"
W.S. Li,https://orcid.org/0000-0002-5768-9641,https://openalex.org/A5065735539,,,,,"2025, 2024, 2023"
Emily Field,https://orcid.org/0000-0002-5308-3335,https://openalex.org/A5066980128,,,,,"2025, 2024, 2022, 2021, 2020, 2018"
Katie Kowalski,https://orcid.org/0000-0003-2130-652X,https://openalex.org/A5068211002,,,,,"2025, 2024, 2023, 2022, 2021, 2020, 2019"
Yamini Subramani,https://orcid.org/0000-0002-2050-4324,https://openalex.org/A5068705762,,,,,"2025, 2024, 2021, 2020, 2018, 2017"
Alessandro Zanini,https://orcid.org/0000-0002-5206-5696,https://openalex.org/A5073710201,,,,,"2025, 2024, 2023, 2022"
Maria P. Lambros,,https://openalex.org/A5076837937,,,,,2024
Dale Ballucci,https://orcid.org/0000-0003-3939-0811,https://openalex.org/A5078018944,,,,,"2024, 2023, 2022, 2021, 2020, 2019, 2018, 2017, 2016"
Deishin Lee,https://orcid.org/0000-0002-6335-2877,https://openalex.org/A5080603447,,,,,"2024, 2023, 2021, 2019, 2018, 2017, 2016, 2015, 2012, 2011"
Matthew D Sadler,https://orcid.org/0000-0002-0767-0037,https://openalex.org/A5084223005,,,,,2025
Patti Kiser,,https://openalex.org/A5084982354,,,,,"2025, 2024, 2023, 2021, 2020, 2019"
Rachael Pack,https://orcid.org/0000-0003-0293-6294,https://openalex.org/A5086040934,,,,,"2025, 2024, 2023, 2022, 2021, 2020, 2019, 2018, 2017"
Ruiyi Fang,,https://openalex.org/A5100874755,,,,,2024
Elizabeth S. Greene,https://orcid.org/0000-0002-4877-7594,https://openalex.org/A5102715175,,,,,2025
David S. Green,https://orcid.org/0000-0001-5990-9102,https://openalex.org/A5103069094,,,,,"2025, 2024"
A. Wren Montgomery,,https://openalex.org/A5110679982,,,,,"2024, 2023, 2022, 2021, 2020, 2019, 2018"
Brady J. H. Austen,https://orcid.org/0000-0002-3764-3371,https://openalex.org/A5009116163,,,,,"2025, 2024"
Alvi H. Islam,https://orcid.org/0000-0002-5286-4447,https://openalex.org/A5015985177,,,,,"2025, 2024"
Brad Matushewski,,https://openalex.org/A5018768564,,,,,"2025, 2021, 2020, 2019, 2018, 2017, 2015, 2013, 2012, 2008"
Nicole Pinto,https://orcid.org/0000-0001-5306-7186,https://openalex.org/A5020081585,,,,,"2024, 2023, 2022, 2021, 2020, 2019, 2018, 2017, 2016, 2015"
Winnie Siu,https://orcid.org/0009-0001-5772-1509,https://openalex.org/A5021899973,,,,,2025
Tyler T. Cooper,https://orcid.org/0000-0003-4662-8816,https://openalex.org/A5026992379,,,,,"2025, 2024, 2022, 2021, 2020, 2019, 2018, 2017, 2016, 2015"
Ali Tassi,https://orcid.org/0000-0001-6457-8889,https://openalex.org/A5027099391,,,,,"2025, 2024, 2023, 2022, 2021, 2020, 2019, 2018, 2017, 2016"
Shane Smith,https://orcid.org/0000-0001-5612-6807,https://openalex.org/A5029089086,,,,,"2025, 2023, 2022, 2021, 2020, 2019, 2018, 2017, 2016"
Paula Folkeard,https://orcid.org/0000-0003-3109-6730,https://openalex.org/A5044867450,http://www.scopus.com/inward/authorDetails.url?authorID=55503455900&partnerID=MN8TOARS,,,,"2025, 2024, 2023, 2022, 2021, 2020, 2019, 2018, 2017, 2012"
Phivos Phylactou,https://orcid.org/0000-0002-7333-8761,https://openalex.org/A5053676901,,,,,"2025, 2024, 2023"
Linda Jackson‐Boeters,https://orcid.org/0000-0001-9630-2879,https://openalex.org/A5060537879,,,,,"2025, 2024, 2022, 2020, 2019, 2018, 2017, 2014, 2013, 2012"
Mohammad Fereshtehpour,https://orcid.org/0000-0002-0249-8522,https://openalex.org/A5063449714,,,,,"2025, 2024, 2023"
Bing Q. Li,https://orcid.org/0000-0002-4158-4941,https://openalex.org/A5067608149,,,,,"2025, 2024, 2023, 2022, 2021"
Kamaldeen Mohammed,https://orcid.org/0000-0003-0231-3142,https://openalex.org/A5067721488,,,,,"2025, 2024, 2023, 2022, 2021, 2020"
Meagan Stanley,https://orcid.org/0000-0003-1719-182X,https://openalex.org/A5074587173,,,,,"2024, 2023, 2022, 2021"
Nikhil Sangle,https://orcid.org/0000-0003-1272-6143,https://openalex.org/A5076919326,,,,,"2024, 2023, 2022, 2021, 2019, 2016, 2015"
Soodeh Nikan,https://orcid.org/0000-0001-8223-1571,https://openalex.org/A5078998486,,,,,"2025, 2024, 2023, 2022, 2020, 2017, 2016"
Uzair Jamil,https://orcid.org/0000-0001-6309-7530,https://openalex.org/A5082164146,,,,,"2025, 2024, 2023, 2022"
Jonatan Snir,,https://openalex.org/A5086275674,,,,,"2024, 2019, 2018, 2016, 2015, 2011, 2009, 2008"
Nicole A. Guitar,https://orcid.org/0000-0003-2770-2179,https://openalex.org/A5087341514,http://www.scopus.com/inward/authorDetails.url?authorID=56497906600&partnerID=MN8TOARS,,,,"2024, 2023, 2022, 2020, 2018, 2017, 2016, 2014"
Feipeng Zhao,https://orcid.org/0000-0002-1522-6606,https://openalex.org/A5101833131,,,,,"2025, 2024, 2022"
Vikash Jha,https://orcid.org/0000-0003-1944-7374,https://openalex.org/A5101897143,,,,,"2024, 2018, 2017, 2016, 2014"
Claire Park,https://orcid.org/0000-0003-2468-7575,https://openalex.org/A5102016152,,,,,2025
Charys M. Martin,https://orcid.org/0000-0002-2508-3434,https://openalex.org/A5102896723,,,,,"2024, 2022, 2021, 2020, 2019, 2018, 2017, 2016, 2013, 2012"
Wei Jing Loo,,https://openalex.org/A5108808745,,,,,"2025, 2024, 2012"
Shengwu Ma,,https://openalex.org/A5111407991,,,,,"2024, 2023, 2018, 2017, 2015, 2013, 2012, 2011, 2010, 2009"
Mathew J. Willans,,https://openalex.org/A5111518020,,,,,"2025, 2023, 2020, 2019, 2015, 2014, 2012, 2010"
Daniele Alaimo,,https://openalex.org/A5111563563,,,,,2024
Steven Bland,https://orcid.org/0000-0002-3165-9604,https://openalex.org/A5001927021,,,,,"2024, 2018"
Reza Moshrefi,https://orcid.org/0000-0002-2969-2341,https://openalex.org/A5003567702,http://www.scopus.com/inward/authorDetails.url?authorID=51763978400&partnerID=MN8TOARS,,,,"2025, 2024"
Kim M. Shuey,https://orcid.org/0000-0002-0832-1007,https://openalex.org/A5010950536,,,,,"2024, 2022, 2021, 2020, 2019, 2018, 2017, 2016, 2014, 2013"
W. James Weese,,https://openalex.org/A5011644624,,,,,"2024, 2023, 2022, 2021, 2020, 2019, 2017, 2012, 2010"
Gurinder Sangha,,https://openalex.org/A5012280654,,,,,"2024, 2023, 2022, 2021, 2020, 2019, 2018, 2017, 2016, 2015"
M. T. Woods,https://orcid.org/0000-0003-0199-4783,https://openalex.org/A5015135169,,,,,2024
Wael Haddara,https://orcid.org/0000-0002-9817-5524,https://openalex.org/A5015224435,,,,,"2024, 2023, 2022, 2021, 2020, 2018, 2016, 2014, 2013, 2009"
Ken N. Meadows,https://orcid.org/0000-0003-4593-0546,https://openalex.org/A5018319427,,,,,"2024, 2023, 2020, 2019, 2018, 2016, 2015, 2014, 2013, 2010"
Michael E. Bodner,,https://openalex.org/A5019544490,,,,,"2025, 2023, 2022, 2021, 2019, 2018, 2017, 2016, 2015, 2014"
Ayman M. El Ansary,https://orcid.org/0000-0002-7889-330X,https://openalex.org/A5019638460,http://www.scopus.com/inward/authorDetails.url?authorID=26422877300&partnerID=MN8TOARS,,,,"2024, 2022, 2020, 2019, 2018, 2017, 2016, 2015, 2014, 2013"
A. Venkatesh,,https://openalex.org/A5021616704,,,,,2025
Michael Hong,https://orcid.org/0000-0002-6171-1792,https://openalex.org/A5022914424,,,,,"2024, 2023, 2021, 2020"
Benli Luan,https://orcid.org/0000-0002-2329-3358,https://openalex.org/A5025267354,,,,,"2024, 2023, 2022, 2021"
Courtney Casserly,https://orcid.org/0000-0002-8357-2834,https://openalex.org/A5029245337,,,,,"2025, 2024, 2023, 2022, 2021, 2020, 2019, 2018, 2017, 2016"
Diana C. Dima,https://orcid.org/0000-0002-9612-5574,https://openalex.org/A5033637726,,,,,"2024, 2023, 2022"
Christopher Del Balso,https://orcid.org/0000-0003-4074-6424,https://openalex.org/A5034855440,,,,,"2025, 2024, 2023, 2022, 2021, 2020, 2017, 2016, 2015"
Sergio L. Novi,https://orcid.org/0000-0002-1035-4852,https://openalex.org/A5035104389,,,,,"2025, 2024, 2023"
Susan Rogers,,https://openalex.org/A5036842544,,,,,2025
Pavel Antiperovitch,https://orcid.org/0000-0002-8814-9015,https://openalex.org/A5042248299,,,,,"2025, 2024, 2023, 2022, 2021, 2019, 2018"
Laleh Nazari,,https://openalex.org/A5042341883,,,,,"2024, 2021, 2020, 2018, 2017, 2016, 2015, 2014"
Mehrdad Kashefi,https://orcid.org/0000-0001-5981-5923,https://openalex.org/A5044278844,,,,,"2024, 2023, 2022"
Collin Clarke,https://orcid.org/0000-0003-3677-5900,https://openalex.org/A5044326123,,,,,"2024, 2023, 2021, 2020, 2019, 2018, 2017, 2016, 2013, 2012"
Renan Fernandes,https://orcid.org/0000-0002-4188-1882,https://openalex.org/A5046844021,,,,,"2025, 2024, 2023, 2022, 2021, 2020"
Gilbert L. Hendricks,,https://openalex.org/A5051969896,,,,,2024
Laurel Austin,https://orcid.org/0000-0002-6301-3146,https://openalex.org/A5055412536,,,,,"2024, 2023, 2020, 2019"
Bupe A. Siame,https://orcid.org/0000-0002-8100-7997,https://openalex.org/A5056867698,,,,,"2024, 2021, 2019, 2013, 2012, 2011, 2010"
Eddie Liu,https://orcid.org/0000-0002-8719-7621,https://openalex.org/A5057224332,,,,,"2024, 2019, 2016, 2015"
Stuti M. Tanya,https://orcid.org/0000-0003-1190-7129,https://openalex.org/A5060492032,http://www.scopus.com/inward/authorDetails.url?authorID=57219695134&partnerID=MN8TOARS,,,,"2025, 2022"
Meghan Duell,https://orcid.org/0000-0001-8118-5710,https://openalex.org/A5060621970,,,,,"2024, 2022, 2020"
Mohammad Qasim Khan,https://orcid.org/0000-0002-3457-7858,https://openalex.org/A5061096691,,,,,"2025, 2024, 2023"
Cristian A. Droppelmann,https://orcid.org/0000-0002-0474-6112,https://openalex.org/A5063677262,,,,,"2024, 2023, 2021, 2019, 2018, 2017, 2015, 2014, 2013, 2012"
Michael Grattan,https://orcid.org/0000-0002-6698-9232,https://openalex.org/A5063692954,,,,,"2025, 2023, 2022, 2021, 2020, 2019, 2018, 2017, 2015"
Xiaoge Hao,,https://openalex.org/A5068472553,,,,,"2025, 2024, 2023, 2022, 2021"
Jaspreet Bhangu,https://orcid.org/0000-0003-3934-2967,https://openalex.org/A5069420749,,,,,"2025, 2024, 2022, 2021"
Lynne Zarbatany,https://orcid.org/0000-0003-4209-1724,https://openalex.org/A5072827191,,,,,"2025, 2018, 2017, 2016, 2015, 2007, 2004, 2000, 1996, 1992"
Marlene Janzen Le Ber,https://orcid.org/0000-0003-1384-802X,https://openalex.org/A5073780020,,,,,"2024, 2021, 2019, 2018, 2010, 2009"
Martin Rotenberg,https://orcid.org/0000-0002-0846-5270,https://openalex.org/A5073811669,http://www.scopus.com/inward/authorDetails.url?authorID=57194056981&partnerID=MN8TOARS,,,,"2025, 2011"
Christopher J. Forgaard,https://orcid.org/0000-0001-8081-1572,https://openalex.org/A5078280731,,,,,"2024, 2023, 2022, 2021, 2019"
Jackie Hollett-Caines,,https://openalex.org/A5079171682,,,,,"2025, 2020, 2016, 2015, 2014, 2011, 2010, 2009, 2008, 2007"
Santiago Ordóñez,,https://openalex.org/A5082622485,,,,,"2025, 2024, 2022"
Bradley Hiebert,https://orcid.org/0000-0003-0361-7156,https://openalex.org/A5082760716,,,,,"2025, 2024, 2023, 2022, 2021, 2020, 2018, 2016"
Yasaman Rafat,https://orcid.org/0000-0002-8983-9405,https://openalex.org/A5083336628,,,,,"2025, 2024, 2023, 2022, 2021, 2020, 2019, 2018, 2017, 2015"
Samira Vakili,https://orcid.org/0000-0002-2419-5995,https://openalex.org/A5085828938,,,,,"2024, 2023, 2021"
David Diosy,,https://openalex.org/A5088971280,,,,,"2024, 2023, 2022, 2021, 2020, 2018, 2017, 2016, 2015, 2011"
M. Woods,https://orcid.org/0009-0004-9324-7105,https://openalex.org/A5090916630,,,,,"2025, 2024, 2023"
Juwon Lee,https://orcid.org/0000-0001-8180-7575,https://openalex.org/A5101485969,,,,,2024
Zafar Ahmad,https://orcid.org/0000-0001-8965-1819,https://openalex.org/A5101557572,,,,,"2025, 2021"
Christopher D. Goodman,https://orcid.org/0000-0003-3434-4824,https://openalex.org/A5102713204,,,,,"2025, 2024"
Rahima Nenshi,,https://openalex.org/A5104653130,,,,,"2025, 2023, 2022, 2020"
Dheeraj Shukla,,https://openalex.org/A5108712577,,,,,2025
Vishal Kalia,,https://openalex.org/A5110094793,,,,,"2025, 2024"
K Bishop,https://orcid.org/0000-0002-1798-3539,https://openalex.org/A5111925383,,,,,2025
Lisa Hodgetts,https://orcid.org/0000-0001-7114-0738,https://openalex.org/A5000368671,http://www.scopus.com/inward/authorDetails.url?authorID=7801516719&partnerID=MN8TOARS,,,,"2025, 2023, 2020, 2017, 2016, 2013, 2011, 2010, 2006"
David Sandomierski,,https://openalex.org/A5001940749,,,,,"2024, 2023, 2020"
Aidin Foroutan,https://orcid.org/0000-0003-3021-7377,https://openalex.org/A5002861360,,,,,"2024, 2023, 2022, 2021"
Audrey Dureux,https://orcid.org/0000-0003-1687-8347,https://openalex.org/A5007644053,,,,,"2025, 2024, 2023, 2022"
Justin Shapiro,https://orcid.org/0000-0002-6559-9515,https://openalex.org/A5009828073,,,,,"2025, 2024, 2023"
Aishik Chakraborty,https://orcid.org/0000-0002-2138-7270,https://openalex.org/A5010418586,,,,,"2025, 2024, 2023, 2022, 2021, 2020"
A. Sayal,https://orcid.org/0009-0004-8764-0971,https://openalex.org/A5019267060,,,,,2024
Abayomi S Olabode,https://orcid.org/0000-0002-6620-8694,https://openalex.org/A5020543630,,,,,"2024, 2023, 2022, 2021, 2020, 2019, 2018"
Raha Hassan,https://orcid.org/0000-0002-2739-9993,https://openalex.org/A5021678814,,,,,"2025, 2024, 2023"
Tony Rupar,,https://openalex.org/A5029780506,,,,,"2024, 2020, 2019, 2018, 2016, 2014, 2011, 2009, 2008, 2007"
Gerald McKinley,https://orcid.org/0000-0003-1449-2715,https://openalex.org/A5032260761,,,,,"2025, 2024, 2022, 2020, 2019, 2017"
Suzanne E. Brett,,https://openalex.org/A5033670666,,,,,"2024, 2023, 2022, 2019, 2018, 2016, 2015"
Kevin McIntyre,https://orcid.org/0000-0002-2900-3016,https://openalex.org/A5036004374,,,,,"2024, 2023"
Pocharapong Jenjitranant,https://orcid.org/0000-0002-5865-8820,https://openalex.org/A5041245292,http://www.scopus.com/inward/authorDetails.url?authorID=57192435515&partnerID=MN8TOARS,,,,"2025, 2024"
Leandro Val Sayson,https://orcid.org/0000-0003-3475-5527,https://openalex.org/A5051436788,,,,,2025
Trevor Wade,https://orcid.org/0000-0003-1343-7263,https://openalex.org/A5052174845,,,,,"2024, 2022, 2021, 2020, 2018, 2016, 2015, 2014, 2013, 2012"
Diana Ayán,https://orcid.org/0000-0001-6701-5758,https://openalex.org/A5063700726,,,,,"2025, 2024, 2023"
Dominic Pjontek,https://orcid.org/0000-0002-2709-5340,https://openalex.org/A5073362451,http://www.scopus.com/inward/authorDetails.url?authorID=22958193300&partnerID=MN8TOARS,,,,"2025, 2024, 2022, 2021, 2020, 2019, 2018, 2017, 2016"
Janelle Blankenship,,https://openalex.org/A5075629549,,,,,"2024, 2012, 2011, 2010"
Qutaiba A. Tawfic,https://orcid.org/0000-0002-8566-9891,https://openalex.org/A5080553864,,,,,"2024, 2021, 2020, 2019, 2018, 2017, 2015, 2014"
Ahmed Elansary,https://orcid.org/0000-0002-6976-4418,https://openalex.org/A5088262100,,,,,"2025, 2024, 2023, 2022, 2019, 2018, 2017, 2016, 2015"
Mohamed El-Qelish,https://orcid.org/0000-0001-6157-6626,https://openalex.org/A5091544955,http://www.scopus.com/inward/authorDetails.url?authorID=47360967500&partnerID=MN8TOARS,,,,"2025, 2024"
Anita Woods,https://orcid.org/0000-0003-3471-3159,https://openalex.org/A5101918078,,,,,"2024, 2023, 2022, 2020, 2018, 2011, 2009, 2008, 2007, 2006"
Sarah McLean,,https://openalex.org/A5103868039,,,,,2025
Sergio Alexánder Salinas,https://orcid.org/0000-0003-3842-8849,https://openalex.org/A5012879007,http://www.scopus.com/inward/authorDetails.url?authorID=55858625800&partnerID=MN8TOARS,,,,"2024, 2022"
Derek Wu,https://orcid.org/0000-0003-3960-5915,https://openalex.org/A5015709909,,,,,"2025, 2024, 2023, 2022, 2021, 2020, 2019, 2018, 2017"
Branka Vujčić,,https://openalex.org/A5015738633,,,,,"2024, 2021, 2020, 2019, 2018, 2017, 2014, 2012"
Olivia C. Sehl,https://orcid.org/0000-0001-8515-4751,https://openalex.org/A5018630024,,,,,"2024, 2023, 2022, 2021, 2020, 2019"
Craig G. Dunbar,,https://openalex.org/A5023453258,,,,,"2025, 2023, 2021, 2020, 2018, 2016, 2014, 2012, 2007, 2004"
Daniela Rabellino,,https://openalex.org/A5028738561,,,,,"2024, 2023, 2021, 2020, 2018, 2017, 2016, 2015"
P.G. Komorowski,,https://openalex.org/A5028972319,,,,,"2024, 2017, 2015, 2012, 2009"
Taiwo Adetunji Osinubi,https://orcid.org/0000-0001-6979-6703,https://openalex.org/A5031758412,,,,,"2024, 2023, 2019, 2017, 2015, 2014"
Caitlin Symonette,https://orcid.org/0000-0003-0929-6146,https://openalex.org/A5032764354,,,,,"2025, 2024, 2023, 2021, 2019, 2018, 2017, 2015, 2014, 2013"
June I. Matthews,https://orcid.org/0000-0001-5531-8954,https://openalex.org/A5035888682,,,,,"2024, 2023, 2022, 2021, 2020, 2019, 2016, 2015, 2013"
Panagiota Tryphonopoulos,https://orcid.org/0000-0002-2040-119X,https://openalex.org/A5040574763,,,,,"2025, 2024, 2023, 2022, 2020"
Aaron Grant,https://orcid.org/0000-0002-6974-6375,https://openalex.org/A5042718656,,,,,"2025, 2024, 2023, 2022, 2021, 2020, 2019, 2018, 2016, 2014"
Chris Roulston,https://orcid.org/0000-0003-1888-4206,https://openalex.org/A5047168307,,,,,"2025, 2023, 2022, 2017, 2016, 2013, 2011"
Sympascho Young,https://orcid.org/0000-0001-5151-0949,https://openalex.org/A5048569520,,,,,"2025, 2024, 2023, 2022, 2021"
Kenneth Chu,,https://openalex.org/A5057080637,,,,,"2025, 2023, 2022, 2021, 2020, 2016, 1968"
Mark MacLeod,,https://openalex.org/A5057091836,,,,,"2024, 2022, 2021, 2019, 2018, 2009, 2007, 2005, 1999"
L. Martyn Klassen,https://orcid.org/0000-0002-1187-3160,https://openalex.org/A5057619280,,,,,"2025, 2024, 2022, 2021, 2020, 2018, 2017, 2013, 2011, 2010"
Erin Hannah,https://orcid.org/0000-0001-8062-6035,https://openalex.org/A5063116793,,,,,"2025, 2021, 2020, 2017, 2014, 2012, 2011, 2008"
Jeffrey Hawel,https://orcid.org/0000-0002-8878-3980,https://openalex.org/A5070137008,,,,,"2025, 2024, 2023, 2022, 2021, 2019, 2014"
Raj Bhatia,https://orcid.org/0009-0007-1587-3831,https://openalex.org/A5088997176,,,,,2024
Naveed Ejaz,https://orcid.org/0000-0001-8370-4588,https://openalex.org/A5101552133,,,,,"2024, 2023, 2022, 2021, 2020, 2019, 2018, 2017, 2016"
Jeffrey Wong,https://orcid.org/0009-0005-8028-3585,https://openalex.org/A5102559139,,,,,"2025, 2024"
Uday Deotare,https://orcid.org/0000-0002-7338-2877,https://openalex.org/A5102837523,,,,,"2024, 2023"
Nasar Ahmad Shayan,,https://openalex.org/A5108972092,,,,,"2025, 2024, 2023, 2022"
Wai Pui Ng,,https://openalex.org/A5114119698,,,,,"2024, 2021, 2017, 2011, 2008, 2006, 2005"
Vladimir Hachinski,,https://openalex.org/A5114149462,,,,,"2024, 2022, 2021, 2015, 2014, 2012, 2010, 2006, 1994, 1993"
Michelle Servais,https://orcid.org/0000-0002-5423-5716,https://openalex.org/A5001820954,,,,,"2024, 2023, 2021, 2020, 2014, 2010, 2009"
Paul A. S. Sheppard,https://orcid.org/0000-0001-7432-1446,https://openalex.org/A5010047947,http://www.scopus.com/inward/authorDetails.url?authorID=57200165158&partnerID=MN8TOARS,,,,"2025, 2024, 2022, 2021"
Donna E. Goldhawk,https://orcid.org/0000-0001-7285-8071,https://openalex.org/A5015559615,,,,,"2025, 2024, 2023, 2022, 2020, 2019, 2015, 2013, 2012, 1999"
Bonnie Simpson,https://orcid.org/0000-0003-3929-8935,https://openalex.org/A5016456314,,,,,"2024, 2023, 2022, 2021, 2020, 2019, 2017, 2014"
Jahnavi Shah,https://orcid.org/0000-0002-7535-663X,https://openalex.org/A5019659040,,,,,"2025, 2024, 2023, 2022, 2020, 2005, 2004"
W.A. Gordon,,https://openalex.org/A5021204374,,,,,"2025, 2023"
Karnig Kazazian,https://orcid.org/0000-0001-6157-601X,https://openalex.org/A5031547567,,,,,"2025, 2024, 2023, 2022, 2021, 2020"
Swathi Swaminathan,https://orcid.org/0000-0003-0940-6448,https://openalex.org/A5034591567,http://www.scopus.com/inward/authorDetails.url?authorID=56567481600&partnerID=MN8TOARS,,,,"2024, 2021, 2020"
Hema Sharma,https://orcid.org/0000-0001-6347-9790,https://openalex.org/A5035750225,,,,,"2024, 2023, 2018, 2017"
Julie R. Dumont,https://orcid.org/0000-0002-2412-306X,https://openalex.org/A5036174376,http://www.scopus.com/inward/authorDetails.url?authorID=23049638600&partnerID=MN8TOARS,,,,"2025, 2021, 2020"
Alex X. Li,,https://openalex.org/A5038287506,,,,,"2024, 2023, 2019, 2017, 2016, 2015, 2014, 2012, 2011, 2010"
Saeed Samaei,https://orcid.org/0000-0001-9399-1840,https://openalex.org/A5044951378,,,,,2024
Christina McCord,https://orcid.org/0000-0002-4541-2282,https://openalex.org/A5045316072,,,,,"2025, 2024, 2023, 2022, 2021, 2020, 2019, 2018, 2017, 2009"
Michael Arntfield,,https://openalex.org/A5055612723,,,,,"2025, 2022, 2021, 2020, 2019, 2018, 2017, 2016, 2015"
Javad Khodabakhsh,https://orcid.org/0000-0003-4103-5587,https://openalex.org/A5055702396,,,,,"2024, 2022, 2021, 2020, 2019, 2018, 2017"
Prabha Parthasarathy,https://orcid.org/0000-0002-3119-7817,https://openalex.org/A5056524888,,,,,2024
Ana Lúısa Pinho,https://orcid.org/0000-0001-8718-0902,https://openalex.org/A5060163740,,,,,"2025, 2024, 2023, 2022, 2020"
John A. Chmiel,,https://openalex.org/A5060284106,,,,,"2025, 2024, 2023, 2022, 2021, 2020, 2019, 2018"
Melissa Knott,https://orcid.org/0000-0003-0899-222X,https://openalex.org/A5062945630,,,,,"2024, 2022, 2021, 2019, 2018, 2017, 2016, 2013, 2010"
Betty Anne Younker,,https://openalex.org/A5063089019,,,,,"2025, 2019, 2014, 2013, 2000"
Lisa L. Van Loon,https://orcid.org/0000-0003-3615-2930,https://openalex.org/A5072746171,,,,,"2025, 2024, 2023, 2022, 2021, 2019, 2018"
Carl O. Postenka,,https://openalex.org/A5074647456,,,,,"2025, 2019, 2016, 2014, 2006, 2004"
Adam Jordan,https://orcid.org/0000-0001-6979-8231,https://openalex.org/A5075895080,,,,,2025
Marwa Elsayed,https://orcid.org/0000-0001-9906-5020,https://openalex.org/A5076125701,,,,,2024
Kristina Jurčić,,https://openalex.org/A5082287091,,,,,"2025, 2024, 2023, 2022, 2021, 2020, 2019, 2018, 2017, 2015"
Danae Campos-Melo,https://orcid.org/0009-0006-2681-7790,https://openalex.org/A5082361223,,,,,"2024, 2023, 2022, 2021, 2020, 2019, 2018, 2017, 2014, 2013"
Biwei Li,https://orcid.org/0009-0007-9819-2096,https://openalex.org/A5087973123,,,,,"2025, 2024, 2023, 2021"
Shokoufeh Modanloo,https://orcid.org/0000-0001-8834-7348,https://openalex.org/A5088084577,,,,,"2024, 2023, 2022"
Zhenzhong Cai,,https://openalex.org/A5100295108,,,,,2025
Yang Hu,https://orcid.org/0000-0002-5579-2936,https://openalex.org/A5100319519,,,,,"2025, 2024"
Premjeet Singh,,https://openalex.org/A5101252426,,,,,"2024, 2023, 2022, 2021, 2020, 2019"
Atefeh Jafari,https://orcid.org/0000-0001-5782-3559,https://openalex.org/A5101406236,,,,,"2025, 2024"
Pei Yu,https://orcid.org/0000-0002-9373-5107,https://openalex.org/A5101458432,,,,,"2024, 2014, 2009, 2008, 2005, 2001"
Donald Lee,https://orcid.org/0000-0001-7559-5422,https://openalex.org/A5102776488,,,,,"2024, 2021, 2015, 2010, 2009, 2008, 2000"
Elizabeth Webb,https://orcid.org/0009-0007-4983-542X,https://openalex.org/A5104273901,,,,,"2024, 2023, 2020, 2019, 2016, 2011, 2010, 2009, 2007, 2006"
Samir Nazarali,,https://openalex.org/A5110992240,,,,,2025
David Peck,,https://openalex.org/A5002394815,,,,,2024
Thomas R. Hatina,https://orcid.org/0000-0001-9229-1527,https://openalex.org/A5005052435,,,,,2024
Hana Marmura,https://orcid.org/0000-0002-8648-870X,https://openalex.org/A5009878262,,,,,"2025, 2024, 2023, 2022, 2021"
Timothy F. Foley,,https://openalex.org/A5010185956,,,,,"2024, 2004, 2003, 2002, 2001, 2000, 1999, 1997, 1996, 1992"
Larissa Rossen,https://orcid.org/0000-0002-9382-0387,https://openalex.org/A5012893452,http://www.scopus.com/inward/authorDetails.url?authorID=57105097800&partnerID=MN8TOARS,,,,"2025, 2023, 2021, 2020"
Michelle Gek Liang Lim,https://orcid.org/0000-0002-0542-2187,https://openalex.org/A5013677148,,,,,"2024, 2020, 2018"
Dorian Aur,,https://openalex.org/A5015224555,,,,,"2024, 2020, 2009, 2007"
Hongmei Ge,https://orcid.org/0000-0001-5299-6127,https://openalex.org/A5017395304,,,,,2025
Lyndsay Jerusha MacKay,https://orcid.org/0000-0003-0476-0667,https://openalex.org/A5022664323,,,,,"2025, 2024, 2023"
Michelle A. Hamilton,,https://openalex.org/A5025879785,,,,,"2025, 2021, 2016, 2007, 1969"
Lindsay Bell,https://orcid.org/0000-0001-5750-3838,https://openalex.org/A5029314253,,,,,"2024, 2021, 2020, 2019"
Lene Kromann,https://orcid.org/0009-0008-1154-1028,https://openalex.org/A5033235945,,,,,"2024, 2019, 2018"
Xin Zhou,https://orcid.org/0000-0003-1321-510X,https://openalex.org/A5033415752,,,,,"2025, 2024, 2023, 2022"
Paulina M. Kowalewska,https://orcid.org/0000-0003-3231-3020,https://openalex.org/A5033448990,,,,,"2024, 2023, 2022, 2021, 2020, 2019, 2018"
Raden Besthadi Sukmono,https://orcid.org/0000-0002-3169-3829,https://openalex.org/A5034345232,,,,,2024
Jinette Comeau,https://orcid.org/0000-0002-5596-0063,https://openalex.org/A5036935350,,,,,"2025, 2023, 2022, 2020, 2019, 2018, 2012, 2011"
Seyed Alireza Rohani,https://orcid.org/0000-0002-5467-4276,https://openalex.org/A5037392585,,,,,"2024, 2023, 2022, 2021, 2020, 2019, 2018, 2017, 2016, 2013"
Angela Sinilaite,,https://openalex.org/A5039804065,,,,,2025
Lauren Harrison,https://orcid.org/0000-0002-3293-2510,https://openalex.org/A5040527056,http://www.scopus.com/inward/authorDetails.url?authorID=7402529543&partnerID=MN8TOARS,,,,"2024, 2010"
Renee‐Marie Ragguett,https://orcid.org/0000-0002-9539-8327,https://openalex.org/A5043468385,,,,,"2024, 2023"
Priya B. Kalra,https://orcid.org/0000-0002-2441-6102,https://openalex.org/A5058587456,http://www.scopus.com/inward/authorDetails.url?authorID=54395408800&partnerID=MN8TOARS,,,,"2025, 2024, 2023, 2022"
Christopher Viger,https://orcid.org/0000-0003-3391-0775,https://openalex.org/A5063822218,,,,,"2025, 2022, 2019, 2018, 2008, 2007"
E. Caruso,,https://openalex.org/A5068211626,,,,,2025
Matthew W. Grol,https://orcid.org/0000-0001-6514-9066,https://openalex.org/A5076988359,,,,,"2025, 2024, 2023, 2021, 2016, 2013, 2012, 2009"
Michael J. Lukacs,https://orcid.org/0000-0002-9113-4834,https://openalex.org/A5079638375,,,,,"2024, 2023, 2022, 2021, 2020, 2019"
Melissa E. Meade,https://orcid.org/0000-0002-3337-7352,https://openalex.org/A5081896744,http://www.scopus.com/inward/authorDetails.url?authorID=56783834600&partnerID=MN8TOARS,,,,2024
Chrysi Bogiatzi,https://orcid.org/0000-0001-9080-7139,https://openalex.org/A5087272444,,,,,"2024, 2018, 2017, 2015, 2014, 2012"
Ken N. Seergobin,,https://openalex.org/A5088226562,,,,,"2024, 2023, 2020, 2018, 2017, 2016, 2015, 2014, 2013"
Yining Huang,https://orcid.org/0000-0002-5535-7731,https://openalex.org/A5089051480,,,,,"2025, 2024, 2016, 2000"
David Calnitsky,https://orcid.org/0000-0002-0828-1957,https://openalex.org/A5089895182,,,,,"2024, 2023, 2021, 2020, 2019, 2018"
Nicole Campbell,,https://openalex.org/A5090673762,,,,,"2025, 2024, 2023, 2022, 2021, 2020, 2019, 2002, 2000"
Anelyse Arata,https://orcid.org/0000-0003-2299-0298,https://openalex.org/A5101846196,,,,,"2025, 2024, 2023"
Yun‐Yan Xiang,,https://openalex.org/A5102077886,,,,,"2024, 2021, 2019, 2018, 2017, 2016, 2014, 2013, 2012, 2011"
Ali Lotfi,https://orcid.org/0000-0002-9241-0167,https://openalex.org/A5103179696,,,,,"2024, 2022, 2019"
Rebecca Y.M. Wong,https://orcid.org/0009-0001-1263-2203,https://openalex.org/A5110307693,,,,,2025
John Man,,https://openalex.org/A5111521520,,,,,2024
Sapna Sharan,,https://openalex.org/A5111819044,,,,,"2024, 2022, 2020, 2019, 2017, 2016, 2015, 2014, 2013, 2009"
D. Hudson,,https://openalex.org/A5112791431,,,,,2024
Tung T. Nguyen,https://orcid.org/0000-0003-1719-3956,https://openalex.org/A5002530480,,,,,"2025, 2023, 2022, 2021"
Julia Yates,https://orcid.org/0000-0002-9405-3642,https://openalex.org/A5005306684,,,,,"2025, 2024, 2023, 2022"
Selahattin Murat Şirin,https://orcid.org/0000-0003-2006-4258,https://openalex.org/A5008339259,http://www.scopus.com/inward/authorDetails.url?authorID=36118460500&partnerID=MN8TOARS,,,,"2024, 2023, 2022"
Adebayo Oluwaseun Ojo,https://orcid.org/0000-0002-8793-2008,https://openalex.org/A5008877548,,,,,2025
Jackie Sadi,,https://openalex.org/A5009916596,,,,,"2024, 2023, 2022, 2021, 2019, 2018, 2017, 2016, 2014, 2010"
Janahan Selvanayagam,https://orcid.org/0000-0002-3708-8742,https://openalex.org/A5010566253,,,,,"2024, 2023, 2022, 2021, 2020, 2019"
Vikram Sekar,,https://openalex.org/A5014837691,,,,,2025
Joseph Umoh,,https://openalex.org/A5015680421,,,,,"2024, 2023, 2021, 2017, 2016, 2013, 2012, 2009"
Ashlay A. Huitema,https://orcid.org/0000-0003-3853-537X,https://openalex.org/A5023881261,,,,,"2025, 2024, 2023, 2022, 2020, 2019, 2018, 2017, 2015, 2014"
Joshua Wyman,https://orcid.org/0000-0001-5960-5686,https://openalex.org/A5024746126,,,,,"2025, 2024, 2023"
Sean McWatt,https://orcid.org/0000-0002-2958-1756,https://openalex.org/A5025633103,,,,,"2025, 2024, 2023"
Shaunik Sharma,https://orcid.org/0000-0002-3352-6397,https://openalex.org/A5026944206,,,,,"2025, 2024"
Yihong Bai,https://orcid.org/0000-0002-5909-1993,https://openalex.org/A5029269751,,,,,"2025, 2024, 2023"
Vaibhav Thakore,https://orcid.org/0000-0001-9368-7945,https://openalex.org/A5030468239,http://www.scopus.com/inward/authorDetails.url?authorID=25925512200&partnerID=MN8TOARS,,,,"2024, 2022, 2021, 2020, 2018"
Francisco Sanchez Careaga,https://orcid.org/0000-0002-7009-9507,https://openalex.org/A5031478280,http://www.scopus.com/inward/authorDetails.url?authorID=56520219600&partnerID=MN8TOARS,,,,"2025, 2022, 2021, 2020, 2018, 2017, 2015"
Stephen W. Tuffs,https://orcid.org/0000-0002-2874-7822,https://openalex.org/A5033275467,http://www.scopus.com/inward/authorDetails.url?authorID=53664450900&partnerID=MN8TOARS,,,,"2025, 2024, 2023, 2022, 2021, 2020, 2019, 2018"
Marta Dyczok,https://orcid.org/0000-0002-8106-8589,https://openalex.org/A5033644900,,,,,"2024, 2022, 2016, 2014, 2012, 2006, 2005, 2004, 2000"
Duncan E. K. Sutherland,https://orcid.org/0000-0002-5704-6371,https://openalex.org/A5034517384,,,,,"2025, 2024, 2021, 2020, 2017, 2014, 2013, 2012, 2011, 2010"
Jasna Twynstra,https://orcid.org/0000-0001-9216-6152,https://openalex.org/A5034773870,,,,,"2025, 2023, 2022, 2021, 2019, 2018, 2017, 2015, 2013, 2012"
Johan Delport,https://orcid.org/0000-0002-8882-1756,https://openalex.org/A5035200491,,,,,"2025, 2024, 2023, 2022, 2021, 2020, 2018, 2016, 2015, 2014"
Sarah A. Detombe,,https://openalex.org/A5039630570,,,,,"2025, 2020, 2019, 2017, 2014, 2013, 2012, 2011, 2008, 2007"
Idowu B. Olawoye,https://orcid.org/0000-0002-6658-9917,https://openalex.org/A5040240023,,,,,"2025, 2024, 2023"
Rubina Malik,https://orcid.org/0000-0002-9460-3157,https://openalex.org/A5040586531,,,,,"2024, 2023, 2022"
Eric C. Mitchell,https://orcid.org/0000-0001-7014-717X,https://openalex.org/A5043898541,,,,,"2025, 2024, 2023, 2022, 2021, 2019"
Soon-Duck Ha,,https://openalex.org/A5044606482,,,,,"2024, 2023, 2021, 2019, 2018, 2017, 2016, 2014, 2013, 2012"
Alexander M. Zero,https://orcid.org/0000-0001-7962-4147,https://openalex.org/A5049037473,,,,,"2025, 2024, 2023, 2022, 2021, 2020"
Donna H. Murrell,,https://openalex.org/A5051598390,,,,,"2025, 2024, 2020, 2018, 2017, 2016, 2015, 2013, 2012"
Nader S. Aboelnazar,,https://openalex.org/A5052100648,,,,,"2024, 2021"
Matthew Rowlinson,,https://openalex.org/A5052700806,,,,,"2024, 2023, 2012, 2010, 2008"
Sherif Ramadan,,https://openalex.org/A5057806074,,,,,"2025, 2024, 2023"
J Pankrac,,https://openalex.org/A5061726085,,,,,"2024, 2022, 2021, 2020, 2018, 2017"
Aliaksei Petsiuk,https://orcid.org/0000-0002-1366-4469,https://openalex.org/A5062537815,,,,,"2024, 2023, 2022"
Julian A. Scheffer,https://orcid.org/0000-0001-8216-193X,https://openalex.org/A5064912363,,,,,"2025, 2024"
Chung-Huang Yu,https://orcid.org/0000-0002-8167-5784,https://openalex.org/A5066354200,,,,,2025
Christine D. Tsang,https://orcid.org/0009-0006-7526-7203,https://openalex.org/A5069837817,,,,,"2025, 2023, 2020, 2017, 2015, 2012, 2011, 2009"
Giacomo Ariani,https://orcid.org/0000-0001-9074-1272,https://openalex.org/A5070276373,,,,,"2024, 2023, 2022, 2021, 2020, 2019"
Andrés Pérez Baltodano,,https://openalex.org/A5077713625,,,,,"2025, 2008, 1999, 1997, 1995"
Jonathan Boulter,,https://openalex.org/A5083511225,,,,,"2025, 2022, 2006, 1998"
Verónica Guariglia-Oropeza,https://orcid.org/0000-0001-7851-2514,https://openalex.org/A5086213301,,,,,"2025, 2021"
Pelin İrgin,https://orcid.org/0000-0001-5222-5648,https://openalex.org/A5087948760,http://www.scopus.com/inward/authorDetails.url?authorID=26656714800&partnerID=MN8TOARS,,,,"2025, 2024, 2023"
Matthew H. Myles,https://orcid.org/0000-0002-8685-516X,https://openalex.org/A5091741532,http://www.scopus.com/inward/authorDetails.url?authorID=35514537600&partnerID=MN8TOARS,,,,2024
Sam Hopkins,https://orcid.org/0000-0003-2136-6151,https://openalex.org/A5101404493,http://www.scopus.com/inward/authorDetails.url?authorID=57196403970&partnerID=MN8TOARS,,,,2024
Matthew F. D. Brown,,https://openalex.org/A5102770960,,,,,"2024, 2022, 2021, 2020, 2019, 2017, 2016, 2015"
Douglas C. Ross,https://orcid.org/0000-0003-4431-3204,https://openalex.org/A5102830277,,,,,"2024, 2023, 2020, 2017, 2011, 2010, 2007, 2005, 2003"
Paul van der Werf,https://orcid.org/0000-0002-4389-832X,https://openalex.org/A5103228090,,,,,"2024, 2023, 2022, 2021, 2020, 2019, 2018, 2017"
Carolina R. Batista,,https://openalex.org/A5103520649,,,,,"2024, 2023, 2022, 2020, 2019, 2018, 2017, 2016"
Mickey Kerr,,https://openalex.org/A5105780880,,,,,"2025, 2023, 2022, 2020, 2018, 2017, 2014, 2012, 2010, 2004"
Gautham Nair,,https://openalex.org/A5109164816,,,,,"2025, 2023"
Sudha Singh,,https://openalex.org/A5109450945,,,,,"2025, 2024, 2021, 2020, 2017, 2013, 2010, 2008, 2007, 2006"
Anne Brickenden,,https://openalex.org/A5110071498,,,,,"2024, 2022, 2021, 2020, 2015, 2013, 2010, 2007, 1994, 1993"
M Beaton,,https://openalex.org/A5110115157,,,,,"2025, 2024, 2023, 2022, 2021, 2018, 2017, 2016, 2013, 2012"
Melody Qu,,https://openalex.org/A5111072674,,,,,"2025, 2023, 2022"
Benjamin Müller,https://orcid.org/0000-0002-3894-7887,https://openalex.org/A5114080909,,,,,2025
Praveen N. Gunawardene,,https://openalex.org/A5000107490,,,,,"2024, 2023, 2022, 2019, 2018, 2017, 2015"
Sadegh Papari,,https://openalex.org/A5002326332,,,,,"2024, 2023, 2022, 2021"
Richard Hilsden,https://orcid.org/0000-0003-3111-3182,https://openalex.org/A5002463222,,,,,"2025, 2024, 2023, 2022, 2021, 2020, 2019, 2018, 2017, 2016"
Megan Roussy,https://orcid.org/0000-0002-7723-883X,https://openalex.org/A5007250384,,,,,"2025, 2024, 2023, 2022, 2021, 2020, 2019, 2018"
Magali Segers,,https://openalex.org/A5010478345,,,,,"2024, 2021, 2020"
Erin Miller,https://orcid.org/0000-0003-2342-7747,https://openalex.org/A5010664538,,,,,"2025, 2024, 2023, 2022"
Xinqiu Liu,,https://openalex.org/A5012423829,,,,,2025
James E. Hatch,https://orcid.org/0000-0002-6139-8951,https://openalex.org/A5015269587,,,,,"2024, 2022, 2020, 2019"
Katherine J. Kasper,https://orcid.org/0000-0002-6132-0513,https://openalex.org/A5015316552,,,,,"2025, 2024, 2022, 2021, 2020, 2019, 2018, 2017, 2016, 2015"
Ali Safi,https://orcid.org/0000-0001-6788-1541,https://openalex.org/A5025523198,http://www.scopus.com/inward/authorDetails.url?authorID=57189026836&partnerID=MN8TOARS,,,,2025
Z. Gao,https://orcid.org/0000-0001-9285-9688,https://openalex.org/A5028300737,,,,,2025
Ashley V. Geerlinks,https://orcid.org/0000-0002-8142-3886,https://openalex.org/A5037271086,,,,,"2024, 2023, 2022, 2012"
Michel Lacerte,,https://openalex.org/A5037720985,,,,,"2025, 2021, 2020, 2019, 2014, 2013, 2003, 2002, 1994, 1993"
David Piskin,https://orcid.org/0000-0002-2315-514X,https://openalex.org/A5037962183,,,,,"2025, 2023, 2022, 2021, 2020"
Milene Vitória Sampaio Sobral,https://orcid.org/0009-0001-5754-6472,https://openalex.org/A5038809822,,,,,2025
Ken Kirkwood,https://orcid.org/0000-0001-9615-4650,https://openalex.org/A5042921633,,,,,"2025, 2023, 2022, 2021, 2020, 2018, 2017, 2016, 2014, 2012"
Aditya Murgai,https://orcid.org/0000-0002-9774-4211,https://openalex.org/A5048208886,,,,,"2024, 2021, 2020, 2019, 2018, 2017"
Abdelbaset Elzagallaai,https://orcid.org/0000-0001-8750-6028,https://openalex.org/A5049628534,,,,,"2025, 2024, 2023, 2022, 2021, 2020, 2014, 2012, 2011, 2010"
Anton Puvirajah,https://orcid.org/0000-0001-5581-910X,https://openalex.org/A5053288066,http://www.scopus.com/inward/authorDetails.url?authorID=54909204500&partnerID=MN8TOARS,,,,"2024, 2023, 2022, 2021, 2020, 2019"
Beatrice Preti,https://orcid.org/0000-0002-3664-417X,https://openalex.org/A5053576568,,,,,"2025, 2024, 2023, 2022, 2021"
Alissa Centivany,,https://openalex.org/A5054383991,,,,,"2024, 2022, 2021, 2017, 2016"
Mosab Maree,https://orcid.org/0000-0001-8987-2400,https://openalex.org/A5054555338,,,,,"2025, 2024"
Artyom D. Glova,https://orcid.org/0000-0003-1385-5254,https://openalex.org/A5054807347,http://www.scopus.com/inward/authorDetails.url?authorID=55900866300&partnerID=MN8TOARS,,,,"2024, 2023"
Aaron L. Cecala,https://orcid.org/0000-0003-0249-0552,https://openalex.org/A5060192650,,,,,"2025, 2023, 2022, 2021, 2020"
Maren Goodman,https://orcid.org/0000-0002-0216-0994,https://openalex.org/A5062473360,http://www.scopus.com/inward/authorDetails.url?authorID=56937709700&partnerID=MN8TOARS,,,,"2024, 2023, 2022"
Lawrence C. M. Yip,https://orcid.org/0000-0003-0014-8112,https://openalex.org/A5069044901,,,,,"2024, 2022, 2021, 2020, 2019"
Esmaeil Mohammadi Dehcheshmeh,https://orcid.org/0000-0002-8092-9084,https://openalex.org/A5069363510,,,,,2025
Eric Desjardins,https://orcid.org/0000-0001-9066-4852,https://openalex.org/A5074868528,,,,,"2024, 2023, 2021, 2019, 2018, 2015, 2014, 2013, 2011"
Samantha Colaiacovo,,https://openalex.org/A5075738307,,,,,"2025, 2021, 2020, 2019"
Hien C. Nguyen,https://orcid.org/0000-0002-1667-243X,https://openalex.org/A5084238799,,,,,"2024, 2023, 2022, 2021, 2020"
Larry H. Allen,https://orcid.org/0000-0001-7972-8755,https://openalex.org/A5085413512,,,,,"2024, 2020, 2018, 2017, 2016, 2015, 2014, 2013, 2012, 2010"
Yuying Li,https://orcid.org/0000-0002-2116-347X,https://openalex.org/A5100358328,,,,,"2024, 2023, 2022, 2019"
Shu Li,https://orcid.org/0000-0001-6901-0053,https://openalex.org/A5100404303,,,,,"2024, 2023, 2022, 2021, 2020"
Yipeng Zhu,,https://openalex.org/A5100535475,,,,,2024
Subhrojit Sen,https://orcid.org/0000-0001-6582-2337,https://openalex.org/A5101752938,,,,,"2025, 2019, 2017, 2013, 2012, 2011, 2009"
Wenxing Zhou,https://orcid.org/0000-0002-6941-1970,https://openalex.org/A5102008023,,,,,"2024, 2023, 2020, 2019, 2015, 2014, 2013, 2012"
Jerry Tan,,https://openalex.org/A5102236177,,,,,"2024, 2023, 2021, 2020, 2017, 2009"
A.C. John,,https://openalex.org/A5103471249,,,,,2024
Lucie Taylor,,https://openalex.org/A5108969302,,,,,2025
Asmaa Ali,,https://openalex.org/A5111090765,,,,,2025
L. V. Wilton,,https://openalex.org/A5111315056,,,,,2024
Elaine Woo,,https://openalex.org/A5111584469,,,,,"2025, 1997"
Steven I. Pollmann,,https://openalex.org/A5113876683,,,,,"2024, 2022, 2019, 2018, 2017, 2016, 2013, 2010, 2009, 2008"
Bryan Stringer,https://orcid.org/0000-0002-8330-862X,https://openalex.org/A5004014771,,,,,2025
Sylvia Mitchell,,https://openalex.org/A5009701022,,,,,"2025, 2022, 2021, 2020, 2019, 2014"
L. J. Pearson,,https://openalex.org/A5011727367,,,,,2024
Elli Gkouti,https://orcid.org/0000-0001-8147-8492,https://openalex.org/A5012109454,http://www.scopus.com/inward/authorDetails.url?authorID=55934126500&partnerID=MN8TOARS,,,,2025
Revan Birke Koca Ünsal,https://orcid.org/0000-0003-1540-983X,https://openalex.org/A5014135477,,,,,2025
Humberto Omaña,https://orcid.org/0000-0002-0822-5031,https://openalex.org/A5024504277,,,,,"2024, 2023, 2022, 2021, 2020, 2019"
Alexander Wray,https://orcid.org/0000-0002-5405-2266,https://openalex.org/A5033193116,,,,,"2025, 2024, 2023, 2022, 2021, 2020, 2019"
Brett Mador,https://orcid.org/0000-0001-8146-8817,https://openalex.org/A5035348288,,,,,2024
Monidipa Dasgupta,https://orcid.org/0000-0003-3732-719X,https://openalex.org/A5041218890,,,,,"2024, 2023, 2022, 2020, 2019, 2018, 2017, 2016, 2014, 2013"
J Thornton,https://orcid.org/0000-0002-7764-2066,https://openalex.org/A5042876225,,,,,2024
Kevin Stubbs,https://orcid.org/0000-0002-1630-8427,https://openalex.org/A5043004979,,,,,"2024, 2023, 2022, 2021, 2020, 2019, 2016, 2015"
Elizabeth M. Greene,https://orcid.org/0000-0002-0121-4751,https://openalex.org/A5054987196,,,,,"2024, 2023, 2021, 2017, 2016, 2015, 2012"
Kirk Kristofferson,https://orcid.org/0000-0002-3318-0920,https://openalex.org/A5055937824,,,,,"2024, 2023, 2022, 2021"
Fiona Lovegrove,https://orcid.org/0000-0001-6994-717X,https://openalex.org/A5058181954,,,,,"2025, 2023, 2022, 2019, 2018"
Nicole Peters,https://orcid.org/0000-0001-6112-8436,https://openalex.org/A5058313324,,,,,"2024, 2023, 2022, 1981"
Sebastián Vallejo Vera,https://orcid.org/0000-0002-5848-7400,https://openalex.org/A5060263021,,,,,"2025, 2024"
Thomas Carmichael,https://orcid.org/0000-0002-4628-5940,https://openalex.org/A5064287043,,,,,"2025, 2024, 2022, 2004, 2003, 1998, 1991"
Jordan Nantais,https://orcid.org/0000-0003-3358-1983,https://openalex.org/A5069285682,http://www.scopus.com/inward/authorDetails.url?authorID=26021433400&partnerID=MN8TOARS,,,,2025
M. Kent,https://orcid.org/0009-0002-8354-4849,https://openalex.org/A5070566667,,,,,"2024, 2023, 2021, 2020"
Mitchell Stein,https://orcid.org/0000-0001-6800-9499,https://openalex.org/A5070692773,,,,,"2025, 2022, 2019, 2018, 2017, 2016, 2015, 2014"
Carolyn Tran,https://orcid.org/0000-0003-4875-2335,https://openalex.org/A5072992672,,,,,"2025, 2024, 2023, 2022, 2021"
Fraser P. Filice,,https://openalex.org/A5076482838,,,,,"2024, 2023, 2021, 2020, 2019, 2018, 2017, 2016, 2015, 2014"
Arshin Rezazadeh,https://orcid.org/0000-0003-2116-0014,https://openalex.org/A5078659032,http://www.scopus.com/inward/authorDetails.url?authorID=26639811500&partnerID=MN8TOARS,,,,"2024, 2023, 2022"
Miguel Skirzewski,https://orcid.org/0000-0002-0980-0878,https://openalex.org/A5084923375,http://www.scopus.com/inward/authorDetails.url?authorID=14030825700&partnerID=MN8TOARS,,,,"2025, 2024, 2022, 2020, 2019"
Karli M Nave,https://orcid.org/0000-0001-8672-674X,https://openalex.org/A5088178290,,,,,"2025, 2024, 2023, 2021"
Leila Bakhtiari,,https://openalex.org/A5091144840,,,,,"2024, 2022"
Jun Hyeong Park,https://orcid.org/0000-0002-0751-2258,https://openalex.org/A5101804990,,,,,"2025, 2024, 2023, 2022"
Johannes Middeke,https://orcid.org/0009-0007-6716-2433,https://openalex.org/A5103238237,,,,,"2024, 2015, 2014, 2013"
Michael J. Rieder,,https://openalex.org/A5103831725,,,,,"2024, 2020, 2019, 2018, 2016, 2015, 2014, 2013, 2011, 2010"
Ron Butler,,https://openalex.org/A5112226822,,,,,"2025, 2017, 2015, 2013, 2009, 2007, 2006, 2001, 1999"
Rongfeng Guan,,https://openalex.org/A5113702205,,,,,"2024, 2021"
Jordan S. Broberg,https://orcid.org/0000-0001-8923-8338,https://openalex.org/A5003082862,,,,,"2025, 2024, 2023, 2021, 2020, 2019, 2018, 2016"
Paul Sathiadoss,https://orcid.org/0000-0002-7460-0469,https://openalex.org/A5009831963,,,,,"2025, 2024"
Sarah Bassnett,https://orcid.org/0000-0002-6632-8450,https://openalex.org/A5010278285,,,,,"2024, 2022, 2009, 2005"
Debra Dawson,https://orcid.org/0000-0002-0681-6823,https://openalex.org/A5013547071,,,,,"2024, 2020, 2019, 2017, 2015, 2014, 2010, 2008, 2004"
Jaleel Mohammed,https://orcid.org/0000-0003-3307-9643,https://openalex.org/A5015670016,,,,,2025
Rodney K. B. Parker,https://orcid.org/0000-0002-8625-5906,https://openalex.org/A5018741266,,,,,"2024, 2017"
Sushma V. Mallik,,https://openalex.org/A5021238431,,,,,2024
Shaheer Burney,https://orcid.org/0000-0003-4393-3495,https://openalex.org/A5021717700,,,,,2025
Jason Kai,https://orcid.org/0000-0002-7074-6348,https://openalex.org/A5026821190,,,,,"2025, 2024, 2023, 2022, 2019, 2018"
Adam Koberinski,https://orcid.org/0000-0001-7605-4214,https://openalex.org/A5028711785,,,,,"2024, 2021, 2020, 2019, 2018, 2017, 2016"
Elizabeth Finneron‐Burns,https://orcid.org/0000-0002-5632-7665,https://openalex.org/A5040161760,,,,,"2025, 2024, 2023, 2021"
Marta De Felice,https://orcid.org/0000-0003-4191-1815,https://openalex.org/A5040263990,http://www.scopus.com/inward/authorDetails.url?authorID=55976508100&partnerID=MN8TOARS,,,,"2025, 2024, 2023, 2022, 2021, 2020"
Amy Basilious,https://orcid.org/0000-0003-4122-5321,https://openalex.org/A5046042849,,,,,"2025, 2024, 2023, 2022, 2021"
Ushma Jitendra Shah,https://orcid.org/0000-0002-5630-5124,https://openalex.org/A5047588221,,,,,"2025, 2024, 2023, 2022, 2021, 2020, 2017"
Paul A. Picot,,https://openalex.org/A5048823964,,,,,"2024, 2001, 2000, 1998, 1995, 1994, 1993, 1991, 1990"
Neha Mathur,https://orcid.org/0000-0002-2918-6908,https://openalex.org/A5050356048,,,,,2025
Matthew Bain,https://orcid.org/0000-0001-9779-2021,https://openalex.org/A5053839662,,,,,"2024, 2023"
Jiangyan Feng,https://orcid.org/0000-0003-0292-6758,https://openalex.org/A5058449650,,,,,"2025, 2018, 1991"
Sajit Augustine,,https://openalex.org/A5059423465,,,,,"2025, 2022, 2019"
Sourabh Jain,https://orcid.org/0000-0001-5644-9980,https://openalex.org/A5062823916,http://www.scopus.com/inward/authorDetails.url?authorID=57196008695&partnerID=MN8TOARS,,,,"2024, 2023, 2022, 2021"
Ashley L. Schormans,https://orcid.org/0000-0003-3327-6591,https://openalex.org/A5068601420,,,,,"2024, 2023, 2022, 2020, 2019, 2018, 2017, 2016, 2015"
Uzair Ali Khan,https://orcid.org/0000-0003-4021-134X,https://openalex.org/A5070198799,,,,,2025
Brendan Walshe‐Roussel,,https://openalex.org/A5072794191,,,,,"2024, 2023, 2021"
Anup Basnet,https://orcid.org/0000-0002-0558-7221,https://openalex.org/A5073148527,,,,,2024
Mehdi Qiabi,https://orcid.org/0000-0001-9428-1904,https://openalex.org/A5073617433,,,,,"2025, 2024, 2023, 2022, 2021, 2020"
Kristy Coleman,https://orcid.org/0000-0001-9077-308X,https://openalex.org/A5079362725,http://www.scopus.com/inward/authorDetails.url?authorID=57220537582&partnerID=MN8TOARS,,,,"2025, 2023, 2022, 2020, 2019, 2014"
Smriti Juriasingani,https://orcid.org/0000-0002-5455-1495,https://openalex.org/A5082122240,,,,,"2025, 2023, 2022, 2021, 2020, 2019, 2018, 2017"
Selma A. Saadaldin,https://orcid.org/0000-0002-0151-122X,https://openalex.org/A5083823578,,,,,"2025, 2024, 2023, 2022, 2021, 2020, 2014, 2013"
C. Cody Barteet,,https://openalex.org/A5087912794,,,,,"2024, 2021, 2020, 2017, 2016, 2013"
Wei Liu,,https://openalex.org/A5100431873,,,,,2024
Cam Donly,,https://openalex.org/A5111965300,,,,,"2024, 2022, 2020, 2019, 2018, 2012, 2011, 2010, 2008"
Rasna Gupta,,https://openalex.org/A5112254318,,,,,"2025, 2022, 2021, 2017, 2016, 2013"
Edith M. Peters,,https://openalex.org/A5113633188,,,,,2024
Murray Bryant,https://orcid.org/0000-0001-9864-7299,https://openalex.org/A5003777903,,,,,"2024, 2023, 2022, 2019, 2018, 2016, 2014"
L.L. Penney,,https://openalex.org/A5003925811,,,,,2025
Mary Ott,https://orcid.org/0000-0003-4010-6558,https://openalex.org/A5010234804,,,,,"2025, 2024, 2023, 2022, 2021, 2020, 2019, 2018, 2017, 2015"
Olga Shmuilovich,,https://openalex.org/A5012299527,,,,,"2024, 2021, 2020, 2019, 2018, 2016"
Karishma Desai,https://orcid.org/0000-0001-9790-1849,https://openalex.org/A5022923874,,,,,"2024, 2016"
Hayley H. A. Thorpe,https://orcid.org/0000-0002-7263-637X,https://openalex.org/A5027351294,,,,,"2024, 2023, 1980"
May Mak,https://orcid.org/0000-0002-6803-2071,https://openalex.org/A5031637256,,,,,2024
Brenda Hartman,,https://openalex.org/A5038110697,,,,,"2025, 2024, 2020, 2019"
Mark K. Lukewich,https://orcid.org/0000-0001-7738-4688,https://openalex.org/A5041329927,,,,,2024
Naeha Sharif,https://orcid.org/0000-0001-8351-6288,https://openalex.org/A5044043482,http://www.scopus.com/authid/detail.url?authorId=56005469400,,,,"2024, 2010"
Haider M. Hassan,,https://openalex.org/A5048706846,,,,,"2025, 2022, 2020, 2019, 2018, 2017"
Iordanka A. Ivanova,https://orcid.org/0000-0003-4988-3820,https://openalex.org/A5052681104,,,,,"2025, 2020, 2019, 2016, 2015, 2010, 2008, 2006, 2005, 2003"
Wonkyong Beth Lee,https://orcid.org/0000-0002-6897-0551,https://openalex.org/A5053300149,,,,,"2025, 2023, 2020, 2018, 2017, 2015, 2012"
Emmanuel Mena‐Morcillo,https://orcid.org/0000-0002-3193-0003,https://openalex.org/A5056983721,http://www.scopus.com/inward/authorDetails.url?authorID=57202422715&partnerID=MN8TOARS,,,,"2025, 2024"
Jessica P. Woolfson,https://orcid.org/0000-0002-2869-3975,https://openalex.org/A5058706261,,,,,"2024, 2023, 2022, 2021"
Roger Hudson,https://orcid.org/0000-0003-0677-427X,https://openalex.org/A5063836710,,,,,"2024, 2023, 2021, 2020, 2019, 2018, 2017"
Michael Wammes,https://orcid.org/0000-0002-4934-8855,https://openalex.org/A5066166472,,,,,"2025, 2024, 2023, 2022, 2021, 2020, 2018, 2017, 2016, 2015"
Priscila Crivellaro,https://orcid.org/0000-0003-1600-034X,https://openalex.org/A5066992956,,,,,"2025, 2024, 2023"
Evans Batung,https://orcid.org/0000-0003-1943-8646,https://openalex.org/A5068847020,,,,,"2024, 2023, 2022, 2021"
Morag F. Dick,https://orcid.org/0000-0002-7408-9656,https://openalex.org/A5070809618,,,,,"2025, 2024, 2022, 2020, 2019, 2018, 2017, 2015"
Yongqiang Deng,https://orcid.org/0000-0002-4728-4034,https://openalex.org/A5073795260,http://www.scopus.com/inward/authorDetails.url?authorID=57204195517&partnerID=MN8TOARS,,,,"2024, 2022, 2020"
Austyn D. Roseborough,https://orcid.org/0000-0001-7823-8199,https://openalex.org/A5080592486,,,,,"2025, 2024, 2023, 2022, 2021, 2020, 2019"
Molly Driediger,https://orcid.org/0000-0002-6442-9733,https://openalex.org/A5081989542,,,,,"2025, 2023, 2022, 2021, 2019, 2018, 2017, 2015, 2010, 2005"
Brigitte Charron,,https://openalex.org/A5091100827,,,,,2025
Muhammad Umair Danish,https://orcid.org/0009-0005-5728-3587,https://openalex.org/A5101355927,,,,,"2025, 2024"
Debarati Chakraborty,,https://openalex.org/A5101584347,,,,,"2024, 2023, 2022, 2021, 2019"
Nida Fatima,https://orcid.org/0009-0004-3834-9651,https://openalex.org/A5101590757,,,,,"2025, 2024"
James Fowler,https://orcid.org/0000-0002-8801-329X,https://openalex.org/A5102419473,,,,,"2025, 2024, 2023, 2022, 2021, 2018"
Mohamed A Fouda,,https://openalex.org/A5112214800,,,,,2024
Harnoor Singh,,https://openalex.org/A5112525916,,,,,2024
Naudie Douglas,,https://openalex.org/A5004205584,,,,,2025
Achuthan Aruljothy,https://orcid.org/0000-0003-3896-983X,https://openalex.org/A5005038564,http://www.scopus.com/inward/authorDetails.url?authorID=57191283767&partnerID=MN8TOARS,,,,"2024, 2023"
Sulemana Ansumah Saaka,https://orcid.org/0000-0002-2058-220X,https://openalex.org/A5006665711,,,,,"2025, 2024, 2023"
Ruoting Liu,https://orcid.org/0000-0002-1253-9711,https://openalex.org/A5014276566,,,,,"2025, 2022"
Saurabh Bhaskar Shaw,https://orcid.org/0000-0002-9887-2856,https://openalex.org/A5017878031,,,,,"2025, 2023, 2022"
Tharsan Kanagalingam,,https://openalex.org/A5023576987,,,,,"2025, 2024, 2023, 2022, 2021, 2020, 2019, 2018"
Songqi Leng,,https://openalex.org/A5023730774,,,,,"2025, 2024"
Katarina L. Huellemann,https://orcid.org/0000-0002-6549-203X,https://openalex.org/A5025624548,,,,,"2024, 2023, 2021, 2020, 2019"
Mariya I. Goncheva,https://orcid.org/0000-0001-9796-6060,https://openalex.org/A5030623005,,,,,"2024, 2023, 2022, 2021, 2020, 2019"
Rachel B. Wilson,https://orcid.org/0000-0002-4965-1192,https://openalex.org/A5031397228,,,,,"2025, 2024, 2021, 2020, 2019, 2018"
Ken Balderson,https://orcid.org/0000-0003-2221-1610,https://openalex.org/A5032111641,,,,,"2025, 2021"
Dennis Curry,https://orcid.org/0000-0002-4882-715X,https://openalex.org/A5034247068,,,,,"2024, 2022"
Holly Dupuis,,https://openalex.org/A5034995181,,,,,"2024, 2021, 2019, 2018, 2017, 2016, 2014, 2013, 2011, 2009"
Marisa Kfrerer,https://orcid.org/0000-0001-9511-5035,https://openalex.org/A5039534712,,,,,"2025, 2024, 2023, 2022, 2021, 2020, 2019, 2018"
Jamin Patel,https://orcid.org/0009-0001-7338-7467,https://openalex.org/A5041964730,,,,,"2025, 2024, 2023"
S Karnas,,https://openalex.org/A5054023273,,,,,"2024, 2009, 2007, 2001, 2000, 1999"
Christopher Jung,https://orcid.org/0000-0002-7250-836X,https://openalex.org/A5054281850,,,,,"2024, 2023"
Nouri Najjar,https://orcid.org/0000-0003-3090-9576,https://openalex.org/A5054455892,,,,,"2025, 2022, 2020, 2019"
Brendan Riggin,https://orcid.org/0000-0002-7867-8933,https://openalex.org/A5054805065,,,,,"2025, 2024, 2023, 2019, 2018, 2017, 2016"
Jessica Godin,,https://openalex.org/A5055164537,,,,,"2025, 2022"
Chris Stevenson,,https://openalex.org/A5058313010,,,,,2025
Lianghong Chen,,https://openalex.org/A5059247764,,,,,"2024, 2023, 2022"
Sheila Butler,https://orcid.org/0000-0002-5397-9051,https://openalex.org/A5060187513,,,,,"2024, 2023, 2022, 2021, 2020, 2018, 2001"
F. Aileen Costigan,,https://openalex.org/A5064353448,,,,,2025
Alan Gob,,https://openalex.org/A5066563209,,,,,"2025, 2023, 2022, 2020, 2019, 2018, 2017, 2016"
Raheef Alatassi,https://orcid.org/0000-0003-0822-1118,https://openalex.org/A5076875062,http://www.scopus.com/inward/authorDetails.url?authorID=57194695306&partnerID=MN8TOARS,,,,"2025, 2020"
Tracy Stobbe,,https://openalex.org/A5084510057,,,,,"2024, 2023, 2011, 2010, 2007"
Vanessa C. Irsik,,https://openalex.org/A5086761844,,,,,"2024, 2023, 2022, 2021, 2020, 2019"
E. Walker,https://orcid.org/0000-0002-1353-3899,https://openalex.org/A5087736797,,,,,"2025, 2024, 2023, 2022, 2021"
Rosemary Vito,https://orcid.org/0000-0002-9021-1973,https://openalex.org/A5089420246,,,,,"2025, 2024, 2023, 2022, 2021, 2020, 2019, 2018, 2017"
Maria Mathews,,https://openalex.org/A5090765580,,,,,"2025, 2024, 2023, 2022, 2021"
Lilian Kebaya,,https://openalex.org/A5090804653,,,,,"2024, 2023, 2022, 2021"
Han Su,,https://openalex.org/A5101312055,,,,,"2025, 2024, 2023"
Songxin Liang,https://orcid.org/0000-0002-5840-6455,https://openalex.org/A5101826810,,,,,"2024, 2010, 2009, 2008, 2007, 2006"
Hanping Hong,,https://openalex.org/A5103370227,,,,,"2024, 2022, 2020, 2019, 2018, 2017, 2013, 2012, 2010, 2009"
Gurpreet Malhi,,https://openalex.org/A5109328881,,,,,"2025, 2024, 2023, 2022, 2021, 2020"
Peter Ferguson,,https://openalex.org/A5110059101,,,,,"2025, 2022, 2020, 2016, 2014, 2013, 2008, 2006, 2004, 2002"
Ting Lee,,https://openalex.org/A5110100243,,,,,"2024, 2021, 2019, 1994"
Tom Miller,,https://openalex.org/A5110160072,,,,,"2024, 2017, 2015"
Cecilia Dong,,https://openalex.org/A5111925988,,,,,2025
Abdelbaset A. Elzagallaai,,https://openalex.org/A5002426112,,,,,"2024, 2023, 2022, 2021, 2019, 2018, 2017, 2016, 2014, 2013"
Mary B. Ritchie,,https://openalex.org/A5005640538,,,,,"2024, 2023, 2022, 2021, 2020, 2018, 2017, 2016"
Mariyan J. Jeyarajah,https://orcid.org/0000-0002-5150-2284,https://openalex.org/A5008772402,,,,,"2025, 2024, 2023, 2022, 2021, 2020, 2019"
Roya Tadayon,https://orcid.org/0000-0002-0555-4585,https://openalex.org/A5011996715,,,,,"2024, 2022, 2021, 2019, 1971"
Gabriel Varela‐Mattatall,https://orcid.org/0000-0001-6101-7218,https://openalex.org/A5013299977,,,,,"2025, 2024, 2023, 2021, 2020"
Christina Oh,https://orcid.org/0000-0002-6664-1420,https://openalex.org/A5017343526,,,,,2024
Christopher Macdonald Hewitt,https://orcid.org/0000-0002-3933-9242,https://openalex.org/A5020168768,,,,,"2024, 2023, 2020, 2019, 2018, 2017, 2016"
Josée Paradis,,https://openalex.org/A5021118793,,,,,"2025, 2024, 2023, 2022, 2021, 2019, 2018, 2017, 2016, 2015"
Anna‐Lisa V. Nguyen,https://orcid.org/0000-0002-7402-3438,https://openalex.org/A5027714364,,,,,"2025, 2024, 2023"
Shiran Zhong,https://orcid.org/0000-0001-7616-0797,https://openalex.org/A5033040017,,,,,"2025, 2024, 2023, 2022"
Ilana Sebbag,https://orcid.org/0000-0002-8957-5286,https://openalex.org/A5033373265,,,,,"2025, 2024, 2021, 2020, 2019, 2018, 2017, 2016, 2015"
Malihe Mehdizadeh Allaf,https://orcid.org/0000-0001-6351-9393,https://openalex.org/A5033533030,,,,,"2025, 2024, 2023, 2022, 2021, 2020, 2019"
Jennifer Barr,https://orcid.org/0000-0002-1688-730X,https://openalex.org/A5034745859,,,,,"2025, 2024, 2023, 2015, 2014"
Julia Berest,,https://openalex.org/A5035774085,,,,,"2024, 2023, 2021, 2016, 2015, 1969"
Shirley Fan,,https://openalex.org/A5041250809,,,,,2025
Courtney Brooks,,https://openalex.org/A5044418116,,,,,"2025, 2024, 2023, 2022, 2021, 2020, 2019, 2017, 2016, 2014"
Cathy Meng Fei Li,https://orcid.org/0000-0001-5982-685X,https://openalex.org/A5044776082,,,,,"2025, 2024, 2023, 2022, 2021"
Michele Barbeau,,https://openalex.org/A5045788667,,,,,"2024, 2022, 2021, 2020, 2019, 2018, 2017, 2016, 2014, 2013"
Jimmy Ng,https://orcid.org/0000-0002-9909-4494,https://openalex.org/A5047806973,,,,,2025
Evelyne Brie,https://orcid.org/0000-0001-9549-1794,https://openalex.org/A5051997879,,,,,"2024, 2023"
Shervin Pejhan,,https://openalex.org/A5052916234,,,,,"2024, 2023, 2022, 2021"
Irene Yang,https://orcid.org/0000-0001-9316-6787,https://openalex.org/A5053244236,http://www.scopus.com/inward/authorDetails.url?authorID=57201259021&partnerID=MN8TOARS,,,,2025
Albert Malkin,https://orcid.org/0000-0002-8652-6390,https://openalex.org/A5053380024,,,,,"2024, 2023"
Lesley J. Bryan,,https://openalex.org/A5053577572,,,,,2025
Dumindu Tissera,https://orcid.org/0000-0002-7461-0165,https://openalex.org/A5055449884,,,,,2025
Nedeljko Jovanovic,https://orcid.org/0000-0001-9419-6398,https://openalex.org/A5058451729,,,,,"2024, 2023, 2022, 2021, 2020"
Maitray A. Patel,https://orcid.org/0000-0003-1141-8253,https://openalex.org/A5062901150,,,,,"2025, 2024, 2023, 2022, 2021, 2020"
Nedra Peter,https://orcid.org/0000-0002-7407-995X,https://openalex.org/A5063754418,,,,,"2024, 2022, 2020, 2017, 2013"
Henok Kessete Afewerky,https://orcid.org/0000-0001-7030-3224,https://openalex.org/A5063945009,,,,,2024
Stahs Pripotnev,https://orcid.org/0000-0002-0880-6725,https://openalex.org/A5067690020,,,,,"2025, 2024, 2023, 2022, 2014, 2013"
S.F. El-Fitiany,https://orcid.org/0000-0002-8789-3088,https://openalex.org/A5069547247,,,,,"2024, 2023, 2022, 2021, 2020, 2014, 2009"
Kara Robertson,,https://openalex.org/A5074696659,,,,,"2024, 2023, 2022, 2021, 2020"
Holly S. Howe,https://orcid.org/0000-0002-1657-7475,https://openalex.org/A5074787592,http://www.scopus.com/inward/authorDetails.url?authorID=56404212100&partnerID=MN8TOARS,,,,"2025, 2024"
Andrew S. Kucey,https://orcid.org/0000-0001-9958-8964,https://openalex.org/A5074829761,,,,,"2025, 2019, 2018, 2017, 2016"
Danielle Tobin,,https://openalex.org/A5074833539,,,,,"2025, 2024, 2023, 2022, 2021, 2018, 2015, 2014, 2013, 2012"
Pirunthan Perampalam,,https://openalex.org/A5076719704,,,,,"2024, 2023, 2020, 2016"
Kyle K. Pitchers,https://orcid.org/0000-0002-9609-3445,https://openalex.org/A5077427521,,,,,"2024, 2023, 2021, 2016, 2014, 2013, 2012, 2010, 2009, 2008"
Jonathan Kusins,https://orcid.org/0000-0002-8638-402X,https://openalex.org/A5077654084,,,,,"2024, 2023, 2022, 2021, 2020, 2019, 2018, 2017, 2016"
Balraj S. Jhawar,,https://openalex.org/A5077896211,,,,,"2024, 2022, 2020, 2018, 2005, 2004, 2003"
Tristan Kuehn,https://orcid.org/0000-0002-4157-5463,https://openalex.org/A5079239589,,,,,"2024, 2023, 2022, 2021, 2020, 2019, 2018"
Ava Mehdipour,https://orcid.org/0000-0001-7984-9127,https://openalex.org/A5086332603,,,,,2025
Samantha Medwid,https://orcid.org/0000-0001-9496-0122,https://openalex.org/A5087000605,,,,,"2024, 2023, 2022, 2021, 2019, 2018, 2016"
Basil Chiasson,https://orcid.org/0000-0001-8519-2897,https://openalex.org/A5090887853,,,,,2024
Stephanie Kim,https://orcid.org/0000-0002-8452-7349,https://openalex.org/A5100613460,http://www.scopus.com/inward/authorDetails.url?authorID=56216270100&partnerID=MN8TOARS,,,,"2025, 2021"
Mobeen Ahmed,,https://openalex.org/A5101152192,,,,,"2025, 2024"
Sergio Ocampo,https://orcid.org/0000-0002-5118-7552,https://openalex.org/A5103102392,,,,,"2024, 2023, 2022"
Stephen Charles Van Hedger,,https://openalex.org/A5104166360,,,,,"2024, 2023, 2022, 2021"
Abhijit Biswas,https://orcid.org/0000-0001-6352-7844,https://openalex.org/A5109555383,,,,,"2024, 2018"
Mahmud Hasan,https://orcid.org/0000-0003-3338-8163,https://openalex.org/A5113204564,,,,,"2024, 2022, 2021, 2018, 2015"